CaseMasterID,ActID,SectionID,ActOrderID,SectionOrderID
1,BNS,303,1,1
2,BNS,115,1,1
3,BNS,303,1,1
4,IPC,420,1,1
5,BNS,115,1,1
6,NDPS,20,1,1
7,NDPS,20,1,1
8,IT,66D,1,1
9,IPC,307,1,1
10,IT,67,1,1
11,IPC,323,1,1
12,IPC,379,1,1
13,IT,66D,1,1
14,IPC,379,1,1
15,IPC,392,1,1
16,IPC,323,1,1
17,BNS,109,1,1
18,IT,66C,1,1
19,NDPS,20,1,1
20,IT,66C,1,1
21,IPC,307,1,1
22,BNS,115,1,1
23,IPC,392,1,1
24,MV,134,1,1
25,IPC,323,1,1
26,BNS,115,1,1
27,IT,66D,1,1
28,IPC,420,1,1
29,NDPS,21,1,1
30,IPC,354,1,1
31,BNS,303,1,1
32,IPC,379,1,1
33,BNS,309,1,1
34,BNS,303,1,1
35,BNS,336,1,1
36,IT,66C,1,1
37,BNS,303,1,1
38,MV,134,1,1
39,IPC,392,1,1
40,BNS,318,1,1
41,IPC,363,1,1
42,BNS,303,1,1
43,IPC,363,1,1
44,IT,66C,1,1
45,NDPS,20,1,1
46,BNS,74,1,1
47,BNS,303,1,1
48,MV,134,1,1
49,BNS,318,1,1
50,IPC,379,1,1
51,IT,66D,1,1
52,BNS,115,1,1
53,IPC,323,1,1
54,IT,66D,1,1
55,IT,66D,1,1
56,BNS,303,1,1
57,BNS,309,1,1
58,IPC,323,1,1
59,IPC,379,1,1
60,BNS,318,1,1
61,IT,66D,1,1
62,IPC,379,1,1
63,IPC,420,1,1
64,IT,66D,1,1
65,IPC,323,1,1
66,BNS,303,1,1
67,NDPS,20,1,1
68,IT,67,1,1
69,MV,134,1,1
70,BNS,318,1,1
71,IPC,379,1,1
72,IT,66D,1,1
73,BNS,331,1,1
74,IPC,323,1,1
75,BNS,137,1,1
76,IPC,323,1,1
77,IPC,302,1,1
78,IT,66C,1,1
79,IPC,379,1,1
80,IPC,379,1,1
81,IPC,420,1,1
82,BNS,318,1,1
83,BNS,303,1,1
84,BNS,103,1,1
85,IPC,323,1,1
86,IT,66C,1,1
87,BNS,309,1,1
88,IT,66C,1,1
89,IPC,392,1,1
90,IPC,457,1,1
91,BNS,331,1,1
92,IPC,379,1,1
93,IT,66C,1,1
94,BNS,318,1,1
95,IPC,379,1,1
96,IPC,323,1,1
97,IT,66C,1,1
98,IPC,323,1,1
99,IPC,457,1,1
100,IPC,323,1,1
101,BNS,303,1,1
102,IPC,420,1,1
103,BNS,303,1,1
104,BNS,115,1,1
105,IT,66D,1,1
106,IPC,354,1,1
107,IPC,457,1,1
108,IT,66C,1,1
109,IPC,420,1,1
110,IT,66D,1,1
111,IPC,363,1,1
112,IPC,323,1,1
113,IPC,354,1,1
114,MV,134,1,1
115,IPC,457,1,1
116,IPC,323,1,1
117,NDPS,20,1,1
118,BNS,74,1,1
119,IPC,420,1,1
120,BNS,115,1,1
121,IT,67,1,1
122,BNS,336,1,1
123,MV,134,1,1
124,BNS,303,1,1
125,NDPS,21,1,1
126,IPC,323,1,1
127,BNS,303,1,1
128,IT,67,1,1
129,IPC,379,1,1
130,IT,66D,1,1
131,IT,66C,1,1
132,IT,66D,1,1
133,IPC,457,1,1
134,BNS,331,1,1
135,IT,66C,1,1
136,IT,66D,1,1
137,MV,134,1,1
138,BNS,74,1,1
139,IPC,379,1,1
140,NDPS,20,1,1
141,IPC,392,1,1
142,IT,66C,1,1
143,MV,134,1,1
144,IT,66C,1,1
145,IPC,354,1,1
146,BNS,115,1,1
147,BNS,318,1,1
148,IT,66D,1,1
149,BNS,115,1,1
150,IPC,379,1,1
151,IPC,354,1,1
152,BNS,303,1,1
153,BNS,331,1,1
154,IPC,323,1,1
155,IPC,323,1,1
156,BNS,115,1,1
157,BNS,303,1,1
158,IT,66C,1,1
159,IPC,468,1,1
160,IT,66C,1,1
161,BNS,303,1,1
162,IPC,354,1,1
163,MV,134,1,1
164,IT,66C,1,1
165,BNS,115,1,1
166,IPC,420,1,1
167,BNS,331,1,1
168,IT,66D,1,1
169,BNS,303,1,1
170,IT,66D,1,1
171,IPC,379,1,1
172,IT,66D,1,1
173,BNS,303,1,1
174,IPC,323,1,1
175,BNS,336,1,1
176,IT,67,1,1
177,NDPS,21,1,1
178,IT,66D,1,1
179,IPC,420,1,1
180,IPC,323,1,1
181,IPC,323,1,1
182,IPC,323,1,1
183,IT,66C,1,1
184,BNS,115,1,1
185,IT,66D,1,1
186,NDPS,21,1,1
187,IT,66D,1,1
188,BNS,303,1,1
189,IPC,420,1,1
190,BNS,318,1,1
191,BNS,115,1,1
192,IT,66D,1,1
193,IT,66D,1,1
194,IPC,379,1,1
195,IPC,420,1,1
196,NDPS,21,1,1
197,IT,67,1,1
198,BNS,318,1,1
199,IT,66D,1,1
200,IPC,379,1,1
201,BNS,309,1,1
202,IT,66D,1,1
203,IT,66D,1,1
204,IT,67,1,1
205,IT,66D,1,1
206,BNS,309,1,1
207,BNS,309,1,1
208,IT,66D,1,1
209,IPC,379,1,1
210,IT,66D,1,1
211,BNS,331,1,1
212,IPC,392,1,1
213,IPC,323,1,1
214,IPC,307,1,1
215,MV,134,1,1
216,IPC,457,1,1
217,IPC,457,1,1
218,IPC,379,1,1
219,MV,134,1,1
220,IPC,323,1,1
221,MV,134,1,1
222,IT,66C,1,1
223,IT,66C,1,1
224,BNS,303,1,1
225,BNS,318,1,1
226,IPC,379,1,1
227,IPC,354,1,1
228,BNS,331,1,1
229,IPC,354,1,1
230,IT,66D,1,1
231,IT,66C,1,1
232,BNS,115,1,1
233,IT,66C,1,1
234,IT,67,1,1
235,BNS,318,1,1
236,BNS,331,1,1
237,IT,66D,1,1
238,NDPS,20,1,1
239,IT,67,1,1
240,BNS,115,1,1
241,IT,66C,1,1
242,IPC,392,1,1
243,NDPS,21,1,1
244,IPC,379,1,1
245,IPC,379,1,1
246,IPC,420,1,1
247,IPC,323,1,1
248,IT,66D,1,1
249,NDPS,20,1,1
250,BNS,303,1,1
251,IPC,302,1,1
252,IPC,323,1,1
253,IPC,323,1,1
254,IPC,379,1,1
255,NDPS,20,1,1
256,BNS,74,1,1
257,BNS,115,1,1
258,BNS,303,1,1
259,IPC,468,1,1
260,BNS,331,1,1
261,IPC,379,1,1
262,BNS,309,1,1
263,BNS,303,1,1
264,BNS,109,1,1
265,IT,66C,1,1
266,IPC,420,1,1
267,IPC,323,1,1
268,BNS,115,1,1
269,IT,66D,1,1
270,IPC,307,1,1
271,IPC,323,1,1
272,IPC,379,1,1
273,IPC,420,1,1
274,BNS,303,1,1
275,BNS,318,1,1
276,IPC,323,1,1
277,BNS,74,1,1
278,IPC,354,1,1
279,IPC,468,1,1
280,IT,66C,1,1
281,IPC,392,1,1
282,IT,66D,1,1
283,IPC,323,1,1
284,IPC,379,1,1
285,IPC,420,1,1
286,IT,66C,1,1
287,IT,66D,1,1
288,IPC,379,1,1
289,MV,134,1,1
290,IPC,379,1,1
291,NDPS,20,1,1
292,IT,66D,1,1
293,BNS,318,1,1
294,IPC,379,1,1
295,IT,66D,1,1
296,BNS,303,1,1
297,IPC,379,1,1
298,BNS,303,1,1
299,MV,134,1,1
300,IT,66D,1,1
301,IPC,379,1,1
302,IPC,323,1,1
303,BNS,309,1,1
304,BNS,318,1,1
305,BNS,303,1,1
306,IPC,354,1,1
307,IT,66D,1,1
308,IPC,354,1,1
309,BNS,331,1,1
310,BNS,74,1,1
311,IPC,323,1,1
312,IT,66D,1,1
313,MV,134,1,1
314,IPC,420,1,1
315,IT,66D,1,1
316,IPC,468,1,1
317,BNS,303,1,1
318,IPC,323,1,1
319,BNS,303,1,1
320,IT,66C,1,1
321,IT,66D,1,1
322,IPC,392,1,1
323,NDPS,21,1,1
324,NDPS,20,1,1
325,IPC,379,1,1
326,IPC,323,1,1
327,BNS,331,1,1
328,BNS,303,1,1
329,IPC,363,1,1
330,BNS,115,1,1
331,IPC,323,1,1
332,IT,66C,1,1
333,IPC,420,1,1
334,BNS,318,1,1
335,IT,66D,1,1
336,BNS,303,1,1
337,BNS,303,1,1
338,IT,66D,1,1
339,NDPS,20,1,1
340,MV,134,1,1
341,IPC,420,1,1
342,IPC,420,1,1
343,BNS,336,1,1
344,IT,67,1,1
345,BNS,115,1,1
346,BNS,336,1,1
347,IPC,323,1,1
348,IT,66D,1,1
349,IT,67,1,1
350,IPC,457,1,1
351,IT,66D,1,1
352,IT,66D,1,1
353,IT,66C,1,1
354,BNS,331,1,1
355,IPC,323,1,1
356,IPC,379,1,1
357,BNS,318,1,1
358,IT,67,1,1
359,IT,66D,1,1
360,IT,66D,1,1
361,MV,134,1,1
362,MV,134,1,1
363,IPC,302,1,1
364,IT,66D,1,1
365,IT,66D,1,1
366,NDPS,20,1,1
367,BNS,115,1,1
368,MV,134,1,1
369,NDPS,20,1,1
370,NDPS,21,1,1
371,IPC,468,1,1
372,NDPS,20,1,1
373,BNS,115,1,1
374,IPC,323,1,1
375,BNS,318,1,1
376,IT,67,1,1
377,NDPS,20,1,1
378,BNS,137,1,1
379,IT,66C,1,1
380,IPC,420,1,1
381,BNS,115,1,1
382,IPC,323,1,1
383,BNS,318,1,1
384,BNS,309,1,1
385,IPC,379,1,1
386,BNS,331,1,1
387,IPC,392,1,1
388,BNS,309,1,1
389,IT,66C,1,1
390,IT,66D,1,1
391,IT,66D,1,1
392,IPC,323,1,1
393,IT,66D,1,1
394,BNS,103,1,1
395,IPC,307,1,1
396,MV,134,1,1
397,IPC,457,1,1
398,IPC,354,1,1
399,IPC,379,1,1
400,BNS,303,1,1
401,BNS,303,1,1
402,BNS,303,1,1
403,BNS,74,1,1
404,IPC,379,1,1
405,IT,66D,1,1
406,IT,66D,1,1
407,IPC,323,1,1
408,IPC,392,1,1
409,IT,66D,1,1
410,IT,66D,1,1
411,BNS,309,1,1
412,IPC,379,1,1
413,BNS,331,1,1
414,BNS,115,1,1
415,IPC,468,1,1
416,IPC,323,1,1
417,BNS,303,1,1
418,IT,66D,1,1
419,IPC,379,1,1
420,IT,66D,1,1
421,MV,134,1,1
422,IPC,323,1,1
423,BNS,309,1,1
424,BNS,303,1,1
425,IT,67,1,1
426,IT,66D,1,1
427,IT,66C,1,1
428,IPC,392,1,1
429,IPC,379,1,1
430,BNS,303,1,1
431,IT,67,1,1
432,BNS,115,1,1
433,IPC,392,1,1
434,NDPS,20,1,1
435,IPC,379,1,1
436,IT,66D,1,1
437,IPC,457,1,1
438,IPC,307,1,1
439,BNS,109,1,1
440,BNS,318,1,1
441,BNS,115,1,1
442,NDPS,20,1,1
443,BNS,115,1,1
444,IPC,354,1,1
445,IPC,468,1,1
446,IT,66C,1,1
447,IPC,468,1,1
448,IT,66D,1,1
449,IT,66D,1,1
450,IPC,379,1,1
451,NDPS,20,1,1
452,BNS,303,1,1
453,IPC,323,1,1
454,IPC,379,1,1
455,MV,134,1,1
456,IT,66D,1,1
457,IT,67,1,1
458,MV,134,1,1
459,NDPS,20,1,1
460,BNS,303,1,1
461,IT,66D,1,1
462,IT,67,1,1
463,IPC,457,1,1
464,NDPS,21,1,1
465,IPC,323,1,1
466,NDPS,21,1,1
467,IPC,323,1,1
468,BNS,137,1,1
469,IT,66D,1,1
470,IPC,379,1,1
471,NDPS,20,1,1
472,BNS,309,1,1
473,MV,134,1,1
474,IPC,379,1,1
475,MV,134,1,1
476,IPC,323,1,1
477,BNS,303,1,1
478,BNS,115,1,1
479,BNS,309,1,1
480,IPC,379,1,1
481,IPC,323,1,1
482,IT,66C,1,1
483,MV,134,1,1
484,IT,66D,1,1
485,IPC,379,1,1
486,BNS,318,1,1
487,IT,66D,1,1
488,BNS,109,1,1
489,BNS,115,1,1
490,IPC,392,1,1
491,BNS,115,1,1
492,IT,66D,1,1
493,BNS,115,1,1
494,BNS,331,1,1
495,MV,134,1,1
496,IPC,379,1,1
497,IT,66C,1,1
498,BNS,303,1,1
499,IT,67,1,1
500,IPC,323,1,1
501,BNS,74,1,1
502,IPC,323,1,1
503,IPC,323,1,1
504,BNS,109,1,1
505,BNS,137,1,1
506,BNS,137,1,1
507,BNS,318,1,1
508,BNS,331,1,1
509,NDPS,21,1,1
510,BNS,318,1,1
511,IPC,392,1,1
512,BNS,115,1,1
513,BNS,331,1,1
514,BNS,309,1,1
515,IT,66C,1,1
516,IPC,379,1,1
517,IT,66D,1,1
518,BNS,115,1,1
519,IT,66D,1,1
520,IPC,420,1,1
521,IPC,379,1,1
522,IPC,323,1,1
523,IPC,457,1,1
524,IPC,379,1,1
525,IPC,323,1,1
526,IT,66C,1,1
527,IT,66D,1,1
528,NDPS,21,1,1
529,BNS,303,1,1
530,BNS,318,1,1
531,BNS,103,1,1
532,IPC,392,1,1
533,IPC,379,1,1
534,IPC,457,1,1
535,BNS,115,1,1
536,IT,66D,1,1
537,NDPS,20,1,1
538,IPC,379,1,1
539,IT,66D,1,1
540,IPC,420,1,1
541,NDPS,21,1,1
542,IPC,392,1,1
543,BNS,336,1,1
544,IPC,392,1,1
545,IT,66D,1,1
546,IT,67,1,1
547,MV,134,1,1
548,IPC,457,1,1
549,BNS,115,1,1
550,MV,134,1,1
551,IPC,379,1,1
552,IPC,323,1,1
553,IT,66D,1,1
554,IT,66C,1,1
555,IT,66D,1,1
556,IT,66D,1,1
557,IPC,323,1,1
558,IT,66C,1,1
559,IPC,323,1,1
560,IT,66D,1,1
561,NDPS,20,1,1
562,BNS,303,1,1
563,IT,66C,1,1
564,NDPS,20,1,1
565,BNS,303,1,1
566,IT,66C,1,1
567,BNS,109,1,1
568,IPC,379,1,1
569,IPC,379,1,1
570,MV,134,1,1
571,IT,66D,1,1
572,BNS,74,1,1
573,IPC,307,1,1
574,BNS,336,1,1
575,IPC,379,1,1
576,IPC,363,1,1
577,IPC,323,1,1
578,BNS,303,1,1
579,IT,66D,1,1
580,IPC,363,1,1
581,IT,66D,1,1
582,BNS,303,1,1
583,IT,66D,1,1
584,IPC,379,1,1
585,IPC,323,1,1
586,IT,66C,1,1
587,BNS,115,1,1
588,MV,134,1,1
589,IT,66C,1,1
590,IPC,379,1,1
591,IPC,379,1,1
592,BNS,115,1,1
593,IPC,379,1,1
594,IPC,379,1,1
595,MV,134,1,1
596,IPC,323,1,1
597,IT,66D,1,1
598,IT,66D,1,1
599,BNS,303,1,1
600,IPC,323,1,1
601,IPC,392,1,1
602,IPC,323,1,1
603,BNS,309,1,1
604,IT,66C,1,1
605,IT,66C,1,1
606,MV,134,1,1
607,IT,66C,1,1
608,IPC,379,1,1
609,IPC,323,1,1
610,IPC,323,1,1
611,MV,134,1,1
612,IPC,323,1,1
613,BNS,331,1,1
614,BNS,115,1,1
615,BNS,336,1,1
616,IPC,323,1,1
617,BNS,318,1,1
618,BNS,137,1,1
619,IT,66C,1,1
620,IPC,323,1,1
621,BNS,331,1,1
622,BNS,318,1,1
623,IPC,323,1,1
624,IPC,379,1,1
625,IT,66C,1,1
626,IT,66D,1,1
627,BNS,318,1,1
628,IT,66C,1,1
629,IT,66D,1,1
630,IPC,420,1,1
631,IPC,392,1,1
632,IPC,379,1,1
633,BNS,303,1,1
634,IPC,392,1,1
635,BNS,74,1,1
636,IT,66D,1,1
637,IPC,323,1,1
638,IT,66D,1,1
639,IPC,323,1,1
640,IPC,392,1,1
641,IT,66D,1,1
642,IT,66D,1,1
643,IT,66D,1,1
644,IPC,468,1,1
645,BNS,331,1,1
646,IPC,379,1,1
647,IT,66D,1,1
648,BNS,309,1,1
649,IT,66C,1,1
650,BNS,303,1,1
651,IT,66D,1,1
652,IPC,323,1,1
653,BNS,318,1,1
654,IPC,392,1,1
655,MV,134,1,1
656,IPC,392,1,1
657,BNS,103,1,1
658,IPC,323,1,1
659,IT,67,1,1
660,IT,66C,1,1
661,BNS,303,1,1
662,IT,66C,1,1
663,IPC,379,1,1
664,IT,66D,1,1
665,IT,66D,1,1
666,IPC,379,1,1
667,BNS,115,1,1
668,BNS,318,1,1
669,IT,66C,1,1
670,IPC,323,1,1
671,IPC,457,1,1
672,IT,66D,1,1
673,IT,66C,1,1
674,IPC,379,1,1
675,IT,66D,1,1
676,IT,66C,1,1
677,IT,66D,1,1
678,IT,66D,1,1
679,IT,67,1,1
680,BNS,303,1,1
681,BNS,309,1,1
682,IPC,457,1,1
683,IPC,379,1,1
684,IPC,323,1,1
685,IT,66D,1,1
686,BNS,336,1,1
687,IPC,468,1,1
688,BNS,303,1,1
689,IT,66D,1,1
690,BNS,115,1,1
691,IT,66D,1,1
692,MV,134,1,1
693,BNS,103,1,1
694,IPC,363,1,1
695,IPC,323,1,1
696,IPC,420,1,1
697,IT,67,1,1
698,IT,66D,1,1
699,BNS,115,1,1
700,BNS,331,1,1
701,BNS,115,1,1
702,IPC,363,1,1
703,BNS,115,1,1
704,BNS,331,1,1
705,IPC,379,1,1
706,IPC,363,1,1
707,IT,66D,1,1
708,BNS,309,1,1
709,IPC,392,1,1
710,IPC,457,1,1
711,IPC,354,1,1
712,IT,66D,1,1
713,IPC,392,1,1
714,BNS,318,1,1
715,BNS,115,1,1
716,IPC,323,1,1
717,IPC,323,1,1
718,BNS,318,1,1
719,MV,134,1,1
720,BNS,74,1,1
721,IPC,457,1,1
722,IT,66D,1,1
723,BNS,303,1,1
724,NDPS,21,1,1
725,IPC,323,1,1
726,IPC,420,1,1
727,IT,66C,1,1
728,IT,66C,1,1
729,NDPS,20,1,1
730,IPC,379,1,1
731,IPC,457,1,1
732,IPC,379,1,1
733,IT,66D,1,1
734,BNS,331,1,1
735,IPC,354,1,1
736,IT,66D,1,1
737,BNS,303,1,1
738,MV,134,1,1
739,IPC,379,1,1
740,MV,134,1,1
741,NDPS,20,1,1
742,IPC,379,1,1
743,IPC,457,1,1
744,IT,66D,1,1
745,IT,66D,1,1
746,IT,66D,1,1
747,BNS,303,1,1
748,BNS,303,1,1
749,IPC,323,1,1
750,IT,66D,1,1
751,IT,66D,1,1
752,BNS,331,1,1
753,BNS,309,1,1
754,NDPS,20,1,1
755,IPC,379,1,1
756,IPC,323,1,1
757,IT,66D,1,1
758,BNS,137,1,1
759,MV,134,1,1
760,BNS,115,1,1
761,BNS,303,1,1
762,IT,66C,1,1
763,MV,134,1,1
764,IT,66D,1,1
765,BNS,331,1,1
766,IT,66D,1,1
767,BNS,115,1,1
768,IPC,392,1,1
769,MV,134,1,1
770,IPC,420,1,1
771,IPC,457,1,1
772,IT,66D,1,1
773,BNS,318,1,1
774,IPC,379,1,1
775,BNS,303,1,1
776,IT,66D,1,1
777,NDPS,21,1,1
778,MV,134,1,1
779,BNS,331,1,1
780,IPC,354,1,1
781,BNS,331,1,1
782,IT,66C,1,1
783,IT,67,1,1
784,IPC,420,1,1
785,IT,66D,1,1
786,IPC,420,1,1
787,BNS,115,1,1
788,IT,66D,1,1
789,IPC,457,1,1
790,BNS,309,1,1
791,BNS,115,1,1
792,IT,66D,1,1
793,IPC,379,1,1
794,NDPS,21,1,1
795,BNS,331,1,1
796,BNS,309,1,1
797,IPC,379,1,1
798,IT,66D,1,1
799,BNS,318,1,1
800,IPC,420,1,1
801,BNS,74,1,1
802,IPC,323,1,1
803,IT,66D,1,1
804,BNS,303,1,1
805,IT,66D,1,1
806,IPC,323,1,1
807,BNS,115,1,1
808,IT,66D,1,1
809,BNS,336,1,1
810,BNS,318,1,1
811,IPC,323,1,1
812,MV,134,1,1
813,IPC,379,1,1
814,IPC,457,1,1
815,BNS,137,1,1
816,BNS,115,1,1
817,IT,66C,1,1
818,IT,66D,1,1
819,IPC,323,1,1
820,NDPS,20,1,1
821,IPC,420,1,1
822,IPC,379,1,1
823,IT,67,1,1
824,IPC,323,1,1
825,IT,66D,1,1
826,IT,66C,1,1
827,IPC,392,1,1
828,BNS,103,1,1
829,IT,66C,1,1
830,IPC,307,1,1
831,BNS,336,1,1
832,BNS,336,1,1
833,IPC,379,1,1
834,IPC,468,1,1
835,IPC,379,1,1
836,IPC,392,1,1
837,BNS,318,1,1
838,IPC,323,1,1
839,IT,66C,1,1
840,IPC,302,1,1
841,BNS,303,1,1
842,IT,66D,1,1
843,IPC,468,1,1
844,IPC,379,1,1
845,IPC,392,1,1
846,IT,66C,1,1
847,BNS,115,1,1
848,BNS,303,1,1
849,IT,66C,1,1
850,IPC,323,1,1
851,IPC,457,1,1
852,IT,66D,1,1
853,IPC,379,1,1
854,IT,66D,1,1
855,NDPS,21,1,1
856,IT,66C,1,1
857,IT,66D,1,1
858,MV,134,1,1
859,NDPS,21,1,1
860,IPC,392,1,1
861,IT,66D,1,1
862,IT,66D,1,1
863,BNS,115,1,1
864,IPC,379,1,1
865,IT,66D,1,1
866,MV,134,1,1
867,IPC,392,1,1
868,BNS,331,1,1
869,IPC,420,1,1
870,IPC,457,1,1
871,MV,134,1,1
872,MV,134,1,1
873,IPC,323,1,1
874,BNS,303,1,1
875,BNS,303,1,1
876,IT,66D,1,1
877,IPC,392,1,1
878,IPC,379,1,1
879,IPC,392,1,1
880,IPC,379,1,1
881,IPC,420,1,1
882,IPC,323,1,1
883,IT,66C,1,1
884,IT,66D,1,1
885,BNS,74,1,1
886,IT,66D,1,1
887,IPC,379,1,1
888,MV,134,1,1
889,BNS,303,1,1
890,BNS,309,1,1
891,BNS,109,1,1
892,IPC,468,1,1
893,MV,134,1,1
894,IT,66D,1,1
895,IT,66D,1,1
896,IPC,379,1,1
897,IPC,379,1,1
898,IPC,323,1,1
899,BNS,318,1,1
900,IT,66D,1,1
901,IPC,392,1,1
902,IT,66D,1,1
903,IPC,420,1,1
904,IPC,392,1,1
905,IT,67,1,1
906,MV,134,1,1
907,IPC,457,1,1
908,IPC,379,1,1
909,IT,66D,1,1
910,IT,66D,1,1
911,IPC,468,1,1
912,IPC,379,1,1
913,BNS,115,1,1
914,BNS,115,1,1
915,BNS,303,1,1
916,BNS,115,1,1
917,BNS,74,1,1
918,IT,66C,1,1
919,IPC,379,1,1
920,IPC,323,1,1
921,IPC,323,1,1
922,IT,66D,1,1
923,IT,66D,1,1
924,IPC,323,1,1
925,BNS,115,1,1
926,IT,66D,1,1
927,BNS,309,1,1
928,IT,66D,1,1
929,BNS,115,1,1
930,IPC,379,1,1
931,IT,66D,1,1
932,IT,66C,1,1
933,IT,66D,1,1
934,NDPS,20,1,1
935,BNS,115,1,1
936,MV,134,1,1
937,IT,66D,1,1
938,NDPS,21,1,1
939,BNS,318,1,1
940,IT,66C,1,1
941,IPC,379,1,1
942,NDPS,20,1,1
943,IPC,420,1,1
944,IT,66D,1,1
945,IPC,379,1,1
946,IT,67,1,1
947,IT,66C,1,1
948,NDPS,20,1,1
949,MV,134,1,1
950,BNS,115,1,1
951,IT,66C,1,1
952,IPC,302,1,1
953,NDPS,20,1,1
954,BNS,115,1,1
955,NDPS,20,1,1
956,IPC,420,1,1
957,IT,66D,1,1
958,BNS,318,1,1
959,BNS,115,1,1
960,MV,134,1,1
961,IPC,323,1,1
962,IT,66D,1,1
963,BNS,137,1,1
964,IPC,379,1,1
965,IT,66D,1,1
966,BNS,115,1,1
967,IT,66C,1,1
968,IT,66D,1,1
969,IT,66D,1,1
970,IPC,302,1,1
971,BNS,331,1,1
972,NDPS,21,1,1
973,IT,66D,1,1
974,MV,134,1,1
975,IT,66D,1,1
976,IPC,379,1,1
977,IPC,392,1,1
978,IT,66D,1,1
979,BNS,103,1,1
980,IT,66D,1,1
981,BNS,303,1,1
982,IPC,323,1,1
983,IT,66C,1,1
984,IPC,379,1,1
985,IPC,420,1,1
986,BNS,303,1,1
987,IPC,323,1,1
988,IPC,354,1,1
989,IT,66D,1,1
990,IT,66C,1,1
991,BNS,303,1,1
992,BNS,303,1,1
993,BNS,303,1,1
994,BNS,74,1,1
995,IT,66D,1,1
996,BNS,303,1,1
997,IPC,323,1,1
998,IPC,379,1,1
999,NDPS,21,1,1
1000,BNS,115,1,1
1001,IT,66D,1,1
1002,BNS,303,1,1
1003,IT,66D,1,1
1004,IPC,379,1,1
1005,NDPS,20,1,1
1006,BNS,303,1,1
1007,BNS,331,1,1
1008,IT,66D,1,1
1009,BNS,115,1,1
1010,BNS,115,1,1
1011,BNS,115,1,1
1012,IT,66C,1,1
1013,BNS,303,1,1
1014,IPC,420,1,1
1015,IT,66C,1,1
1016,IT,66C,1,1
1017,MV,134,1,1
1018,IT,66C,1,1
1019,IPC,323,1,1
1020,IPC,354,1,1
1021,IPC,354,1,1
1022,IPC,379,1,1
1023,IT,66C,1,1
1024,IPC,323,1,1
1025,IPC,363,1,1
1026,BNS,115,1,1
1027,IPC,323,1,1
1028,MV,134,1,1
1029,BNS,303,1,1
1030,IT,66D,1,1
1031,IPC,323,1,1
1032,IT,67,1,1
1033,IT,66D,1,1
1034,BNS,303,1,1
1035,IT,66C,1,1
1036,IT,66D,1,1
1037,IT,66C,1,1
1038,NDPS,21,1,1
1039,BNS,109,1,1
1040,IT,66C,1,1
1041,IPC,323,1,1
1042,NDPS,20,1,1
1043,BNS,331,1,1
1044,IPC,379,1,1
1045,NDPS,20,1,1
1046,MV,134,1,1
1047,BNS,309,1,1
1048,NDPS,20,1,1
1049,IPC,468,1,1
1050,IT,66D,1,1
1051,IPC,457,1,1
1052,IT,66D,1,1
1053,MV,134,1,1
1054,IT,67,1,1
1055,BNS,74,1,1
1056,BNS,137,1,1
1057,BNS,74,1,1
1058,IT,66D,1,1
1059,IPC,379,1,1
1060,IPC,379,1,1
1061,BNS,115,1,1
1062,NDPS,20,1,1
1063,IT,66C,1,1
1064,BNS,318,1,1
1065,IT,66D,1,1
1066,BNS,303,1,1
1067,IT,66C,1,1
1068,MV,134,1,1
1069,IPC,392,1,1
1070,BNS,103,1,1
1071,IPC,379,1,1
1072,BNS,303,1,1
1073,BNS,303,1,1
1074,IPC,468,1,1
1075,IT,66D,1,1
1076,IPC,379,1,1
1077,IT,66D,1,1
1078,NDPS,20,1,1
1079,NDPS,20,1,1
1080,IPC,379,1,1
1081,BNS,318,1,1
1082,IPC,379,1,1
1083,IPC,392,1,1
1084,IT,66D,1,1
1085,IPC,457,1,1
1086,IPC,468,1,1
1087,IPC,379,1,1
1088,IPC,420,1,1
1089,BNS,309,1,1
1090,IPC,323,1,1
1091,IPC,323,1,1
1092,IPC,323,1,1
1093,BNS,318,1,1
1094,IT,66D,1,1
1095,IPC,392,1,1
1096,MV,134,1,1
1097,BNS,318,1,1
1098,IPC,302,1,1
1099,BNS,115,1,1
1100,IPC,379,1,1
1101,IPC,323,1,1
1102,IT,66D,1,1
1103,IT,66D,1,1
1104,IT,66D,1,1
1105,IT,66D,1,1
1106,IPC,379,1,1
1107,IT,66D,1,1
1108,IPC,379,1,1
1109,IT,66D,1,1
1110,IPC,392,1,1
1111,MV,134,1,1
1112,IPC,392,1,1
1113,IPC,379,1,1
1114,IT,66C,1,1
1115,IT,66D,1,1
1116,MV,134,1,1
1117,IPC,392,1,1
1118,BNS,309,1,1
1119,IPC,468,1,1
1120,IPC,323,1,1
1121,IT,66C,1,1
1122,IPC,379,1,1
1123,BNS,115,1,1
1124,IPC,457,1,1
1125,IT,66D,1,1
1126,NDPS,20,1,1
1127,IPC,363,1,1
1128,IPC,379,1,1
1129,IPC,457,1,1
1130,NDPS,20,1,1
1131,IPC,379,1,1
1132,IPC,392,1,1
1133,BNS,103,1,1
1134,IT,66D,1,1
1135,IT,66D,1,1
1136,BNS,115,1,1
1137,MV,134,1,1
1138,BNS,115,1,1
1139,BNS,309,1,1
1140,IT,66C,1,1
1141,IPC,379,1,1
1142,BNS,74,1,1
1143,MV,134,1,1
1144,IPC,420,1,1
1145,IPC,354,1,1
1146,IT,66D,1,1
1147,BNS,303,1,1
1148,IT,66D,1,1
1149,IT,66C,1,1
1150,IPC,323,1,1
1151,IPC,379,1,1
1152,IT,67,1,1
1153,IT,66C,1,1
1154,IT,66D,1,1
1155,NDPS,20,1,1
1156,IPC,323,1,1
1157,NDPS,20,1,1
1158,IT,67,1,1
1159,IPC,379,1,1
1160,IPC,363,1,1
1161,BNS,109,1,1
1162,MV,134,1,1
1163,BNS,115,1,1
1164,IPC,379,1,1
1165,IPC,354,1,1
1166,IT,66C,1,1
1167,IPC,323,1,1
1168,MV,134,1,1
1169,IPC,323,1,1
1170,IT,66D,1,1
1171,IT,66D,1,1
1172,IPC,323,1,1
1173,IPC,379,1,1
1174,IT,66D,1,1
1175,BNS,331,1,1
1176,IT,66D,1,1
1177,IT,66D,1,1
1178,IPC,457,1,1
1179,MV,134,1,1
1180,BNS,331,1,1
1181,IT,66D,1,1
1182,BNS,115,1,1
1183,BNS,303,1,1
1184,IPC,379,1,1
1185,BNS,309,1,1
1186,BNS,303,1,1
1187,IPC,307,1,1
1188,NDPS,20,1,1
1189,MV,134,1,1
1190,IPC,420,1,1
1191,IT,66D,1,1
1192,IT,66D,1,1
1193,BNS,331,1,1
1194,NDPS,20,1,1
1195,NDPS,20,1,1
1196,IPC,379,1,1
1197,BNS,115,1,1
1198,IPC,323,1,1
1199,IPC,379,1,1
1200,IT,66C,1,1
1201,IT,67,1,1
1202,IPC,323,1,1
1203,BNS,318,1,1
1204,NDPS,20,1,1
1205,IT,66D,1,1
1206,BNS,303,1,1
1207,IPC,468,1,1
1208,IPC,323,1,1
1209,MV,134,1,1
1210,IT,66C,1,1
1211,IPC,457,1,1
1212,IPC,379,1,1
1213,IPC,392,1,1
1214,IT,66C,1,1
1215,IPC,354,1,1
1216,BNS,309,1,1
1217,BNS,115,1,1
1218,MV,134,1,1
1219,IPC,457,1,1
1220,IT,66D,1,1
1221,BNS,331,1,1
1222,BNS,303,1,1
1223,BNS,115,1,1
1224,IPC,354,1,1
1225,IT,66D,1,1
1226,IPC,468,1,1
1227,IPC,392,1,1
1228,IT,66D,1,1
1229,BNS,74,1,1
1230,MV,134,1,1
1231,IT,66D,1,1
1232,MV,134,1,1
1233,IPC,457,1,1
1234,IPC,392,1,1
1235,IT,66D,1,1
1236,IPC,457,1,1
1237,BNS,331,1,1
1238,IT,67,1,1
1239,IT,66D,1,1
1240,IT,66C,1,1
1241,IT,66D,1,1
1242,BNS,303,1,1
1243,IPC,379,1,1
1244,BNS,115,1,1
1245,IPC,379,1,1
1246,BNS,109,1,1
1247,IT,66D,1,1
1248,IT,66D,1,1
1249,IPC,457,1,1
1250,NDPS,21,1,1
1251,MV,134,1,1
1252,BNS,303,1,1
1253,BNS,303,1,1
1254,BNS,318,1,1
1255,IT,66C,1,1
1256,IPC,302,1,1
1257,BNS,303,1,1
1258,IPC,354,1,1
1259,NDPS,21,1,1
1260,IPC,323,1,1
1261,IPC,323,1,1
1262,IT,67,1,1
1263,IPC,468,1,1
1264,NDPS,20,1,1
1265,IPC,379,1,1
1266,IPC,323,1,1
1267,BNS,318,1,1
1268,BNS,115,1,1
1269,BNS,303,1,1
1270,IPC,379,1,1
1271,NDPS,20,1,1
1272,BNS,115,1,1
1273,MV,134,1,1
1274,BNS,309,1,1
1275,IPC,379,1,1
1276,BNS,318,1,1
1277,IPC,379,1,1
1278,BNS,331,1,1
1279,BNS,74,1,1
1280,IPC,323,1,1
1281,IPC,354,1,1
1282,IPC,457,1,1
1283,BNS,303,1,1
1284,IPC,457,1,1
1285,IPC,420,1,1
1286,IT,66D,1,1
1287,IPC,379,1,1
1288,BNS,331,1,1
1289,MV,134,1,1
1290,IPC,323,1,1
1291,BNS,318,1,1
1292,IPC,379,1,1
1293,IPC,457,1,1
1294,IT,66C,1,1
1295,IPC,323,1,1
1296,BNS,309,1,1
1297,IPC,323,1,1
1298,BNS,318,1,1
1299,IPC,302,1,1
1300,BNS,303,1,1
1301,IT,66C,1,1
1302,IPC,323,1,1
1303,IT,66D,1,1
1304,BNS,318,1,1
1305,IT,67,1,1
1306,IT,66C,1,1
1307,BNS,137,1,1
1308,IPC,379,1,1
1309,IT,66D,1,1
1310,IT,67,1,1
1311,MV,134,1,1
1312,IT,66C,1,1
1313,IT,66D,1,1
1314,IT,66D,1,1
1315,NDPS,21,1,1
1316,IPC,323,1,1
1317,IPC,392,1,1
1318,IT,66D,1,1
1319,BNS,309,1,1
1320,NDPS,21,1,1
1321,IPC,323,1,1
1322,NDPS,20,1,1
1323,BNS,303,1,1
1324,BNS,115,1,1
1325,IPC,323,1,1
1326,IPC,420,1,1
1327,BNS,303,1,1
1328,IPC,323,1,1
1329,NDPS,21,1,1
1330,IPC,323,1,1
1331,IT,66D,1,1
1332,IT,67,1,1
1333,IPC,379,1,1
1334,IT,66D,1,1
1335,MV,134,1,1
1336,BNS,303,1,1
1337,BNS,318,1,1
1338,IT,66D,1,1
1339,IPC,363,1,1
1340,IT,67,1,1
1341,BNS,303,1,1
1342,IPC,323,1,1
1343,IT,66D,1,1
1344,IT,66D,1,1
1345,BNS,137,1,1
1346,BNS,336,1,1
1347,NDPS,20,1,1
1348,IPC,323,1,1
1349,BNS,318,1,1
1350,IT,66D,1,1
1351,IPC,302,1,1
1352,BNS,331,1,1
1353,BNS,318,1,1
1354,IPC,379,1,1
1355,IPC,323,1,1
1356,IPC,392,1,1
1357,IT,67,1,1
1358,NDPS,21,1,1
1359,BNS,303,1,1
1360,IPC,420,1,1
1361,BNS,115,1,1
1362,IPC,323,1,1
1363,MV,134,1,1
1364,BNS,303,1,1
1365,IPC,468,1,1
1366,BNS,318,1,1
1367,MV,134,1,1
1368,IPC,323,1,1
1369,IPC,457,1,1
1370,BNS,74,1,1
1371,IT,67,1,1
1372,IPC,379,1,1
1373,BNS,74,1,1
1374,IPC,323,1,1
1375,IT,66D,1,1
1376,IPC,354,1,1
1377,IPC,420,1,1
1378,IPC,323,1,1
1379,MV,134,1,1
1380,BNS,331,1,1
1381,IPC,323,1,1
1382,IT,66C,1,1
1383,IPC,363,1,1
1384,IPC,323,1,1
1385,IT,66C,1,1
1386,IPC,379,1,1
1387,IT,66C,1,1
1388,IPC,392,1,1
1389,MV,134,1,1
1390,BNS,115,1,1
1391,IT,66D,1,1
1392,IPC,457,1,1
1393,IPC,379,1,1
1394,BNS,336,1,1
1395,IT,66D,1,1
1396,IT,66D,1,1
1397,BNS,115,1,1
1398,BNS,336,1,1
1399,IPC,468,1,1
1400,BNS,331,1,1
1401,IT,66D,1,1
1402,IPC,392,1,1
1403,BNS,331,1,1
1404,IPC,379,1,1
1405,IT,66D,1,1
1406,IT,67,1,1
1407,BNS,318,1,1
1408,IT,66D,1,1
1409,IPC,323,1,1
1410,IPC,392,1,1
1411,IT,66D,1,1
1412,IPC,323,1,1
1413,NDPS,20,1,1
1414,IPC,323,1,1
1415,IT,66D,1,1
1416,BNS,74,1,1
1417,NDPS,21,1,1
1418,IPC,457,1,1
1419,BNS,336,1,1
1420,NDPS,21,1,1
1421,IPC,379,1,1
1422,BNS,115,1,1
1423,IPC,379,1,1
1424,BNS,303,1,1
1425,IPC,354,1,1
1426,IT,66C,1,1
1427,IT,66C,1,1
1428,IT,66D,1,1
1429,IT,66D,1,1
1430,IPC,363,1,1
1431,NDPS,20,1,1
1432,IPC,323,1,1
1433,BNS,115,1,1
1434,IPC,379,1,1
1435,IPC,354,1,1
1436,IPC,323,1,1
1437,BNS,115,1,1
1438,IT,66C,1,1
1439,IPC,420,1,1
1440,MV,134,1,1
1441,IPC,379,1,1
1442,IPC,457,1,1
1443,IPC,307,1,1
1444,IPC,323,1,1
1445,BNS,115,1,1
1446,IT,66D,1,1
1447,BNS,74,1,1
1448,IT,67,1,1
1449,IT,66C,1,1
1450,NDPS,21,1,1
1451,MV,134,1,1
1452,IT,67,1,1
1453,IPC,420,1,1
1454,IPC,468,1,1
1455,IPC,379,1,1
1456,IPC,323,1,1
1457,IPC,392,1,1
1458,IT,66C,1,1
1459,MV,134,1,1
1460,BNS,103,1,1
1461,BNS,318,1,1
1462,IPC,323,1,1
1463,IT,66D,1,1
1464,IT,66D,1,1
1465,IT,66D,1,1
1466,IPC,323,1,1
1467,IPC,457,1,1
1468,IT,66D,1,1
1469,IT,66D,1,1
1470,BNS,115,1,1
1471,NDPS,21,1,1
1472,IT,66D,1,1
1473,NDPS,20,1,1
1474,BNS,115,1,1
1475,IPC,379,1,1
1476,NDPS,20,1,1
1477,IPC,457,1,1
1478,BNS,318,1,1
1479,IT,66D,1,1
1480,IPC,323,1,1
1481,BNS,303,1,1
1482,IT,66D,1,1
1483,IT,66C,1,1
1484,BNS,303,1,1
1485,IPC,379,1,1
1486,IPC,392,1,1
1487,IT,66D,1,1
1488,BNS,115,1,1
1489,BNS,115,1,1
1490,BNS,331,1,1
1491,NDPS,21,1,1
1492,BNS,115,1,1
1493,IT,66D,1,1
1494,BNS,309,1,1
1495,IT,66D,1,1
1496,IPC,379,1,1
1497,IPC,323,1,1
1498,IT,66D,1,1
1499,IT,66D,1,1
1500,MV,134,1,1
1501,BNS,318,1,1
1502,IT,66C,1,1
1503,NDPS,21,1,1
1504,MV,134,1,1
1505,IT,66D,1,1
1506,IT,66C,1,1
1507,MV,134,1,1
1508,BNS,303,1,1
1509,BNS,74,1,1
1510,NDPS,21,1,1
1511,IT,66D,1,1
1512,IT,66D,1,1
1513,IT,66C,1,1
1514,IPC,323,1,1
1515,IT,66D,1,1
1516,BNS,109,1,1
1517,IPC,302,1,1
1518,IPC,457,1,1
1519,IT,66D,1,1
1520,IT,66D,1,1
1521,IT,66D,1,1
1522,IT,66C,1,1
1523,NDPS,20,1,1
1524,IPC,379,1,1
1525,NDPS,21,1,1
1526,IT,66C,1,1
1527,IPC,323,1,1
1528,BNS,115,1,1
1529,IPC,420,1,1
1530,IT,67,1,1
1531,IT,66D,1,1
1532,IT,66C,1,1
1533,BNS,309,1,1
1534,IPC,420,1,1
1535,MV,134,1,1
1536,BNS,331,1,1
1537,IPC,420,1,1
1538,BNS,74,1,1
1539,IT,66D,1,1
1540,BNS,318,1,1
1541,IPC,420,1,1
1542,IPC,379,1,1
1543,IPC,379,1,1
1544,IPC,379,1,1
1545,IT,66C,1,1
1546,IPC,457,1,1
1547,BNS,115,1,1
1548,BNS,115,1,1
1549,IT,66C,1,1
1550,IPC,323,1,1
1551,BNS,336,1,1
1552,IPC,457,1,1
1553,IPC,420,1,1
1554,BNS,303,1,1
1555,IPC,323,1,1
1556,NDPS,21,1,1
1557,BNS,115,1,1
1558,IPC,379,1,1
1559,BNS,115,1,1
1560,IT,66C,1,1
1561,IPC,457,1,1
1562,IPC,323,1,1
1563,BNS,303,1,1
1564,IPC,323,1,1
1565,BNS,303,1,1
1566,IPC,323,1,1
1567,NDPS,20,1,1
1568,IPC,323,1,1
1569,IT,66C,1,1
1570,IT,66D,1,1
1571,IPC,323,1,1
1572,IPC,323,1,1
1573,IT,66D,1,1
1574,BNS,309,1,1
1575,BNS,115,1,1
1576,IT,66D,1,1
1577,BNS,303,1,1
1578,BNS,303,1,1
1579,BNS,115,1,1
1580,IT,66D,1,1
1581,BNS,115,1,1
1582,BNS,318,1,1
1583,IPC,307,1,1
1584,IPC,379,1,1
1585,IT,66C,1,1
1586,IPC,392,1,1
1587,IPC,379,1,1
1588,IT,66D,1,1
1589,IPC,354,1,1
1590,IT,66D,1,1
1591,IT,66C,1,1
1592,IPC,323,1,1
1593,BNS,115,1,1
1594,BNS,303,1,1
1595,IPC,379,1,1
1596,BNS,115,1,1
1597,BNS,309,1,1
1598,BNS,309,1,1
1599,BNS,303,1,1
1600,IPC,468,1,1
1601,NDPS,21,1,1
1602,NDPS,21,1,1
1603,BNS,303,1,1
1604,BNS,309,1,1
1605,IT,67,1,1
1606,BNS,309,1,1
1607,IPC,323,1,1
1608,IT,66D,1,1
1609,BNS,115,1,1
1610,BNS,115,1,1
1611,IT,66D,1,1
1612,IPC,379,1,1
1613,IT,66D,1,1
1614,IPC,420,1,1
1615,IPC,420,1,1
1616,BNS,336,1,1
1617,IPC,392,1,1
1618,BNS,74,1,1
1619,IPC,379,1,1
1620,BNS,331,1,1
1621,IPC,420,1,1
1622,IT,66C,1,1
1623,NDPS,20,1,1
1624,IPC,420,1,1
1625,MV,134,1,1
1626,BNS,103,1,1
1627,BNS,303,1,1
1628,BNS,303,1,1
1629,BNS,303,1,1
1630,BNS,303,1,1
1631,IT,66D,1,1
1632,BNS,115,1,1
1633,BNS,109,1,1
1634,IPC,323,1,1
1635,IT,66D,1,1
1636,IPC,457,1,1
1637,BNS,331,1,1
1638,BNS,115,1,1
1639,IPC,379,1,1
1640,IT,66C,1,1
1641,IPC,379,1,1
1642,BNS,115,1,1
1643,IPC,379,1,1
1644,BNS,331,1,1
1645,BNS,303,1,1
1646,IPC,302,1,1
1647,BNS,303,1,1
1648,NDPS,20,1,1
1649,IPC,392,1,1
1650,NDPS,20,1,1
1651,IT,67,1,1
1652,IT,66D,1,1
1653,IPC,420,1,1
1654,IPC,457,1,1
1655,IPC,323,1,1
1656,BNS,309,1,1
1657,IT,66D,1,1
1658,IT,66C,1,1
1659,IT,66D,1,1
1660,IT,66D,1,1
1661,IPC,457,1,1
1662,MV,134,1,1
1663,BNS,74,1,1
1664,IPC,363,1,1
1665,BNS,137,1,1
1666,IPC,354,1,1
1667,BNS,115,1,1
1668,NDPS,20,1,1
1669,BNS,103,1,1
1670,NDPS,20,1,1
1671,BNS,309,1,1
1672,BNS,303,1,1
1673,IT,66D,1,1
1674,MV,134,1,1
1675,BNS,318,1,1
1676,IT,66D,1,1
1677,BNS,74,1,1
1678,IPC,323,1,1
1679,BNS,303,1,1
1680,BNS,303,1,1
1681,IPC,392,1,1
1682,IT,66C,1,1
1683,IT,66D,1,1
1684,IPC,457,1,1
1685,IT,66D,1,1
1686,IPC,354,1,1
1687,IT,66C,1,1
1688,IPC,379,1,1
1689,MV,134,1,1
1690,IPC,420,1,1
1691,IT,66D,1,1
1692,IT,66D,1,1
1693,BNS,303,1,1
1694,IPC,323,1,1
1695,IPC,323,1,1
1696,NDPS,20,1,1
1697,BNS,303,1,1
1698,IT,66D,1,1
1699,IPC,379,1,1
1700,IT,66C,1,1
1701,IT,66C,1,1
1702,IPC,457,1,1
1703,IT,66D,1,1
1704,MV,134,1,1
1705,BNS,115,1,1
1706,IPC,457,1,1
1707,IT,66D,1,1
1708,IPC,379,1,1
1709,BNS,103,1,1
1710,IPC,323,1,1
1711,IT,66D,1,1
1712,IT,66C,1,1
1713,IPC,468,1,1
1714,IPC,363,1,1
1715,BNS,303,1,1
1716,NDPS,20,1,1
1717,NDPS,21,1,1
1718,IT,66C,1,1
1719,BNS,303,1,1
1720,IT,66D,1,1
1721,BNS,115,1,1
1722,IPC,392,1,1
1723,IPC,323,1,1
1724,BNS,74,1,1
1725,IPC,323,1,1
1726,BNS,309,1,1
1727,IPC,392,1,1
1728,IPC,457,1,1
1729,BNS,303,1,1
1730,IPC,379,1,1
1731,IT,66D,1,1
1732,NDPS,21,1,1
1733,IT,66D,1,1
1734,MV,134,1,1
1735,NDPS,20,1,1
1736,IPC,457,1,1
1737,IPC,420,1,1
1738,IPC,323,1,1
1739,NDPS,20,1,1
1740,IT,66C,1,1
1741,IPC,379,1,1
1742,BNS,336,1,1
1743,IT,66C,1,1
1744,BNS,331,1,1
1745,BNS,115,1,1
1746,BNS,109,1,1
1747,IPC,354,1,1
1748,IT,66C,1,1
1749,NDPS,20,1,1
1750,IT,66C,1,1
1751,IPC,457,1,1
1752,BNS,318,1,1
1753,IPC,457,1,1
1754,BNS,115,1,1
1755,IPC,420,1,1
1756,IT,66D,1,1
1757,BNS,318,1,1
1758,IT,66D,1,1
1759,BNS,318,1,1
1760,BNS,115,1,1
1761,IPC,420,1,1
1762,NDPS,20,1,1
1763,NDPS,20,1,1
1764,NDPS,20,1,1
1765,IPC,323,1,1
1766,BNS,115,1,1
1767,IPC,323,1,1
1768,IPC,323,1,1
1769,IT,66D,1,1
1770,BNS,115,1,1
1771,IT,66D,1,1
1772,IT,66D,1,1
1773,IPC,307,1,1
1774,IT,66D,1,1
1775,BNS,303,1,1
1776,IPC,379,1,1
1777,IT,66C,1,1
1778,BNS,303,1,1
1779,IT,66D,1,1
1780,IPC,323,1,1
1781,IPC,420,1,1
1782,BNS,115,1,1
1783,IPC,392,1,1
1784,BNS,115,1,1
1785,IPC,323,1,1
1786,IPC,323,1,1
1787,IPC,457,1,1
1788,BNS,303,1,1
1789,IT,66D,1,1
1790,BNS,318,1,1
1791,BNS,303,1,1
1792,IT,66D,1,1
1793,IPC,323,1,1
1794,IPC,323,1,1
1795,IT,67,1,1
1796,IPC,323,1,1
1797,BNS,318,1,1
1798,IPC,379,1,1
1799,BNS,303,1,1
1800,IT,66D,1,1
1801,IT,66C,1,1
1802,IPC,379,1,1
1803,IT,67,1,1
1804,IT,66C,1,1
1805,BNS,303,1,1
1806,NDPS,21,1,1
1807,IT,66C,1,1
1808,IPC,457,1,1
1809,IPC,457,1,1
1810,IT,66D,1,1
1811,IPC,379,1,1
1812,IPC,379,1,1
1813,IPC,354,1,1
1814,IPC,323,1,1
1815,MV,134,1,1
1816,BNS,115,1,1
1817,IT,66C,1,1
1818,BNS,303,1,1
1819,IT,67,1,1
1820,BNS,115,1,1
1821,MV,134,1,1
1822,IT,66D,1,1
1823,IT,66D,1,1
1824,IPC,392,1,1
1825,IPC,323,1,1
1826,BNS,336,1,1
1827,BNS,318,1,1
1828,NDPS,20,1,1
1829,IT,66D,1,1
1830,BNS,115,1,1
1831,IT,66D,1,1
1832,IT,66C,1,1
1833,BNS,74,1,1
1834,MV,134,1,1
1835,IT,66D,1,1
1836,IPC,354,1,1
1837,IPC,457,1,1
1838,IPC,379,1,1
1839,IT,66D,1,1
1840,IT,67,1,1
1841,IPC,392,1,1
1842,BNS,115,1,1
1843,BNS,74,1,1
1844,BNS,115,1,1
1845,IPC,379,1,1
1846,BNS,115,1,1
1847,IT,67,1,1
1848,IT,66D,1,1
1849,NDPS,20,1,1
1850,BNS,303,1,1
1851,BNS,115,1,1
1852,BNS,303,1,1
1853,IT,66C,1,1
1854,IPC,323,1,1
1855,NDPS,21,1,1
1856,IPC,379,1,1
1857,IPC,379,1,1
1858,IPC,323,1,1
1859,MV,134,1,1
1860,MV,134,1,1
1861,IT,66D,1,1
1862,IPC,323,1,1
1863,IPC,379,1,1
1864,IPC,379,1,1
1865,IPC,457,1,1
1866,BNS,303,1,1
1867,IT,66D,1,1
1868,IPC,379,1,1
1869,IT,66D,1,1
1870,IPC,323,1,1
1871,IPC,323,1,1
1872,MV,134,1,1
1873,BNS,318,1,1
1874,IT,66D,1,1
1875,IPC,392,1,1
1876,MV,134,1,1
1877,BNS,115,1,1
1878,IPC,392,1,1
1879,BNS,115,1,1
1880,IPC,323,1,1
1881,IPC,457,1,1
1882,IPC,302,1,1
1883,IPC,468,1,1
1884,IT,67,1,1
1885,BNS,331,1,1
1886,IT,66C,1,1
1887,NDPS,20,1,1
1888,IPC,379,1,1
1889,IT,66C,1,1
1890,IT,66C,1,1
1891,BNS,318,1,1
1892,BNS,309,1,1
1893,IPC,468,1,1
1894,IT,66D,1,1
1895,IPC,420,1,1
1896,IT,67,1,1
1897,IPC,323,1,1
1898,IPC,323,1,1
1899,IPC,379,1,1
1900,IPC,323,1,1
1901,IT,66D,1,1
1902,IT,66D,1,1
1903,IPC,323,1,1
1904,BNS,336,1,1
1905,IT,66C,1,1
1906,IT,66D,1,1
1907,IPC,323,1,1
1908,BNS,115,1,1
1909,IPC,323,1,1
1910,BNS,331,1,1
1911,BNS,336,1,1
1912,IT,66D,1,1
1913,IPC,468,1,1
1914,IPC,457,1,1
1915,IPC,323,1,1
1916,IPC,323,1,1
1917,IPC,379,1,1
1918,IPC,420,1,1
1919,BNS,303,1,1
1920,IPC,323,1,1
1921,IT,66C,1,1
1922,BNS,318,1,1
1923,IT,66D,1,1
1924,BNS,336,1,1
1925,IT,66D,1,1
1926,BNS,303,1,1
1927,IPC,468,1,1
1928,BNS,336,1,1
1929,IPC,354,1,1
1930,BNS,115,1,1
1931,BNS,318,1,1
1932,IPC,420,1,1
1933,IT,66D,1,1
1934,IPC,392,1,1
1935,BNS,303,1,1
1936,IT,66D,1,1
1937,IT,66D,1,1
1938,BNS,303,1,1
1939,BNS,115,1,1
1940,BNS,109,1,1
1941,BNS,303,1,1
1942,IPC,323,1,1
1943,IT,67,1,1
1944,IPC,323,1,1
1945,IT,66D,1,1
1946,BNS,115,1,1
1947,NDPS,21,1,1
1948,IPC,354,1,1
1949,IT,66D,1,1
1950,IPC,379,1,1
1951,BNS,115,1,1
1952,NDPS,20,1,1
1953,BNS,109,1,1
1954,IPC,307,1,1
1955,IT,66C,1,1
1956,IPC,379,1,1
1957,BNS,115,1,1
1958,BNS,115,1,1
1959,IT,66D,1,1
1960,BNS,336,1,1
1961,BNS,74,1,1
1962,IT,66C,1,1
1963,IT,66C,1,1
1964,BNS,303,1,1
1965,IPC,457,1,1
1966,IT,67,1,1
1967,IPC,420,1,1
1968,IT,66D,1,1
1969,BNS,331,1,1
1970,NDPS,20,1,1
1971,IPC,420,1,1
1972,BNS,318,1,1
1973,BNS,115,1,1
1974,BNS,115,1,1
1975,IT,66D,1,1
1976,IPC,323,1,1
1977,IPC,420,1,1
1978,IPC,363,1,1
1979,IPC,323,1,1
1980,IT,66C,1,1
1981,IT,66D,1,1
1982,BNS,309,1,1
1983,BNS,336,1,1
1984,BNS,115,1,1
1985,IPC,354,1,1
1986,IT,66D,1,1
1987,BNS,115,1,1
1988,BNS,303,1,1
1989,BNS,303,1,1
1990,IT,66C,1,1
1991,IPC,323,1,1
1992,IPC,379,1,1
1993,IPC,379,1,1
1994,BNS,115,1,1
1995,IPC,379,1,1
1996,IT,66C,1,1
1997,IPC,323,1,1
1998,IPC,420,1,1
1999,BNS,115,1,1
2000,IPC,323,1,1
2001,IT,66D,1,1
2002,IPC,363,1,1
2003,IT,67,1,1
2004,BNS,303,1,1
2005,IPC,323,1,1
2006,BNS,331,1,1
2007,BNS,115,1,1
2008,IPC,420,1,1
2009,BNS,303,1,1
2010,NDPS,20,1,1
2011,IT,66D,1,1
2012,IPC,354,1,1
2013,IPC,323,1,1
2014,IT,66D,1,1
2015,IPC,457,1,1
2016,IPC,363,1,1
2017,IPC,457,1,1
2018,IT,66C,1,1
2019,NDPS,21,1,1
2020,BNS,303,1,1
2021,IT,66C,1,1
2022,BNS,303,1,1
2023,IPC,323,1,1
2024,IPC,420,1,1
2025,IPC,379,1,1
2026,BNS,331,1,1
2027,NDPS,20,1,1
2028,IT,66D,1,1
2029,BNS,103,1,1
2030,IPC,468,1,1
2031,BNS,109,1,1
2032,IPC,323,1,1
2033,BNS,115,1,1
2034,IT,66D,1,1
2035,BNS,137,1,1
2036,IPC,379,1,1
2037,BNS,137,1,1
2038,IPC,354,1,1
2039,IPC,323,1,1
2040,BNS,309,1,1
2041,BNS,115,1,1
2042,BNS,74,1,1
2043,BNS,309,1,1
2044,BNS,303,1,1
2045,NDPS,20,1,1
2046,BNS,115,1,1
2047,IT,66D,1,1
2048,BNS,318,1,1
2049,IPC,379,1,1
2050,BNS,303,1,1
2051,IT,66D,1,1
2052,NDPS,20,1,1
2053,IPC,379,1,1
2054,MV,134,1,1
2055,IPC,420,1,1
2056,IPC,392,1,1
2057,IT,66D,1,1
2058,IPC,457,1,1
2059,BNS,115,1,1
2060,IPC,420,1,1
2061,BNS,303,1,1
2062,BNS,109,1,1
2063,IPC,392,1,1
2064,NDPS,20,1,1
2065,IPC,323,1,1
2066,IT,66C,1,1
2067,IT,66D,1,1
2068,IPC,379,1,1
2069,IPC,457,1,1
2070,NDPS,20,1,1
2071,BNS,336,1,1
2072,IT,66D,1,1
2073,IT,66D,1,1
2074,IPC,379,1,1
2075,IPC,323,1,1
2076,IPC,323,1,1
2077,NDPS,20,1,1
2078,BNS,331,1,1
2079,IPC,379,1,1
2080,BNS,303,1,1
2081,IPC,379,1,1
2082,BNS,115,1,1
2083,NDPS,20,1,1
2084,IPC,379,1,1
2085,IPC,323,1,1
2086,IT,66C,1,1
2087,IPC,457,1,1
2088,IT,67,1,1
2089,IPC,379,1,1
2090,BNS,115,1,1
2091,IT,67,1,1
2092,IPC,323,1,1
2093,IPC,392,1,1
2094,BNS,331,1,1
2095,IPC,354,1,1
2096,IT,66C,1,1
2097,BNS,115,1,1
2098,IPC,379,1,1
2099,IPC,420,1,1
2100,BNS,303,1,1
2101,BNS,303,1,1
2102,IT,66D,1,1
2103,NDPS,20,1,1
2104,IPC,379,1,1
2105,IT,66C,1,1
2106,IPC,457,1,1
2107,BNS,336,1,1
2108,IPC,363,1,1
2109,IT,66D,1,1
2110,IT,66C,1,1
2111,IPC,379,1,1
2112,IT,66C,1,1
2113,IPC,392,1,1
2114,BNS,318,1,1
2115,IT,66D,1,1
2116,IPC,379,1,1
2117,BNS,318,1,1
2118,IPC,323,1,1
2119,IPC,354,1,1
2120,IT,66C,1,1
2121,BNS,309,1,1
2122,IT,66D,1,1
2123,IPC,323,1,1
2124,BNS,303,1,1
2125,BNS,303,1,1
2126,IT,66D,1,1
2127,IPC,392,1,1
2128,IT,66C,1,1
2129,IPC,420,1,1
2130,IT,66D,1,1
2131,IPC,457,1,1
2132,BNS,115,1,1
2133,IT,66D,1,1
2134,IT,67,1,1
2135,IPC,379,1,1
2136,IPC,468,1,1
2137,IT,66D,1,1
2138,IPC,323,1,1
2139,NDPS,20,1,1
2140,BNS,115,1,1
2141,IPC,379,1,1
2142,IT,66C,1,1
2143,BNS,115,1,1
2144,IT,66D,1,1
2145,IT,66D,1,1
2146,IPC,323,1,1
2147,BNS,309,1,1
2148,IPC,457,1,1
2149,BNS,109,1,1
2150,BNS,318,1,1
2151,BNS,309,1,1
2152,IPC,392,1,1
2153,IT,66C,1,1
2154,BNS,331,1,1
2155,NDPS,21,1,1
2156,NDPS,20,1,1
2157,BNS,331,1,1
2158,BNS,318,1,1
2159,IT,66D,1,1
2160,IPC,392,1,1
2161,BNS,303,1,1
2162,BNS,115,1,1
2163,IPC,379,1,1
2164,IT,67,1,1
2165,IT,66D,1,1
2166,IPC,392,1,1
2167,IT,66C,1,1
2168,IPC,392,1,1
2169,BNS,303,1,1
2170,BNS,331,1,1
2171,IPC,323,1,1
2172,MV,134,1,1
2173,IPC,323,1,1
2174,BNS,303,1,1
2175,IT,66D,1,1
2176,BNS,336,1,1
2177,IPC,323,1,1
2178,IPC,420,1,1
2179,IPC,392,1,1
2180,IT,66D,1,1
2181,IPC,392,1,1
2182,IT,66D,1,1
2183,BNS,331,1,1
2184,IPC,420,1,1
2185,IT,67,1,1
2186,IPC,323,1,1
2187,IT,66D,1,1
2188,IT,66D,1,1
2189,BNS,303,1,1
2190,IPC,457,1,1
2191,IT,66D,1,1
2192,IT,66D,1,1
2193,IT,66D,1,1
2194,BNS,318,1,1
2195,IT,66D,1,1
2196,NDPS,21,1,1
2197,IPC,379,1,1
2198,BNS,74,1,1
2199,IPC,420,1,1
2200,IT,66D,1,1
2201,IPC,323,1,1
2202,IPC,323,1,1
2203,BNS,103,1,1
2204,IPC,323,1,1
2205,IPC,420,1,1
2206,BNS,115,1,1
2207,IT,66D,1,1
2208,BNS,303,1,1
2209,IPC,363,1,1
2210,IPC,323,1,1
2211,IPC,457,1,1
2212,IT,66C,1,1
2213,IPC,363,1,1
2214,IPC,379,1,1
2215,IPC,379,1,1
2216,NDPS,21,1,1
2217,BNS,318,1,1
2218,BNS,115,1,1
2219,IT,66D,1,1
2220,IT,66C,1,1
2221,IPC,323,1,1
2222,BNS,103,1,1
2223,BNS,303,1,1
2224,IPC,379,1,1
2225,BNS,318,1,1
2226,IPC,379,1,1
2227,IPC,457,1,1
2228,BNS,109,1,1
2229,MV,134,1,1
2230,IPC,379,1,1
2231,IPC,468,1,1
2232,BNS,115,1,1
2233,IT,66D,1,1
2234,IPC,379,1,1
2235,IPC,354,1,1
2236,IPC,307,1,1
2237,IT,66D,1,1
2238,IPC,323,1,1
2239,IPC,379,1,1
2240,IPC,420,1,1
2241,IT,67,1,1
2242,IPC,354,1,1
2243,IT,66C,1,1
2244,IPC,379,1,1
2245,IT,66C,1,1
2246,IT,66D,1,1
2247,IT,67,1,1
2248,IPC,354,1,1
2249,IPC,420,1,1
2250,IT,66C,1,1
2251,IPC,323,1,1
2252,IT,67,1,1
2253,BNS,115,1,1
2254,BNS,331,1,1
2255,IT,66D,1,1
2256,IPC,468,1,1
2257,MV,134,1,1
2258,IPC,379,1,1
2259,IPC,457,1,1
2260,IPC,354,1,1
2261,IPC,457,1,1
2262,MV,134,1,1
2263,NDPS,21,1,1
2264,BNS,336,1,1
2265,IT,66C,1,1
2266,IT,66D,1,1
2267,IPC,420,1,1
2268,IPC,323,1,1
2269,IPC,323,1,1
2270,IT,66D,1,1
2271,IPC,354,1,1
2272,IT,67,1,1
2273,IT,66D,1,1
2274,IPC,323,1,1
2275,BNS,115,1,1
2276,NDPS,20,1,1
2277,IT,66D,1,1
2278,IPC,323,1,1
2279,IPC,468,1,1
2280,IPC,379,1,1
2281,BNS,303,1,1
2282,IPC,420,1,1
2283,BNS,115,1,1
2284,BNS,115,1,1
2285,BNS,303,1,1
2286,IPC,307,1,1
2287,IT,66D,1,1
2288,IT,66D,1,1
2289,BNS,303,1,1
2290,IPC,379,1,1
2291,IT,66D,1,1
2292,BNS,109,1,1
2293,BNS,309,1,1
2294,MV,134,1,1
2295,IT,66D,1,1
2296,BNS,303,1,1
2297,IT,66C,1,1
2298,BNS,137,1,1
2299,IPC,379,1,1
2300,IT,67,1,1
2301,IT,66D,1,1
2302,IPC,392,1,1
2303,BNS,303,1,1
2304,NDPS,20,1,1
2305,IPC,379,1,1
2306,BNS,115,1,1
2307,BNS,303,1,1
2308,IPC,379,1,1
2309,IPC,302,1,1
2310,IT,66D,1,1
2311,IPC,379,1,1
2312,IPC,468,1,1
2313,IT,66C,1,1
2314,NDPS,20,1,1
2315,IPC,323,1,1
2316,BNS,331,1,1
2317,BNS,303,1,1
2318,IT,66C,1,1
2319,IPC,323,1,1
2320,IT,66D,1,1
2321,NDPS,20,1,1
2322,IPC,379,1,1
2323,IPC,323,1,1
2324,IPC,323,1,1
2325,IPC,323,1,1
2326,MV,134,1,1
2327,IT,66D,1,1
2328,IT,66D,1,1
2329,IT,66D,1,1
2330,IPC,323,1,1
2331,BNS,303,1,1
2332,BNS,336,1,1
2333,IT,66D,1,1
2334,IPC,468,1,1
2335,IPC,457,1,1
2336,IPC,392,1,1
2337,MV,134,1,1
2338,IT,66D,1,1
2339,IPC,392,1,1
2340,IPC,457,1,1
2341,MV,134,1,1
2342,IPC,379,1,1
2343,MV,134,1,1
2344,BNS,303,1,1
2345,IPC,323,1,1
2346,IPC,363,1,1
2347,BNS,331,1,1
2348,IT,66D,1,1
2349,IT,66C,1,1
2350,MV,134,1,1
2351,IPC,457,1,1
2352,IT,66C,1,1
2353,IPC,323,1,1
2354,IPC,323,1,1
2355,BNS,303,1,1
2356,IT,66D,1,1
2357,IPC,379,1,1
2358,IT,66D,1,1
2359,IPC,468,1,1
2360,IPC,392,1,1
2361,NDPS,21,1,1
2362,IPC,379,1,1
2363,IT,66D,1,1
2364,IT,66D,1,1
2365,IT,66C,1,1
2366,IT,66D,1,1
2367,BNS,331,1,1
2368,IPC,457,1,1
2369,IPC,392,1,1
2370,IPC,323,1,1
2371,BNS,115,1,1
2372,IPC,323,1,1
2373,BNS,115,1,1
2374,BNS,103,1,1
2375,IPC,354,1,1
2376,MV,134,1,1
2377,IPC,379,1,1
2378,IPC,392,1,1
2379,IPC,323,1,1
2380,IT,67,1,1
2381,BNS,318,1,1
2382,IPC,457,1,1
2383,BNS,303,1,1
2384,IPC,420,1,1
2385,IPC,379,1,1
2386,IPC,457,1,1
2387,NDPS,21,1,1
2388,NDPS,20,1,1
2389,IPC,457,1,1
2390,IPC,323,1,1
2391,BNS,303,1,1
2392,IT,66D,1,1
2393,IPC,457,1,1
2394,IPC,457,1,1
2395,IT,66D,1,1
2396,BNS,303,1,1
2397,MV,134,1,1
2398,IT,66D,1,1
2399,BNS,309,1,1
2400,IPC,323,1,1
2401,IT,66D,1,1
2402,NDPS,20,1,1
2403,IPC,457,1,1
2404,IPC,457,1,1
2405,IT,66D,1,1
2406,IT,67,1,1
2407,BNS,115,1,1
2408,IPC,420,1,1
2409,NDPS,21,1,1
2410,IPC,323,1,1
2411,IPC,302,1,1
2412,IPC,323,1,1
2413,IT,66D,1,1
2414,BNS,74,1,1
2415,IT,66D,1,1
2416,IT,66C,1,1
2417,IPC,379,1,1
2418,IT,66D,1,1
2419,BNS,309,1,1
2420,IPC,323,1,1
2421,IPC,379,1,1
2422,IT,66D,1,1
2423,IPC,379,1,1
2424,IPC,420,1,1
2425,IT,66D,1,1
2426,IPC,379,1,1
2427,BNS,303,1,1
2428,IT,66D,1,1
2429,NDPS,20,1,1
2430,IPC,379,1,1
2431,IPC,379,1,1
2432,IPC,379,1,1
2433,BNS,318,1,1
2434,IT,66C,1,1
2435,IT,66C,1,1
2436,IPC,323,1,1
2437,IT,67,1,1
2438,BNS,74,1,1
2439,BNS,303,1,1
2440,BNS,74,1,1
2441,IT,66C,1,1
2442,BNS,115,1,1
2443,IT,66D,1,1
2444,BNS,303,1,1
2445,BNS,309,1,1
2446,MV,134,1,1
2447,BNS,318,1,1
2448,IPC,323,1,1
2449,BNS,303,1,1
2450,IPC,379,1,1
2451,IT,66D,1,1
2452,IPC,392,1,1
2453,BNS,115,1,1
2454,NDPS,21,1,1
2455,IT,66D,1,1
2456,IPC,323,1,1
2457,IT,66C,1,1
2458,NDPS,20,1,1
2459,IT,66C,1,1
2460,BNS,303,1,1
2461,NDPS,21,1,1
2462,IT,66D,1,1
2463,IPC,323,1,1
2464,BNS,115,1,1
2465,NDPS,20,1,1
2466,IPC,420,1,1
2467,IPC,392,1,1
2468,BNS,318,1,1
2469,IT,66C,1,1
2470,BNS,303,1,1
2471,BNS,115,1,1
2472,IPC,392,1,1
2473,IT,66C,1,1
2474,NDPS,21,1,1
2475,IT,66C,1,1
2476,IPC,379,1,1
2477,BNS,303,1,1
2478,IT,66D,1,1
2479,MV,134,1,1
2480,NDPS,20,1,1
2481,BNS,331,1,1
2482,IT,66C,1,1
2483,BNS,74,1,1
2484,IT,66D,1,1
2485,IPC,392,1,1
2486,BNS,115,1,1
2487,MV,134,1,1
2488,IPC,323,1,1
2489,BNS,103,1,1
2490,IT,66C,1,1
2491,IT,66D,1,1
2492,BNS,115,1,1
2493,IPC,307,1,1
2494,BNS,115,1,1
2495,MV,134,1,1
2496,IT,66D,1,1
2497,IPC,363,1,1
2498,NDPS,20,1,1
2499,BNS,309,1,1
2500,BNS,303,1,1
