ArrestSurrenderID,CaseMasterID,ArrestSurrenderTypeID,ArrestSurrenderDate,ArrestSurrenderStateId,ArrestSurrenderDistrictId,PoliceStationID,IOID,CourtID,AccusedMasterID,IsAccused,IsComplainantAccused
1,1,1,2025-07-28,1,31,1302,5188,7031,2,1,0
2,3,2,2025-09-01,1,13,1121,5182,7013,4,1,0
3,5,2,2026-06-12,1,17,1167,5143,7017,7,1,0
4,6,1,2024-12-17,1,19,1189,5451,7019,10,1,0
5,8,1,2025-12-11,1,15,1142,5371,7015,15,1,0
6,13,1,2023-03-24,1,5,1041,5077,7005,21,1,0
7,16,1,2024-02-26,1,12,1113,5083,7012,28,1,0
8,17,1,2026-06-10,1,20,1195,5004,7020,29,1,0
9,17,1,2026-07-21,1,20,1195,5004,7020,30,1,0
10,20,1,2026-07-12,1,28,1275,5574,7028,34,1,0
11,21,1,2023-05-24,1,22,1214,5373,7022,35,1,0
12,22,1,2025-12-30,1,15,1143,5235,7015,36,1,0
13,23,2,2022-08-01,1,14,1133,5205,7014,38,1,0
14,24,1,2025-03-03,1,21,1209,5016,7021,41,1,0
15,28,1,2023-01-20,1,30,1295,5180,7030,48,1,0
16,31,1,2025-05-26,1,12,1120,5530,7012,53,1,0
17,31,1,2025-09-13,1,12,1120,5530,7012,52,1,0
18,36,1,2025-02-08,1,29,1290,5286,7029,59,1,0
19,36,1,2024-12-26,1,29,1290,5286,7029,60,1,0
20,37,1,2025-01-19,1,5,1042,5300,7005,61,1,0
21,38,2,2023-12-23,1,29,1289,5304,7029,63,1,0
22,41,2,2024-01-27,1,26,1257,5185,7026,69,1,0
23,46,1,2024-08-13,1,11,1108,5555,7011,77,1,0
24,46,2,2024-08-18,1,11,1108,5555,7011,76,1,0
25,49,1,2025-12-29,1,6,1055,5536,7006,80,1,0
26,50,2,2022-11-05,1,26,1255,5008,7026,81,1,0
27,51,1,2025-11-24,1,16,1159,5333,7016,83,1,0
28,52,2,2025-06-01,1,23,1227,5158,7023,84,1,0
29,55,2,2026-03-01,1,5,1042,5300,7005,87,1,0
30,57,1,2025-12-25,1,3,1021,5562,7003,90,1,0
31,58,2,2022-07-26,1,23,1229,5312,7023,91,1,0
32,59,1,2023-01-31,1,4,1035,5525,7004,92,1,0
33,62,1,2022-09-29,1,12,1118,5035,7012,96,1,0
34,63,1,2023-07-05,1,4,1031,5169,7004,97,1,0
35,64,1,2022-08-16,1,1,1006,5366,7001,98,1,0
36,65,1,2023-08-20,1,29,1283,5534,7029,99,1,0
37,66,1,2025-03-19,1,22,1217,5461,7022,101,1,0
38,67,2,2026-08-06,1,11,1101,5589,7011,102,1,0
39,69,1,2023-01-22,1,18,1178,5593,7018,104,1,0
40,70,1,2025-03-09,1,16,1156,5020,7016,105,1,0
41,71,1,2023-12-06,1,3,1028,5006,7003,106,1,0
42,72,1,2024-11-21,1,11,1102,5290,7011,107,1,0
43,73,1,2024-12-16,1,6,1052,5001,7006,108,1,0
44,74,1,2022-06-10,1,9,1081,5403,7009,109,1,0
45,76,1,2024-01-01,1,22,1218,5103,7022,113,1,0
46,76,1,2023-11-03,1,22,1218,5103,7022,111,1,0
47,77,2,2024-03-30,1,1,1008,5255,7001,115,1,0
48,81,1,2022-04-02,1,31,1303,5085,7031,125,1,0
49,84,1,2024-12-17,1,30,1293,5455,7030,129,1,0
50,87,1,2025-04-14,1,5,1046,5256,7005,133,1,0
51,90,2,2024-03-19,1,10,1094,5038,7010,137,1,0
52,92,1,2022-09-27,1,29,1287,5112,7029,140,1,0
53,94,1,2026-05-02,1,18,1176,5417,7018,143,1,0
54,95,1,2023-01-13,1,25,1245,5080,7025,146,1,0
55,96,1,2024-02-27,1,2,1014,5275,7002,147,1,0
56,96,1,2023-12-08,1,2,1014,5275,7002,148,1,0
57,97,1,2022-09-21,1,24,1234,5328,7024,149,1,0
58,102,2,2023-09-14,1,26,1259,5541,7026,157,1,0
59,103,2,2025-03-16,1,31,1301,5386,7031,158,1,0
60,105,1,2024-01-01,1,3,1030,5071,7003,160,1,0
61,109,2,2024-06-10,1,5,1049,5433,7005,167,1,0
62,110,1,2023-01-30,1,21,1205,5128,7021,169,1,0
63,110,1,2023-01-08,1,21,1205,5128,7021,170,1,0
64,112,1,2024-03-13,1,14,1133,5205,7014,173,1,0
65,113,1,2024-05-14,1,2,1018,5110,7002,174,1,0
66,117,2,2025-12-01,1,11,1110,5067,7011,180,1,0
67,118,2,2024-07-21,1,25,1247,5165,7025,182,1,0
68,120,1,2025-11-08,1,19,1188,5261,7019,184,1,0
69,121,1,2024-03-28,1,17,1169,5553,7017,185,1,0
70,122,1,2026-05-19,1,6,1057,5129,7006,186,1,0
71,126,1,2023-11-05,1,5,1050,5125,7005,194,1,0
72,128,2,2023-06-16,1,5,1045,5419,7005,196,1,0
73,131,1,2026-04-19,1,18,1171,5452,7018,200,1,0
74,132,1,2025-02-28,1,7,1063,5407,7007,201,1,0
75,133,1,2022-08-21,1,14,1138,5382,7014,204,1,0
76,134,1,2025-01-12,1,30,1297,5050,7030,207,1,0
77,135,2,2024-06-28,1,30,1300,5592,7030,208,1,0
78,137,1,2025-03-12,1,17,1167,5143,7017,210,1,0
79,138,1,2026-06-16,1,5,1043,5259,7005,212,1,0
80,139,2,2022-07-01,1,17,1161,5226,7017,215,1,0
81,141,2,2022-06-08,1,4,1040,5542,7004,218,1,0
82,141,2,2022-08-11,1,4,1040,5542,7004,217,1,0
83,142,1,2023-03-02,1,9,1087,5441,7009,221,1,0
84,142,1,2022-12-04,1,9,1087,5441,7009,220,1,0
85,145,1,2023-06-19,1,21,1203,5223,7021,225,1,0
86,147,1,2026-09-03,1,25,1245,5080,7025,227,1,0
87,151,2,2023-09-15,1,31,1305,5320,7031,232,1,0
88,156,1,2025-06-16,1,11,1104,5519,7011,240,1,0
89,157,1,2024-12-21,1,1,1009,5531,7001,241,1,0
90,159,1,2022-05-10,1,11,1102,5211,7011,244,1,0
91,160,2,2024-06-12,1,23,1224,5240,7023,245,1,0
92,160,1,2024-04-08,1,23,1224,5240,7023,246,1,0
93,162,1,2024-01-21,1,5,1044,5312,7005,250,1,0
94,163,1,2024-12-26,1,21,1207,5064,7021,251,1,0
95,165,1,2025-06-13,1,21,1208,5316,7021,256,1,0
96,166,1,2023-01-04,1,26,1251,5169,7026,258,1,0
97,167,1,2026-05-25,1,11,1106,5362,7011,260,1,0
98,167,1,2026-02-26,1,11,1106,5362,7011,261,1,0
99,168,1,2025-01-08,1,5,1050,5125,7005,262,1,0
100,169,1,2024-10-24,1,18,1176,5417,7018,263,1,0
101,174,2,2022-07-26,1,2,1015,5019,7002,270,1,0
102,176,1,2024-04-24,1,18,1174,5209,7018,273,1,0
103,176,2,2024-03-21,1,18,1174,5209,7018,272,1,0
104,177,1,2024-02-28,1,22,1219,5054,7022,274,1,0
105,178,1,2024-02-20,1,31,1309,5583,7031,275,1,0
106,179,1,2024-04-20,1,18,1177,5402,7018,277,1,0
107,180,2,2024-06-29,1,14,1133,5205,7014,278,1,0
108,182,2,2023-12-17,1,11,1109,5341,7011,280,1,0
109,184,1,2026-02-26,1,24,1233,5457,7024,282,1,0
110,185,1,2026-06-27,1,27,1261,5289,7027,283,1,0
111,186,2,2023-07-23,1,13,1127,5346,7013,284,1,0
112,187,1,2022-12-31,1,8,1078,5100,7008,285,1,0
113,189,1,2023-02-03,1,25,1243,5456,7025,289,1,0
114,191,2,2024-11-28,1,23,1222,5010,7023,292,1,0
115,192,1,2022-09-20,1,26,1252,5330,7026,293,1,0
116,197,2,2024-08-06,1,11,1110,5163,7011,299,1,0
117,200,2,2022-11-02,1,23,1226,5504,7023,304,1,0
118,201,2,2026-10-24,1,16,1156,5284,7016,305,1,0
119,203,1,2024-06-27,1,5,1047,5186,7005,308,1,0
120,204,1,2026-07-24,1,10,1095,5195,7010,309,1,0
121,206,2,2025-07-06,1,18,1174,5209,7018,313,1,0
122,206,1,2025-09-29,1,18,1174,5209,7018,311,1,0
123,208,1,2025-08-10,1,10,1096,5409,7010,316,1,0
124,209,1,2022-01-24,1,13,1126,5100,7013,318,1,0
125,210,2,2023-08-07,1,31,1307,5256,7031,319,1,0
126,211,1,2024-11-01,1,26,1253,5411,7026,320,1,0
127,212,2,2024-04-12,1,29,1283,5534,7029,321,1,0
128,213,1,2023-04-01,1,14,1137,5445,7014,323,1,0
129,214,1,2024-06-17,1,30,1300,5592,7030,324,1,0
130,215,1,2023-07-14,1,23,1226,5060,7023,325,1,0
131,219,1,2022-09-22,1,22,1211,5124,7022,329,1,0
132,220,1,2023-11-14,1,29,1285,5239,7029,330,1,0
133,222,2,2026-07-03,1,13,1128,5488,7013,334,1,0
134,224,1,2025-09-14,1,1,1007,5465,7001,339,1,0
135,225,1,2025-02-20,1,1,1003,5516,7001,342,1,0
136,227,1,2022-12-28,1,28,1271,5307,7028,347,1,0
137,228,2,2026-06-08,1,9,1088,5545,7009,348,1,0
138,229,1,2022-07-22,1,14,1134,5031,7014,350,1,0
139,232,1,2025-03-21,1,3,1025,5591,7003,356,1,0
140,232,1,2025-02-10,1,3,1025,5591,7003,355,1,0
141,233,1,2023-11-29,1,5,1050,5125,7005,359,1,0
142,234,1,2025-12-10,1,15,1144,5409,7015,360,1,0
143,236,1,2026-06-24,1,5,1050,5450,7005,362,1,0
144,237,1,2023-09-06,1,5,1046,5224,7005,363,1,0
145,238,1,2022-03-08,1,30,1292,5066,7030,366,1,0
146,241,1,2022-04-22,1,1,1002,5434,7001,371,1,0
147,244,1,2023-12-25,1,22,1212,5204,7022,376,1,0
148,245,1,2022-08-15,1,27,1267,5257,7027,377,1,0
149,246,2,2023-09-28,1,9,1082,5515,7009,378,1,0
150,247,2,2023-02-22,1,5,1045,5419,7005,379,1,0
151,250,1,2024-11-11,1,31,1309,5583,7031,383,1,0
152,251,2,2023-06-20,1,9,1083,5185,7009,384,1,0
153,252,1,2022-06-23,1,17,1168,5133,7017,386,1,0
154,255,1,2024-05-22,1,1,1007,5465,7001,392,1,0
155,257,1,2025-04-21,1,10,1098,5356,7010,394,1,0
156,259,1,2023-04-09,1,8,1071,5013,7008,396,1,0
157,261,2,2023-02-05,1,2,1016,5565,7002,399,1,0
158,262,1,2025-11-17,1,4,1040,5424,7004,400,1,0
159,264,1,2025-03-03,1,26,1260,5081,7026,402,1,0
160,266,2,2023-01-18,1,4,1037,5416,7004,406,1,0
161,267,1,2022-10-20,1,6,1057,5129,7006,407,1,0
162,268,2,2025-08-23,1,17,1168,5133,7017,409,1,0
163,271,2,2023-10-16,1,10,1096,5409,7010,413,1,0
164,272,2,2022-05-09,1,19,1186,5486,7019,414,1,0
165,274,2,2026-03-15,1,11,1107,5503,7011,419,1,0
166,275,1,2024-10-24,1,12,1113,5083,7012,423,1,0
167,276,1,2023-04-20,1,7,1065,5344,7007,424,1,0
168,280,1,2025-11-28,1,5,1049,5582,7005,432,1,0
169,280,2,2025-10-29,1,5,1049,5582,7005,433,1,0
170,282,1,2024-02-12,1,17,1166,5342,7017,436,1,0
171,283,1,2024-08-04,1,10,1093,5327,7010,437,1,0
172,286,1,2022-11-24,1,31,1303,5085,7031,441,1,0
173,287,2,2024-07-31,1,4,1039,5438,7004,444,1,0
174,288,1,2024-07-28,1,30,1293,5455,7030,446,1,0
175,292,1,2025-03-11,1,22,1212,5291,7022,453,1,0
176,292,1,2024-12-18,1,22,1212,5291,7022,452,1,0
177,297,2,2024-06-10,1,2,1014,5275,7002,460,1,0
178,298,2,2025-04-21,1,3,1025,5591,7003,463,1,0
179,303,2,2025-09-29,1,29,1290,5059,7029,473,1,0
180,303,1,2025-10-25,1,29,1290,5059,7029,472,1,0
181,305,1,2025-10-16,1,27,1262,5444,7027,476,1,0
182,306,1,2022-12-01,1,26,1252,5330,7026,479,1,0
183,306,1,2023-03-07,1,26,1252,5330,7026,477,1,0
184,309,1,2025-05-13,1,15,1147,5160,7015,482,1,0
185,311,2,2023-04-15,1,5,1043,5259,7005,486,1,0
186,311,2,2023-03-13,1,5,1043,5259,7005,485,1,0
187,312,1,2024-08-31,1,5,1049,5561,7005,487,1,0
188,314,1,2023-10-29,1,25,1241,5513,7025,491,1,0
189,314,2,2023-10-16,1,25,1241,5513,7025,493,1,0
190,315,1,2023-08-16,1,23,1224,5240,7023,494,1,0
191,319,1,2024-10-04,1,26,1253,5411,7026,500,1,0
192,320,1,2022-11-10,1,2,1018,5329,7002,502,1,0
193,323,1,2025-06-07,1,27,1263,5210,7027,506,1,0
194,324,2,2024-04-15,1,13,1124,5245,7013,507,1,0
195,327,2,2024-11-10,1,25,1247,5165,7025,513,1,0
196,328,1,2025-10-26,1,3,1023,5127,7003,514,1,0
197,328,1,2025-10-06,1,3,1023,5127,7003,515,1,0
198,329,1,2022-09-15,1,25,1241,5513,7025,517,1,0
199,333,1,2022-02-04,1,18,1174,5209,7018,521,1,0
200,337,1,2025-11-15,1,3,1021,5374,7003,525,1,0
201,339,1,2024-09-24,1,5,1047,5186,7005,528,1,0
202,340,1,2024-05-22,1,6,1057,5129,7006,530,1,0
203,345,1,2025-04-22,1,17,1165,5218,7017,536,1,0
204,348,1,2025-08-30,1,8,1078,5347,7008,540,1,0
205,349,1,2024-04-03,1,5,1044,5592,7005,541,1,0
206,350,1,2024-08-04,1,6,1053,5465,7006,542,1,0
207,351,1,2025-02-08,1,5,1043,5259,7005,543,1,0
208,352,1,2023-07-16,1,8,1077,5003,7008,547,1,0
209,353,1,2025-06-15,1,5,1041,5094,7005,548,1,0
210,355,2,2024-08-01,1,24,1234,5328,7024,550,1,0
211,356,2,2023-04-14,1,26,1253,5411,7026,551,1,0
212,357,1,2025-10-13,1,1,1006,5588,7001,552,1,0
213,358,1,2023-07-28,1,14,1136,5337,7014,553,1,0
214,362,1,2022-08-15,1,3,1027,5299,7003,560,1,0
215,363,1,2024-04-05,1,17,1170,5285,7017,561,1,0
216,364,1,2023-07-19,1,9,1090,5101,7009,563,1,0
217,365,2,2022-03-08,1,3,1030,5071,7003,564,1,0
218,367,1,2025-02-17,1,24,1238,5072,7024,566,1,0
219,368,1,2022-04-27,1,5,1041,5077,7005,567,1,0
220,370,1,2022-04-24,1,5,1041,5077,7005,569,1,0
221,371,1,2024-03-03,1,6,1059,5025,7006,571,1,0
222,374,2,2022-02-28,1,20,1191,5420,7020,576,1,0
223,376,1,2023-05-04,1,5,1042,5300,7005,579,1,0
224,379,1,2026-09-21,1,5,1041,5077,7005,584,1,0
225,379,1,2026-08-02,1,5,1041,5077,7005,585,1,0
226,383,1,2025-06-04,1,7,1070,5130,7007,592,1,0
227,386,2,2026-03-24,1,5,1044,5121,7005,595,1,0
228,387,1,2024-06-03,1,20,1199,5084,7020,596,1,0
229,390,1,2022-07-09,1,5,1044,5260,7005,600,1,0
230,391,1,2024-04-02,1,20,1194,5372,7020,601,1,0
231,392,2,2023-07-10,1,22,1219,5054,7022,604,1,0
232,392,2,2023-07-04,1,22,1219,5054,7022,602,1,0
233,393,2,2026-05-15,1,8,1076,5471,7008,605,1,0
234,394,2,2024-12-18,1,6,1053,5133,7006,606,1,0
235,395,2,2023-11-09,1,5,1047,5600,7005,607,1,0
236,396,1,2022-10-07,1,11,1109,5341,7011,609,1,0
237,396,1,2022-08-28,1,11,1109,5341,7011,608,1,0
238,401,2,2025-02-17,1,3,1030,5041,7003,616,1,0
239,402,1,2025-10-16,1,3,1029,5543,7003,618,1,0
240,403,1,2025-01-22,1,25,1241,5513,7025,621,1,0
241,406,1,2024-06-17,1,9,1088,5545,7009,628,1,0
242,409,1,2026-03-24,1,5,1045,5419,7005,632,1,0
243,410,1,2022-09-03,1,25,1248,5229,7025,634,1,0
244,414,1,2024-09-21,1,30,1293,5455,7030,639,1,0
245,417,2,2025-06-05,1,5,1044,5561,7005,644,1,0
246,418,1,2025-03-08,1,3,1025,5591,7003,645,1,0
247,419,1,2023-08-09,1,25,1249,5280,7025,646,1,0
248,421,1,2022-10-08,1,5,1045,5419,7005,648,1,0
249,422,2,2022-04-11,1,14,1131,5048,7014,649,1,0
250,423,1,2025-12-19,1,29,1282,5321,7029,650,1,0
251,424,1,2026-08-10,1,5,1047,5527,7005,652,1,0
252,424,2,2026-07-06,1,5,1047,5527,7005,651,1,0
253,426,2,2025-05-29,1,5,1046,5031,7005,654,1,0
254,427,1,2023-01-25,1,1,1006,5509,7001,655,1,0
255,428,1,2024-05-15,1,29,1288,5236,7029,656,1,0
256,429,1,2022-02-24,1,20,1199,5084,7020,657,1,0
257,431,1,2022-02-19,1,7,1062,5151,7007,659,1,0
258,432,2,2025-11-20,1,21,1207,5064,7021,660,1,0
259,434,2,2025-05-25,1,5,1045,5419,7005,663,1,0
260,437,1,2024-10-09,1,7,1064,5380,7007,669,1,0
261,438,2,2024-01-13,1,31,1309,5583,7031,670,1,0
262,439,1,2025-04-26,1,1,1003,5516,7001,671,1,0
263,440,2,2024-09-29,1,26,1260,5237,7026,673,1,0
264,441,1,2025-07-30,1,5,1042,5300,7005,674,1,0
265,442,1,2024-05-27,1,6,1053,5422,7006,676,1,0
266,446,2,2025-12-04,1,21,1208,5396,7021,680,1,0
267,451,1,2023-11-18,1,9,1082,5515,7009,685,1,0
268,453,1,2024-01-24,1,23,1230,5499,7023,687,1,0
269,454,1,2024-06-05,1,7,1063,5009,7007,689,1,0
270,455,1,2022-01-26,1,26,1259,5541,7026,691,1,0
271,456,1,2026-08-01,1,8,1075,5154,7008,692,1,0
272,457,1,2024-08-21,1,13,1124,5245,7013,693,1,0
273,458,1,2025-11-19,1,26,1259,5541,7026,694,1,0
274,461,2,2023-11-12,1,28,1274,5487,7028,699,1,0
275,463,2,2023-10-11,1,14,1135,5230,7014,701,1,0
276,464,1,2025-02-14,1,11,1104,5488,7011,702,1,0
277,468,1,2025-09-30,1,19,1185,5378,7019,710,1,0
278,470,1,2022-04-24,1,4,1034,5140,7004,712,1,0
279,471,2,2025-07-19,1,5,1047,5527,7005,714,1,0
280,472,1,2025-01-12,1,15,1148,5566,7015,718,1,0
281,473,1,2026-06-07,1,13,1123,5087,7013,721,1,0
282,478,1,2025-03-04,1,16,1160,5501,7016,731,1,0
283,480,2,2022-11-07,1,17,1170,5285,7017,736,1,0
284,481,2,2024-05-08,1,22,1220,5194,7022,740,1,0
285,483,1,2025-09-25,1,19,1184,5479,7019,747,1,0
286,484,1,2023-03-17,1,18,1173,5219,7018,748,1,0
287,487,1,2026-04-22,1,10,1096,5409,7010,754,1,0
288,488,1,2025-06-13,1,12,1119,5198,7012,759,1,0
289,488,1,2025-06-26,1,12,1119,5198,7012,758,1,0
290,491,1,2025-01-17,1,21,1202,5421,7021,762,1,0
291,493,2,2025-11-11,1,30,1294,5120,7030,765,1,0
292,494,1,2026-09-09,1,25,1241,5132,7025,766,1,0
293,495,1,2022-12-06,1,4,1034,5260,7004,767,1,0
294,500,1,2022-10-01,1,21,1208,5176,7021,773,1,0
295,505,1,2026-10-21,1,29,1283,5534,7029,780,1,0
296,507,1,2025-09-15,1,17,1163,5473,7017,782,1,0
297,508,1,2024-11-12,1,3,1030,5459,7003,784,1,0
298,513,2,2026-04-30,1,10,1092,5180,7010,790,1,0
299,515,1,2024-10-09,1,5,1049,5582,7005,792,1,0
300,517,1,2023-12-30,1,18,1174,5209,7018,794,1,0
301,518,1,2025-01-06,1,1,1010,5588,7001,795,1,0
302,519,1,2025-05-22,1,21,1204,5201,7021,796,1,0
303,522,1,2023-04-05,1,7,1070,5130,7007,801,1,0
304,524,1,2023-09-29,1,6,1054,5576,7006,804,1,0
305,526,2,2022-12-14,1,10,1097,5171,7010,811,1,0
306,526,1,2023-01-11,1,10,1097,5171,7010,809,1,0
307,527,1,2024-04-22,1,5,1043,5343,7005,812,1,0
308,534,2,2022-06-08,1,13,1128,5472,7013,820,1,0
309,535,2,2026-10-06,1,3,1023,5127,7003,821,1,0
310,538,1,2024-05-24,1,11,1104,5141,7011,828,1,0
311,538,1,2024-04-17,1,11,1104,5141,7011,827,1,0
312,539,1,2024-06-15,1,13,1121,5358,7013,830,1,0
313,542,1,2024-06-14,1,30,1294,5252,7030,838,1,0
314,543,1,2026-08-31,1,25,1250,5502,7025,839,1,0
315,546,1,2023-06-11,1,16,1151,5189,7016,845,1,0
316,547,1,2026-04-21,1,9,1083,5149,7009,846,1,0
317,548,2,2022-05-09,1,13,1122,5153,7013,847,1,0
318,549,1,2026-03-19,1,24,1232,5352,7024,848,1,0
319,551,2,2023-06-05,1,5,1047,5600,7005,851,1,0
320,553,1,2026-04-11,1,30,1294,5252,7030,854,1,0
321,555,2,2026-05-11,1,5,1049,5561,7005,857,1,0
322,555,1,2026-05-14,1,5,1049,5561,7005,858,1,0
323,556,1,2023-03-17,1,3,1029,5336,7003,859,1,0
324,557,1,2023-09-22,1,16,1155,5178,7016,860,1,0
325,558,2,2025-12-05,1,31,1303,5085,7031,861,1,0
326,562,2,2026-01-24,1,26,1259,5541,7026,865,1,0
327,568,1,2024-03-14,1,4,1036,5485,7004,874,1,0
328,569,2,2024-02-25,1,1,1003,5570,7001,875,1,0
329,578,1,2026-09-17,1,6,1057,5129,7006,891,1,0
330,582,1,2026-06-26,1,13,1121,5358,7013,896,1,0
331,583,1,2023-08-10,1,17,1161,5119,7017,897,1,0
332,583,2,2023-07-23,1,17,1161,5119,7017,898,1,0
333,586,2,2026-09-02,1,5,1043,5343,7005,902,1,0
334,588,1,2026-07-27,1,27,1262,5444,7027,904,1,0
335,589,2,2024-06-15,1,9,1088,5443,7009,905,1,0
336,589,2,2024-05-03,1,9,1088,5443,7009,906,1,0
337,593,1,2024-09-05,1,25,1242,5406,7025,912,1,0
338,593,1,2024-07-25,1,25,1242,5406,7025,913,1,0
339,596,1,2022-09-10,1,30,1294,5252,7030,916,1,0
340,597,1,2026-05-24,1,5,1044,5399,7005,919,1,0
341,597,1,2026-08-09,1,5,1044,5399,7005,918,1,0
342,600,1,2022-10-23,1,1,1006,5308,7001,923,1,0
343,601,2,2023-11-19,1,12,1119,5387,7012,924,1,0
344,604,2,2026-01-13,1,3,1028,5402,7003,932,1,0
345,605,1,2025-11-27,1,30,1295,5180,7030,935,1,0
346,610,1,2023-08-26,1,19,1183,5093,7019,941,1,0
347,612,1,2023-01-25,1,17,1170,5285,7017,943,1,0
348,612,1,2023-02-02,1,17,1170,5285,7017,944,1,0
349,613,1,2025-02-16,1,9,1083,5185,7009,945,1,0
350,615,1,2024-11-28,1,13,1124,5245,7013,950,1,0
351,617,1,2024-08-30,1,3,1030,5071,7003,954,1,0
352,620,1,2024-02-25,1,26,1252,5330,7026,960,1,0
353,620,2,2024-04-24,1,26,1252,5330,7026,959,1,0
354,622,1,2026-07-04,1,4,1035,5525,7004,963,1,0
355,626,2,2025-01-30,1,5,1041,5311,7005,970,1,0
356,627,1,2024-12-18,1,7,1065,5344,7007,972,1,0
357,629,1,2023-01-02,1,5,1047,5600,7005,975,1,0
358,631,2,2022-10-29,1,28,1276,5196,7028,979,1,0
359,634,1,2024-01-01,1,17,1163,5394,7017,983,1,0
360,636,1,2022-05-15,1,14,1134,5031,7014,987,1,0
361,637,1,2022-02-06,1,30,1294,5120,7030,989,1,0
362,640,1,2023-05-21,1,2,1017,5467,7002,997,1,0
363,643,1,2023-07-18,1,4,1031,5512,7004,1000,1,0
364,644,1,2024-09-17,1,5,1047,5527,7005,1001,1,0
365,647,1,2023-02-27,1,5,1047,5186,7005,1004,1,0
366,648,1,2025-07-09,1,23,1228,5244,7023,1006,1,0
367,650,1,2025-02-26,1,13,1129,5018,7013,1008,1,0
368,651,1,2026-05-19,1,5,1050,5125,7005,1009,1,0
369,654,1,2022-11-26,1,16,1158,5213,7016,1015,1,0
370,656,1,2024-06-10,1,28,1275,5376,7028,1020,1,0
371,658,2,2024-05-13,1,14,1137,5445,7014,1025,1,0
372,662,1,2024-10-24,1,13,1130,5221,7013,1032,1,0
373,662,1,2024-09-09,1,13,1130,5221,7013,1031,1,0
374,665,1,2024-11-15,1,14,1134,5031,7014,1036,1,0
375,667,1,2026-05-30,1,26,1256,5422,7026,1041,1,0
376,667,1,2026-04-10,1,26,1256,5422,7026,1040,1,0
377,668,1,2025-07-29,1,4,1035,5525,7004,1042,1,0
378,671,1,2022-05-05,1,3,1029,5336,7003,1047,1,0
379,674,1,2022-05-29,1,27,1264,5146,7027,1051,1,0
380,675,1,2025-10-27,1,21,1201,5145,7021,1052,1,0
381,679,1,2023-04-24,1,2,1017,5467,7002,1058,1,0
382,682,1,2022-04-12,1,7,1067,5529,7007,1061,1,0
383,683,2,2023-08-25,1,5,1042,5300,7005,1063,1,0
384,684,2,2022-10-02,1,2,1016,5590,7002,1064,1,0
385,686,2,2025-12-17,1,21,1201,5023,7021,1067,1,0
386,687,2,2023-03-27,1,1,1004,5263,7001,1068,1,0
387,688,1,2026-08-30,1,5,1047,5527,7005,1069,1,0
388,689,1,2025-03-29,1,24,1236,5576,7024,1070,1,0
389,690,1,2025-01-09,1,5,1044,5498,7005,1072,1,0
390,692,2,2024-11-12,1,23,1223,5365,7023,1076,1,0
391,695,1,2023-06-18,1,1,1009,5090,7001,1083,1,0
392,700,1,2026-02-19,1,7,1070,5302,7007,1095,1,0
393,702,1,2023-06-29,1,5,1042,5300,7005,1097,1,0
394,703,1,2025-09-15,1,17,1168,5133,7017,1098,1,0
395,704,1,2025-06-12,1,28,1276,5227,7028,1102,1,0
396,706,2,2022-12-29,1,1,1008,5274,7001,1108,1,0
397,706,1,2022-12-02,1,1,1008,5274,7001,1107,1,0
398,712,1,2025-04-14,1,31,1307,5256,7031,1119,1,0
399,718,2,2025-08-07,1,18,1176,5417,7018,1126,1,0
400,719,1,2023-01-27,1,15,1144,5580,7015,1128,1,0
401,723,1,2025-03-18,1,5,1041,5496,7005,1136,1,0
402,727,2,2026-04-27,1,28,1274,5487,7028,1141,1,0
403,728,1,2024-02-03,1,2,1011,5385,7002,1142,1,0
404,729,1,2025-02-17,1,21,1201,5145,7021,1144,1,0
405,731,1,2022-06-01,1,16,1152,5463,7016,1147,1,0
406,732,1,2022-12-24,1,30,1292,5138,7030,1148,1,0
407,733,1,2025-05-30,1,31,1308,5206,7031,1149,1,0
408,734,1,2025-02-14,1,27,1262,5045,7027,1150,1,0
409,737,1,2024-10-29,1,8,1077,5115,7008,1155,1,0
410,738,1,2024-11-21,1,28,1280,5355,7028,1157,1,0
411,738,1,2025-02-12,1,28,1280,5355,7028,1156,1,0
412,741,2,2022-12-31,1,8,1071,5013,7008,1161,1,0
413,744,2,2025-09-15,1,14,1133,5392,7014,1165,1,0
414,745,2,2026-05-04,1,1,1009,5349,7001,1167,1,0
415,748,2,2025-09-18,1,10,1093,5327,7010,1170,1,0
416,749,2,2024-03-28,1,17,1168,5133,7017,1171,1,0
417,750,2,2022-06-12,1,19,1190,5348,7019,1172,1,0
418,751,1,2025-04-04,1,22,1211,5489,7022,1173,1,0
419,753,1,2026-03-27,1,28,1278,5271,7028,1177,1,0
420,755,1,2022-09-19,1,5,1049,5582,7005,1182,1,0
421,756,1,2023-07-17,1,9,1088,5390,7009,1183,1,0
422,760,2,2024-09-09,1,22,1220,5276,7022,1188,1,0
423,768,1,2024-05-05,1,26,1260,5354,7026,1199,1,0
424,769,1,2025-06-01,1,29,1286,5500,7029,1202,1,0
425,771,2,2023-12-30,1,5,1045,5419,7005,1205,1,0
426,772,1,2023-04-15,1,5,1048,5572,7005,1207,1,0
427,776,1,2023-02-02,1,5,1041,5496,7005,1215,1,0
428,778,1,2026-09-29,1,10,1100,5401,7010,1218,1,0
429,781,1,2025-10-07,1,28,1278,5562,7028,1222,1,0
430,782,1,2024-04-17,1,16,1156,5312,7016,1223,1,0
431,788,2,2025-08-07,1,13,1122,5153,7013,1233,1,0
432,789,1,2023-11-17,1,17,1166,5342,7017,1235,1,0
433,790,2,2026-05-03,1,6,1059,5020,7006,1236,1,0
434,791,1,2025-09-09,1,20,1197,5585,7020,1238,1,0
435,792,2,2024-04-17,1,9,1085,5283,7009,1242,1,0
436,792,1,2024-06-30,1,9,1085,5283,7009,1240,1,0
437,797,1,2022-09-24,1,18,1176,5417,7018,1253,1,0
438,797,2,2022-10-13,1,18,1176,5417,7018,1252,1,0
439,800,1,2022-10-26,1,26,1259,5541,7026,1256,1,0
440,801,1,2025-06-25,1,22,1218,5011,7022,1257,1,0
441,802,1,2022-10-14,1,26,1252,5330,7026,1259,1,0
442,803,1,2023-01-19,1,5,1046,5002,7005,1261,1,0
443,807,2,2024-12-23,1,1,1006,5113,7001,1267,1,0
444,809,2,2024-08-17,1,22,1211,5489,7022,1270,1,0
445,810,1,2025-03-19,1,5,1046,5405,7005,1271,1,0
446,811,1,2022-12-14,1,3,1023,5127,7003,1273,1,0
447,812,2,2026-04-20,1,24,1236,5482,7024,1274,1,0
448,815,1,2026-03-22,1,29,1282,5321,7029,1279,1,0
449,818,1,2024-01-17,1,22,1215,5563,7022,1283,1,0
450,819,1,2023-06-10,1,18,1171,5579,7018,1284,1,0
451,822,1,2024-04-04,1,22,1211,5489,7022,1289,1,0
452,824,1,2023-09-30,1,19,1186,5486,7019,1292,1,0
453,825,2,2026-03-16,1,12,1116,5114,7012,1294,1,0
454,826,1,2023-12-21,1,5,1043,5259,7005,1295,1,0
455,827,1,2023-07-18,1,30,1298,5340,7030,1297,1,0
456,827,1,2023-07-01,1,30,1298,5340,7030,1296,1,0
457,829,1,2023-04-05,1,25,1250,5502,7025,1300,1,0
458,830,1,2022-11-03,1,3,1023,5127,7003,1304,1,0
459,832,1,2025-11-30,1,3,1028,5006,7003,1308,1,0
460,833,1,2024-07-20,1,13,1127,5346,7013,1309,1,0
461,834,1,2022-05-17,1,9,1090,5448,7009,1310,1,0
462,835,1,2022-09-25,1,24,1238,5070,7024,1313,1,0
463,838,1,2023-10-09,1,22,1212,5291,7022,1321,1,0
464,839,1,2026-04-12,1,29,1290,5286,7029,1322,1,0
465,839,2,2026-03-08,1,29,1290,5286,7029,1323,1,0
466,840,1,2022-12-01,1,18,1175,5251,7018,1324,1,0
467,845,1,2022-09-20,1,20,1193,5012,7020,1332,1,0
468,848,1,2025-11-20,1,3,1028,5402,7003,1338,1,0
469,849,1,2024-11-19,1,11,1110,5399,7011,1339,1,0
470,853,2,2023-12-22,1,15,1143,5235,7015,1346,1,0
471,854,2,2026-03-15,1,1,1002,5216,7001,1347,1,0
472,855,1,2023-07-12,1,22,1211,5078,7022,1348,1,0
473,856,1,2023-07-30,1,1,1009,5285,7001,1350,1,0
474,857,2,2024-05-05,1,22,1214,5373,7022,1351,1,0
475,860,2,2024-02-14,1,26,1254,5288,7026,1356,1,0
476,861,1,2024-12-18,1,17,1167,5578,7017,1357,1,0
477,863,1,2026-08-21,1,30,1291,5133,7030,1359,1,0
478,864,1,2023-01-24,1,5,1049,5433,7005,1361,1,0
479,864,2,2023-03-15,1,5,1049,5433,7005,1360,1,0
480,865,1,2025-12-02,1,19,1183,5108,7019,1362,1,0
481,867,1,2024-01-10,1,13,1127,5346,7013,1364,1,0
482,872,2,2023-02-05,1,5,1045,5419,7005,1371,1,0
483,872,1,2022-10-23,1,5,1045,5419,7005,1372,1,0
484,873,1,2024-08-17,1,9,1085,5253,7009,1373,1,0
485,874,1,2025-07-12,1,22,1212,5204,7022,1375,1,0
486,876,2,2025-09-21,1,20,1191,5420,7020,1379,1,0
487,877,1,2023-03-21,1,18,1179,5381,7018,1380,1,0
488,878,1,2024-01-06,1,11,1110,5067,7011,1381,1,0
489,879,1,2022-05-03,1,13,1123,5087,7013,1382,1,0
490,880,1,2023-03-20,1,24,1238,5070,7024,1383,1,0
491,882,1,2022-08-29,1,31,1305,5491,7031,1387,1,0
492,883,2,2025-10-04,1,9,1085,5253,7009,1389,1,0
493,883,1,2025-08-31,1,9,1085,5253,7009,1388,1,0
494,884,2,2023-04-10,1,18,1172,5092,7018,1392,1,0
495,886,1,2024-08-30,1,18,1174,5209,7018,1397,1,0
496,888,2,2022-12-08,1,14,1140,5079,7014,1404,1,0
497,889,2,2025-01-03,1,5,1046,5265,7005,1406,1,0
498,891,1,2026-04-01,1,31,1302,5188,7031,1408,1,0
499,893,2,2023-12-11,1,30,1293,5455,7030,1412,1,0
500,894,1,2026-05-26,1,11,1107,5272,7011,1413,1,0
501,895,2,2022-09-07,1,17,1167,5143,7017,1415,1,0
502,896,1,2022-06-19,1,6,1054,5576,7006,1417,1,0
503,899,1,2026-10-05,1,24,1237,5326,7024,1420,1,0
504,901,1,2022-05-06,1,29,1287,5112,7029,1423,1,0
505,902,1,2026-02-19,1,21,1201,5145,7021,1424,1,0
506,906,1,2023-04-29,1,5,1048,5204,7005,1431,1,0
507,907,1,2022-11-22,1,22,1220,5276,7022,1432,1,0
508,909,1,2026-04-30,1,3,1021,5562,7003,1435,1,0
509,911,1,2023-02-13,1,13,1123,5087,7013,1438,1,0
510,912,2,2022-12-02,1,7,1069,5036,7007,1439,1,0
511,913,1,2025-07-08,1,18,1180,5155,7018,1441,1,0
512,913,2,2025-04-09,1,18,1180,5155,7018,1440,1,0
513,914,1,2025-09-25,1,30,1294,5120,7030,1442,1,0
514,918,1,2025-09-15,1,21,1206,5017,7021,1447,1,0
515,919,1,2023-07-30,1,10,1094,5069,7010,1448,1,0
516,921,1,2023-01-10,1,7,1063,5009,7007,1453,1,0
517,922,1,2025-09-25,1,26,1254,5288,7026,1454,1,0
518,924,1,2024-02-24,1,17,1168,5133,7017,1458,1,0
519,926,1,2025-09-30,1,28,1271,5150,7028,1462,1,0
520,927,1,2025-12-05,1,26,1256,5099,7026,1465,1,0
521,929,1,2026-06-24,1,17,1168,5133,7017,1468,1,0
522,930,1,2024-08-03,1,15,1149,5581,7015,1469,1,0
523,931,1,2024-04-09,1,5,1049,5561,7005,1470,1,0
524,932,2,2025-03-20,1,5,1041,5496,7005,1473,1,0
525,933,1,2023-04-07,1,27,1268,5599,7027,1475,1,0
526,933,2,2023-01-06,1,27,1268,5599,7027,1474,1,0
527,936,1,2025-05-17,1,22,1215,5425,7022,1483,1,0
528,937,1,2025-07-19,1,25,1248,5063,7025,1484,1,0
529,938,1,2023-09-15,1,16,1157,5462,7016,1486,1,0
530,940,1,2025-04-16,1,10,1091,5098,7010,1491,1,0
531,945,1,2023-05-04,1,5,1041,5094,7005,1498,1,0
532,946,1,2022-03-31,1,16,1156,5039,7016,1501,1,0
533,947,2,2026-03-23,1,20,1194,5372,7020,1503,1,0
534,948,1,2024-12-15,1,6,1060,5200,7006,1506,1,0
535,951,1,2024-12-26,1,7,1061,5297,7007,1513,1,0
536,954,1,2025-07-08,1,18,1173,5219,7018,1519,1,0
537,955,1,2024-07-15,1,22,1214,5373,7022,1520,1,0
538,957,1,2026-02-17,1,29,1284,5167,7029,1522,1,0
539,958,1,2026-03-10,1,19,1188,5565,7019,1523,1,0
540,959,2,2026-05-13,1,20,1192,5184,7020,1525,1,0
541,960,1,2024-09-29,1,7,1069,5483,7007,1528,1,0
542,961,1,2022-02-15,1,8,1079,5111,7008,1530,1,0
543,962,1,2023-03-02,1,21,1210,5081,7021,1532,1,0
544,964,1,2024-03-23,1,26,1252,5330,7026,1535,1,0
545,966,1,2026-04-30,1,19,1181,5249,7019,1537,1,0
546,969,2,2023-12-30,1,29,1284,5233,7029,1541,1,0
547,971,2,2024-10-16,1,22,1219,5054,7022,1543,1,0
548,972,2,2026-01-29,1,8,1077,5345,7008,1544,1,0
549,973,1,2024-02-15,1,10,1098,5356,7010,1546,1,0
550,974,2,2023-03-21,1,27,1268,5587,7027,1547,1,0
551,975,1,2024-09-30,1,9,1087,5281,7009,1549,1,0
552,978,1,2025-09-11,1,2,1013,5308,7002,1552,1,0
553,979,1,2025-01-17,1,6,1059,5503,7006,1553,1,0
554,980,2,2022-12-04,1,18,1176,5417,7018,1554,1,0
555,980,2,2022-11-06,1,18,1176,5417,7018,1555,1,0
556,981,1,2026-05-13,1,7,1061,5297,7007,1556,1,0
557,982,1,2022-08-11,1,13,1129,5018,7013,1559,1,0
558,983,2,2026-01-07,1,12,1115,5598,7012,1560,1,0
559,986,2,2024-10-28,1,11,1110,5163,7011,1567,1,0
560,987,1,2024-07-14,1,15,1150,5418,7015,1568,1,0
561,988,1,2023-09-17,1,8,1071,5350,7008,1569,1,0
562,989,2,2023-10-10,1,20,1199,5084,7020,1570,1,0
563,990,1,2023-01-11,1,23,1229,5312,7023,1571,1,0
564,991,1,2024-12-01,1,25,1245,5319,7025,1572,1,0
565,993,1,2025-03-12,1,5,1047,5186,7005,1574,1,0
566,994,1,2025-03-16,1,27,1267,5257,7027,1576,1,0
567,995,2,2024-10-11,1,25,1247,5122,7025,1578,1,0
568,997,2,2022-06-23,1,17,1161,5119,7017,1580,1,0
569,1002,2,2026-01-11,1,31,1301,5105,7031,1589,1,0
570,1003,1,2025-03-17,1,5,1043,5343,7005,1591,1,0
571,1005,1,2025-08-01,1,6,1060,5550,7006,1594,1,0
572,1006,1,2025-07-25,1,7,1064,5498,7007,1595,1,0
573,1008,2,2025-08-22,1,22,1219,5054,7022,1600,1,0
574,1009,1,2025-01-15,1,5,1050,5303,7005,1601,1,0
575,1010,1,2026-06-19,1,1,1009,5462,7001,1602,1,0
576,1011,1,2025-01-15,1,3,1029,5336,7003,1604,1,0
577,1012,1,2024-03-24,1,3,1026,5093,7003,1607,1,0
578,1013,1,2025-01-19,1,4,1036,5485,7004,1609,1,0
579,1013,1,2025-01-27,1,4,1036,5485,7004,1608,1,0
580,1014,2,2023-08-25,1,3,1022,5007,7003,1610,1,0
581,1015,1,2024-05-22,1,31,1310,5567,7031,1611,1,0
582,1016,1,2024-06-12,1,30,1297,5578,7030,1612,1,0
583,1017,1,2024-06-10,1,9,1085,5500,7009,1615,1,0
584,1018,1,2024-10-01,1,13,1122,5153,7013,1616,1,0
585,1019,1,2024-01-23,1,31,1308,5206,7031,1617,1,0
586,1020,1,2022-09-25,1,22,1212,5204,7022,1618,1,0
587,1024,1,2023-12-28,1,15,1143,5235,7015,1624,1,0
588,1025,1,2023-08-19,1,1,1004,5546,7001,1626,1,0
589,1026,2,2026-04-09,1,16,1159,5333,7016,1627,1,0
590,1032,2,2025-01-03,1,17,1170,5285,7017,1636,1,0
591,1033,2,2024-06-29,1,5,1043,5259,7005,1637,1,0
592,1034,1,2024-10-15,1,29,1289,5304,7029,1639,1,0
593,1036,2,2023-11-18,1,5,1047,5186,7005,1643,1,0
594,1043,1,2026-04-05,1,30,1292,5138,7030,1658,1,0
595,1043,1,2025-12-29,1,30,1292,5138,7030,1657,1,0
596,1044,1,2023-08-03,1,11,1104,5423,7011,1659,1,0
597,1046,1,2026-02-16,1,6,1060,5200,7006,1662,1,0
598,1046,1,2026-02-05,1,6,1060,5200,7006,1663,1,0
599,1048,1,2023-11-06,1,5,1042,5300,7005,1665,1,0
600,1049,1,2024-03-12,1,31,1307,5256,7031,1666,1,0
601,1051,2,2024-04-21,1,18,1171,5452,7018,1671,1,0
602,1056,1,2025-07-09,1,22,1220,5276,7022,1677,1,0
603,1056,2,2025-10-22,1,22,1220,5276,7022,1678,1,0
604,1059,1,2022-08-01,1,2,1012,5476,7002,1682,1,0
605,1060,2,2022-10-01,1,17,1163,5191,7017,1684,1,0
606,1068,1,2024-06-04,1,6,1058,5278,7006,1700,1,0
607,1071,1,2024-09-18,1,5,1042,5300,7005,1707,1,0
608,1075,2,2026-02-15,1,21,1208,5094,7021,1712,1,0
609,1076,1,2022-11-24,1,19,1184,5479,7019,1713,1,0
610,1078,2,2023-04-09,1,29,1286,5021,7029,1718,1,0
611,1079,1,2025-06-06,1,22,1216,5581,7022,1722,1,0
612,1080,1,2022-08-14,1,29,1286,5143,7029,1724,1,0
613,1082,1,2022-05-23,1,20,1192,5184,7020,1728,1,0
614,1085,1,2023-01-03,1,19,1189,5535,7019,1733,1,0
615,1088,2,2024-05-16,1,13,1128,5156,7013,1740,1,0
616,1103,2,2024-12-01,1,22,1218,5103,7022,1763,1,0
617,1104,1,2025-03-15,1,14,1137,5445,7014,1764,1,0
618,1105,1,2022-10-13,1,31,1301,5217,7031,1765,1,0
619,1108,1,2023-05-19,1,22,1215,5464,7022,1768,1,0
620,1109,2,2026-06-21,1,17,1167,5143,7017,1769,1,0
621,1110,1,2023-06-05,1,27,1267,5257,7027,1770,1,0
622,1111,1,2024-05-28,1,8,1075,5222,7008,1771,1,0
623,1113,1,2023-11-07,1,26,1256,5099,7026,1775,1,0
624,1118,1,2026-03-27,1,5,1043,5259,7005,1784,1,0
625,1119,2,2024-03-12,1,5,1047,5527,7005,1786,1,0
626,1120,1,2023-02-06,1,12,1117,5477,7012,1787,1,0
627,1121,2,2026-10-16,1,28,1275,5574,7028,1788,1,0
628,1122,2,2023-07-07,1,23,1230,5197,7023,1790,1,0
629,1123,1,2025-06-12,1,5,1044,5064,7005,1792,1,0
630,1124,1,2023-02-06,1,28,1276,5391,7028,1794,1,0
631,1125,1,2023-06-18,1,15,1145,5234,7015,1795,1,0
632,1128,1,2023-10-29,1,4,1039,5073,7004,1802,1,0
633,1129,2,2023-05-16,1,8,1079,5111,7008,1804,1,0
634,1130,1,2023-02-15,1,17,1169,5553,7017,1805,1,0
635,1132,1,2022-11-03,1,20,1194,5372,7020,1808,1,0
636,1134,2,2024-05-09,1,24,1238,5267,7024,1813,1,0
637,1137,2,2024-07-30,1,16,1158,5263,7016,1818,1,0
638,1137,1,2024-08-27,1,16,1158,5263,7016,1817,1,0
639,1138,2,2025-09-09,1,16,1154,5096,7016,1819,1,0
640,1139,1,2024-11-29,1,5,1046,5542,7005,1822,1,0
641,1144,1,2022-02-14,1,2,1016,5565,7002,1833,1,0
642,1145,1,2023-08-26,1,30,1298,5340,7030,1838,1,0
643,1145,2,2023-08-26,1,30,1298,5340,7030,1836,1,0
644,1148,2,2024-05-11,1,3,1028,5402,7003,1843,1,0
645,1150,1,2022-03-28,1,17,1164,5131,7017,1849,1,0
646,1152,1,2023-02-07,1,29,1281,5055,7029,1852,1,0
647,1153,1,2023-07-20,1,9,1084,5250,7009,1854,1,0
648,1154,2,2025-06-25,1,5,1041,5094,7005,1855,1,0
649,1159,2,2023-11-02,1,17,1166,5342,7017,1860,1,0
650,1159,1,2023-11-06,1,17,1166,5342,7017,1861,1,0
651,1162,1,2024-09-28,1,12,1115,5362,7012,1864,1,0
652,1164,1,2022-08-23,1,25,1248,5229,7025,1866,1,0
653,1166,1,2022-06-19,1,29,1283,5534,7029,1869,1,0
654,1167,1,2024-07-01,1,30,1291,5107,7030,1871,1,0
655,1169,2,2024-03-18,1,9,1090,5101,7009,1875,1,0
656,1170,1,2026-01-08,1,15,1146,5258,7015,1877,1,0
657,1171,1,2024-11-18,1,18,1178,5593,7018,1879,1,0
658,1173,1,2023-03-03,1,5,1047,5527,7005,1881,1,0
659,1174,1,2024-11-04,1,9,1082,5515,7009,1882,1,0
660,1176,1,2025-09-04,1,27,1261,5375,7027,1884,1,0
661,1176,1,2025-07-04,1,27,1261,5375,7027,1885,1,0
662,1177,1,2023-02-16,1,5,1041,5496,7005,1886,1,0
663,1178,1,2023-08-07,1,14,1140,5079,7014,1888,1,0
664,1178,1,2023-05-27,1,14,1140,5079,7014,1887,1,0
665,1180,1,2024-12-24,1,28,1276,5227,7028,1891,1,0
666,1183,2,2026-08-04,1,24,1231,5212,7024,1897,1,0
667,1183,1,2026-08-30,1,24,1231,5212,7024,1896,1,0
668,1188,1,2026-01-01,1,3,1030,5459,7003,1904,1,0
669,1189,1,2023-01-25,1,15,1147,5160,7015,1906,1,0
670,1190,1,2022-07-07,1,26,1251,5169,7026,1907,1,0
671,1191,1,2025-04-02,1,12,1114,5524,7012,1908,1,0
672,1192,1,2022-06-01,1,30,1291,5181,7030,1909,1,0
673,1193,1,2026-10-05,1,20,1192,5184,7020,1910,1,0
674,1194,1,2025-02-03,1,10,1096,5123,7010,1911,1,0
675,1197,1,2024-12-22,1,7,1069,5214,7007,1916,1,0
676,1199,2,2024-08-04,1,20,1199,5084,7020,1920,1,0
677,1200,1,2024-09-26,1,25,1250,5502,7025,1921,1,0
678,1202,1,2023-04-25,1,21,1208,5186,7021,1923,1,0
679,1203,2,2026-05-22,1,5,1042,5300,7005,1924,1,0
680,1205,1,2025-06-21,1,11,1105,5113,7011,1926,1,0
681,1206,1,2025-08-29,1,6,1051,5116,7006,1927,1,0
682,1206,1,2025-11-12,1,6,1051,5116,7006,1928,1,0
683,1208,1,2023-06-11,1,8,1077,5345,7008,1931,1,0
684,1210,2,2023-06-29,1,5,1044,5518,7005,1936,1,0
685,1214,2,2023-07-01,1,6,1052,5152,7006,1945,1,0
686,1216,1,2024-09-08,1,11,1108,5397,7011,1948,1,0
687,1218,1,2023-09-10,1,9,1087,5281,7009,1952,1,0
688,1220,2,2023-09-20,1,7,1063,5407,7007,1954,1,0
689,1222,1,2026-06-21,1,27,1266,5436,7027,1958,1,0
690,1223,1,2025-01-11,1,1,1006,5235,7001,1959,1,0
691,1227,1,2024-05-15,1,5,1046,5067,7005,1963,1,0
692,1230,1,2026-09-03,1,30,1299,5089,7030,1966,1,0
693,1231,1,2022-08-26,1,25,1243,5456,7025,1967,1,0
694,1236,2,2023-09-30,1,21,1205,5128,7021,1974,1,0
695,1237,1,2025-08-26,1,30,1298,5025,7030,1975,1,0
696,1238,1,2023-11-06,1,13,1123,5142,7013,1976,1,0
697,1240,1,2025-11-25,1,7,1066,5505,7007,1978,1,0
698,1242,1,2026-03-18,1,17,1167,5578,7017,1981,1,0
699,1244,1,2025-08-23,1,8,1079,5111,7008,1983,1,0
700,1246,1,2026-01-07,1,11,1103,5538,7011,1986,1,0
701,1247,1,2026-05-31,1,15,1146,5258,7015,1988,1,0
702,1248,1,2024-04-24,1,8,1074,5049,7008,1990,1,0
703,1250,1,2025-10-25,1,5,1046,5351,7005,1993,1,0
704,1251,1,2025-08-03,1,5,1050,5125,7005,1994,1,0
705,1254,1,2025-03-27,1,18,1172,5092,7018,1998,1,0
706,1255,2,2024-12-29,1,17,1169,5553,7017,2001,1,0
707,1256,1,2024-08-15,1,27,1267,5257,7027,2002,1,0
708,1258,1,2024-01-30,1,20,1191,5420,7020,2007,1,0
709,1259,1,2024-01-19,1,16,1160,5501,7016,2008,1,0
710,1261,1,2024-04-24,1,10,1094,5038,7010,2013,1,0
711,1262,1,2023-07-20,1,9,1082,5515,7009,2014,1,0
712,1264,2,2025-05-03,1,29,1282,5321,7029,2017,1,0
713,1265,1,2022-10-15,1,3,1026,5026,7003,2019,1,0
714,1267,2,2024-09-17,1,27,1266,5436,7027,2022,1,0
715,1273,1,2024-04-04,1,29,1286,5410,7029,2033,1,0
716,1274,2,2025-06-07,1,3,1021,5374,7003,2035,1,0
717,1276,1,2026-02-17,1,13,1130,5221,7013,2039,1,0
718,1277,2,2022-04-30,1,5,1048,5571,7005,2041,1,0
719,1278,1,2025-06-10,1,3,1024,5032,7003,2043,1,0
720,1278,2,2025-06-17,1,3,1024,5032,7003,2042,1,0
721,1282,2,2022-02-07,1,11,1103,5538,7011,2049,1,0
722,1283,1,2026-07-08,1,15,1143,5235,7015,2050,1,0
723,1284,1,2022-07-06,1,4,1032,5167,7004,2051,1,0
724,1285,2,2024-08-26,1,5,1047,5600,7005,2052,1,0
725,1287,1,2023-03-22,1,5,1048,5138,7005,2054,1,0
726,1290,1,2024-04-11,1,6,1053,5117,7006,2060,1,0
727,1291,1,2026-02-19,1,5,1049,5561,7005,2063,1,0
728,1292,1,2022-05-02,1,8,1072,5073,7008,2065,1,0
729,1294,1,2026-04-03,1,5,1048,5137,7005,2067,1,0
730,1298,1,2025-03-22,1,28,1276,5227,7028,2076,1,0
731,1299,2,2023-07-02,1,2,1013,5308,7002,2078,1,0
732,1299,2,2023-06-23,1,2,1013,5308,7002,2077,1,0
733,1301,1,2025-04-07,1,5,1046,5057,7005,2081,1,0
734,1302,2,2022-10-27,1,22,1214,5373,7022,2082,1,0
735,1304,1,2025-03-23,1,21,1208,5490,7021,2084,1,0
736,1306,1,2023-12-17,1,23,1230,5499,7023,2086,1,0
737,1308,1,2022-09-05,1,29,1287,5112,7029,2088,1,0
738,1313,1,2025-09-20,1,10,1097,5171,7010,2100,1,0
739,1314,2,2025-11-26,1,11,1103,5538,7011,2101,1,0
740,1316,1,2024-03-30,1,7,1061,5238,7007,2106,1,0
741,1317,1,2022-09-06,1,5,1048,5534,7005,2107,1,0
742,1318,2,2025-10-29,1,24,1237,5599,7024,2108,1,0
743,1319,1,2025-03-15,1,11,1108,5555,7011,2113,1,0
744,1320,1,2024-11-28,1,9,1086,5198,7009,2115,1,0
745,1323,1,2025-08-18,1,29,1281,5055,7029,2119,1,0
746,1324,2,2025-05-20,1,16,1151,5454,7016,2121,1,0
747,1326,1,2024-01-07,1,5,1048,5183,7005,2124,1,0
748,1327,2,2024-09-28,1,14,1140,5079,7014,2125,1,0
749,1327,1,2024-08-23,1,14,1140,5079,7014,2126,1,0
750,1328,1,2022-11-19,1,26,1254,5288,7026,2127,1,0
751,1329,1,2025-08-31,1,31,1304,5232,7031,2128,1,0
752,1332,1,2025-03-22,1,5,1050,5450,7005,2131,1,0
753,1336,2,2025-03-12,1,4,1035,5525,7004,2136,1,0
754,1337,1,2025-11-13,1,24,1231,5212,7024,2141,1,0
755,1341,1,2025-12-03,1,21,1207,5298,7021,2150,1,0
756,1345,1,2025-07-03,1,4,1033,5110,7004,2155,1,0
757,1346,2,2025-10-04,1,18,1173,5219,7018,2156,1,0
758,1348,1,2022-08-19,1,7,1064,5553,7007,2159,1,0
759,1350,2,2025-06-19,1,19,1186,5486,7019,2163,1,0
760,1353,1,2026-01-16,1,26,1258,5015,7026,2169,1,0
761,1356,2,2022-10-21,1,31,1302,5188,7031,2174,1,0
762,1359,1,2024-12-08,1,5,1043,5343,7005,2178,1,0
763,1359,2,2025-01-03,1,5,1043,5343,7005,2177,1,0
764,1361,1,2025-06-19,1,23,1225,5511,7023,2184,1,0
765,1362,1,2023-02-23,1,6,1059,5014,7006,2185,1,0
766,1367,2,2022-11-10,1,30,1295,5180,7030,2190,1,0
767,1372,2,2022-07-24,1,1,1004,5478,7001,2197,1,0
768,1373,1,2025-02-22,1,6,1052,5152,7006,2198,1,0
769,1375,1,2025-10-17,1,22,1217,5461,7022,2200,1,0
770,1376,1,2022-10-23,1,11,1101,5470,7011,2203,1,0
771,1377,1,2022-06-28,1,16,1158,5072,7016,2204,1,0
772,1380,1,2025-03-17,1,6,1055,5536,7006,2207,1,0
773,1381,2,2023-01-08,1,28,1272,5277,7028,2209,1,0
774,1382,1,2023-11-18,1,5,1042,5300,7005,2211,1,0
775,1383,1,2024-09-07,1,28,1273,5249,7028,2213,1,0
776,1385,1,2026-08-28,1,4,1039,5442,7004,2216,1,0
777,1386,2,2023-08-07,1,18,1180,5155,7018,2218,1,0
778,1386,1,2023-10-20,1,18,1180,5155,7018,2217,1,0
779,1391,1,2022-09-11,1,26,1252,5330,7026,2225,1,0
780,1393,2,2022-11-24,1,13,1125,5379,7013,2228,1,0
781,1394,1,2026-04-10,1,13,1122,5153,7013,2230,1,0
782,1396,1,2026-08-20,1,16,1158,5150,7016,2232,1,0
783,1401,2,2026-08-06,1,23,1227,5287,7023,2239,1,0
784,1405,1,2024-01-08,1,5,1048,5204,7005,2245,1,0
785,1408,1,2023-06-24,1,31,1306,5594,7031,2248,1,0
786,1409,1,2022-03-13,1,13,1127,5346,7013,2249,1,0
787,1411,1,2026-06-21,1,5,1042,5300,7005,2252,1,0
788,1412,1,2023-06-24,1,26,1254,5288,7026,2253,1,0
789,1415,1,2023-10-17,1,5,1048,5568,7005,2258,1,0
790,1419,1,2026-07-06,1,5,1041,5311,7005,2265,1,0
791,1419,2,2026-05-16,1,5,1041,5311,7005,2264,1,0
792,1420,2,2025-07-06,1,26,1255,5008,7026,2266,1,0
793,1421,1,2023-02-12,1,10,1094,5069,7010,2267,1,0
794,1421,1,2023-04-14,1,10,1094,5069,7010,2268,1,0
795,1425,2,2022-08-22,1,8,1075,5154,7008,2277,1,0
796,1426,1,2024-01-31,1,14,1140,5079,7014,2278,1,0
797,1427,1,2026-03-21,1,23,1230,5197,7023,2280,1,0
798,1432,2,2022-07-31,1,26,1253,5411,7026,2289,1,0
799,1433,2,2025-03-27,1,7,1068,5174,7007,2290,1,0
800,1434,2,2022-08-18,1,28,1272,5522,7028,2291,1,0
801,1435,2,2024-04-03,1,14,1132,5265,7014,2293,1,0
802,1436,1,2023-09-29,1,22,1219,5054,7022,2294,1,0
803,1437,2,2025-12-30,1,24,1239,5446,7024,2296,1,0
804,1438,2,2025-05-19,1,11,1107,5503,7011,2297,1,0
805,1439,1,2024-03-02,1,8,1072,5073,7008,2298,1,0
806,1441,1,2023-07-22,1,14,1136,5316,7014,2301,1,0
807,1444,1,2022-10-04,1,19,1187,5313,7019,2307,1,0
808,1445,2,2024-11-04,1,22,1213,5052,7022,2309,1,0
809,1445,2,2024-12-23,1,22,1213,5052,7022,2310,1,0
810,1446,1,2024-06-19,1,5,1047,5527,7005,2311,1,0
811,1448,1,2025-06-04,1,10,1094,5038,7010,2314,1,0
812,1449,1,2026-10-07,1,25,1244,5211,7025,2315,1,0
813,1451,2,2023-03-11,1,4,1039,5513,7004,2318,1,0
814,1452,1,2025-06-28,1,22,1218,5103,7022,2320,1,0
815,1457,1,2024-01-27,1,21,1204,5318,7021,2327,1,0
816,1458,1,2026-06-04,1,9,1085,5283,7009,2330,1,0
817,1460,1,2024-11-25,1,3,1026,5093,7003,2332,1,0
818,1463,1,2025-01-28,1,13,1123,5142,7013,2336,1,0
819,1465,1,2024-09-23,1,27,1269,5387,7027,2339,1,0
820,1468,1,2022-05-12,1,22,1212,5204,7022,2342,1,0
821,1469,2,2022-12-23,1,5,1041,5496,7005,2343,1,0
822,1470,2,2026-03-29,1,18,1175,5251,7018,2347,1,0
823,1471,2,2025-05-17,1,13,1127,5346,7013,2348,1,0
824,1472,1,2022-05-13,1,27,1270,5468,7027,2351,1,0
825,1474,1,2026-04-24,1,26,1256,5351,7026,2354,1,0
826,1475,1,2022-04-20,1,1,1004,5263,7001,2355,1,0
827,1476,1,2025-06-13,1,11,1101,5589,7011,2356,1,0
828,1478,1,2025-03-03,1,3,1026,5026,7003,2358,1,0
829,1480,1,2022-12-20,1,13,1127,5346,7013,2361,1,0
830,1481,1,2025-05-19,1,4,1032,5167,7004,2362,1,0
831,1482,1,2026-06-21,1,5,1042,5300,7005,2363,1,0
832,1483,2,2023-02-10,1,5,1048,5372,7005,2364,1,0
833,1485,1,2023-03-06,1,5,1041,5311,7005,2366,1,0
834,1486,1,2022-02-07,1,21,1202,5421,7021,2369,1,0
835,1487,2,2024-07-20,1,13,1122,5153,7013,2370,1,0
836,1493,1,2026-06-05,1,30,1298,5340,7030,2382,1,0
837,1494,1,2025-03-05,1,30,1294,5252,7030,2383,1,0
838,1495,2,2023-09-23,1,2,1017,5296,7002,2384,1,0
839,1496,1,2022-09-12,1,5,1049,5561,7005,2385,1,0
840,1497,1,2024-02-17,1,22,1216,5554,7022,2386,1,0
841,1502,1,2026-06-04,1,3,1024,5032,7003,2395,1,0
842,1503,2,2026-03-27,1,26,1255,5008,7026,2396,1,0
843,1504,2,2025-02-26,1,11,1104,5141,7011,2397,1,0
844,1505,2,2025-08-31,1,24,1231,5135,7024,2398,1,0
845,1506,1,2022-07-24,1,9,1082,5515,7009,2402,1,0
846,1507,1,2024-04-11,1,1,1010,5588,7001,2403,1,0
847,1508,1,2025-06-26,1,20,1193,5012,7020,2404,1,0
848,1510,1,2026-06-22,1,15,1145,5234,7015,2407,1,0
849,1512,2,2025-05-24,1,4,1037,5324,7004,2409,1,0
850,1512,1,2025-06-26,1,4,1037,5324,7004,2410,1,0
851,1515,1,2026-03-23,1,10,1100,5549,7010,2414,1,0
852,1517,1,2024-03-24,1,26,1256,5351,7026,2417,1,0
853,1521,1,2022-03-07,1,30,1294,5120,7030,2424,1,0
854,1525,1,2026-05-21,1,7,1062,5046,7007,2431,1,0
855,1526,1,2026-07-03,1,19,1189,5451,7019,2432,1,0
856,1527,1,2023-09-02,1,21,1207,5298,7021,2433,1,0
857,1528,1,2026-09-30,1,16,1151,5569,7016,2434,1,0
858,1529,2,2023-05-12,1,24,1233,5457,7024,2437,1,0
859,1531,1,2024-04-03,1,11,1109,5341,7011,2439,1,0
860,1535,1,2024-04-25,1,24,1232,5352,7024,2445,1,0
861,1537,1,2024-07-06,1,11,1108,5397,7011,2448,1,0
862,1540,1,2025-01-27,1,3,1028,5006,7003,2455,1,0
863,1540,1,2025-03-14,1,3,1028,5006,7003,2456,1,0
864,1541,1,2022-09-24,1,17,1168,5133,7017,2458,1,0
865,1542,1,2023-04-06,1,26,1254,5288,7026,2462,1,0
866,1542,1,2023-05-06,1,26,1254,5288,7026,2461,1,0
867,1544,1,2023-11-27,1,5,1049,5561,7005,2464,1,0
868,1547,1,2026-07-25,1,3,1030,5415,7003,2467,1,0
869,1548,1,2025-10-20,1,2,1019,5484,7002,2468,1,0
870,1549,1,2022-06-23,1,3,1027,5315,7003,2469,1,0
871,1550,2,2024-04-28,1,20,1191,5420,7020,2472,1,0
872,1553,2,2023-12-20,1,17,1169,5553,7017,2475,1,0
873,1556,1,2023-06-19,1,4,1037,5559,7004,2478,1,0
874,1559,1,2025-01-25,1,20,1196,5156,7020,2485,1,0
875,1560,2,2023-01-18,1,5,1042,5300,7005,2487,1,0
876,1563,1,2025-08-25,1,8,1074,5233,7008,2492,1,0
877,1566,1,2023-03-01,1,15,1148,5566,7015,2496,1,0
878,1567,1,2025-08-25,1,19,1187,5587,7019,2497,1,0
879,1568,1,2023-01-19,1,19,1188,5555,7019,2499,1,0
880,1574,2,2025-03-06,1,21,1206,5017,7021,2508,1,0
881,1574,1,2025-01-16,1,21,1206,5017,7021,2507,1,0
882,1576,1,2023-11-01,1,6,1052,5152,7006,2512,1,0
883,1578,1,2025-05-21,1,10,1099,5467,7010,2514,1,0
884,1579,2,2026-02-28,1,7,1064,5524,7007,2515,1,0
885,1580,1,2025-05-01,1,5,1044,5600,7005,2517,1,0
886,1582,2,2025-02-04,1,15,1143,5235,7015,2522,1,0
887,1583,1,2023-04-30,1,3,1029,5336,7003,2524,1,0
888,1584,2,2024-01-19,1,26,1253,5039,7026,2526,1,0
889,1585,2,2024-07-07,1,13,1129,5018,7013,2528,1,0
890,1586,1,2022-07-22,1,9,1085,5283,7009,2529,1,0
891,1587,2,2023-04-28,1,22,1211,5124,7022,2530,1,0
892,1588,1,2025-07-19,1,17,1164,5131,7017,2531,1,0
893,1589,1,2023-05-16,1,5,1047,5600,7005,2534,1,0
894,1591,2,2023-05-27,1,5,1050,5303,7005,2537,1,0
895,1593,1,2026-09-08,1,5,1044,5139,7005,2540,1,0
896,1593,1,2026-08-05,1,5,1044,5139,7005,2541,1,0
897,1597,2,2026-02-12,1,22,1213,5201,7022,2547,1,0
898,1598,1,2024-12-27,1,5,1041,5496,7005,2549,1,0
899,1603,1,2026-04-25,1,17,1162,5232,7017,2559,1,0
900,1604,1,2025-11-15,1,25,1250,5502,7025,2560,1,0
901,1606,1,2026-02-21,1,22,1216,5554,7022,2562,1,0
902,1612,2,2024-01-04,1,19,1182,5364,7019,2570,1,0
903,1614,1,2024-06-13,1,6,1059,5042,7006,2573,1,0
904,1619,1,2023-08-05,1,3,1025,5591,7003,2582,1,0
905,1620,1,2025-02-05,1,4,1033,5108,7004,2584,1,0
906,1621,1,2024-06-01,1,29,1286,5516,7029,2585,1,0
907,1622,1,2026-07-16,1,11,1102,5290,7011,2586,1,0
908,1623,1,2023-07-16,1,5,1041,5496,7005,2587,1,0
909,1624,1,2024-05-10,1,1,1010,5588,7001,2588,1,0
910,1625,1,2023-12-14,1,18,1171,5579,7018,2591,1,0
911,1625,1,2024-01-22,1,18,1171,5579,7018,2590,1,0
912,1626,1,2026-03-30,1,19,1187,5208,7019,2594,1,0
913,1627,1,2025-01-08,1,27,1266,5410,7027,2595,1,0
914,1629,1,2026-02-11,1,11,1106,5362,7011,2598,1,0
915,1629,1,2026-03-08,1,11,1106,5362,7011,2597,1,0
916,1631,1,2023-12-26,1,20,1191,5420,7020,2600,1,0
917,1632,1,2026-08-26,1,4,1038,5097,7004,2601,1,0
918,1634,1,2023-07-21,1,7,1069,5036,7007,2605,1,0
919,1636,2,2022-09-02,1,14,1140,5079,7014,2607,1,0
920,1641,1,2023-03-05,1,13,1123,5142,7013,2619,1,0
921,1643,1,2024-02-21,1,6,1054,5460,7006,2621,1,0
922,1644,2,2026-09-24,1,4,1035,5525,7004,2622,1,0
923,1645,2,2024-08-12,1,13,1125,5379,7013,2623,1,0
924,1646,1,2022-07-07,1,20,1197,5331,7020,2624,1,0
925,1647,1,2026-11-15,1,7,1068,5174,7007,2625,1,0
926,1648,1,2022-12-03,1,19,1183,5154,7019,2627,1,0
927,1650,1,2022-12-19,1,1,1003,5516,7001,2630,1,0
928,1652,2,2023-04-14,1,1,1008,5255,7001,2632,1,0
929,1653,1,2024-02-05,1,15,1146,5220,7015,2634,1,0
930,1654,1,2023-12-01,1,5,1042,5300,7005,2637,1,0
931,1659,1,2022-07-11,1,4,1040,5056,7004,2643,1,0
932,1660,2,2024-07-18,1,5,1045,5419,7005,2644,1,0
933,1665,2,2025-09-19,1,28,1280,5427,7028,2650,1,0
934,1666,2,2023-08-03,1,7,1068,5174,7007,2652,1,0
935,1668,1,2022-10-02,1,5,1045,5419,7005,2656,1,0
936,1670,1,2024-05-19,1,4,1040,5293,7004,2659,1,0
937,1671,1,2025-12-08,1,13,1124,5245,7013,2660,1,0
938,1672,1,2024-12-03,1,22,1214,5373,7022,2661,1,0
939,1674,1,2024-04-19,1,30,1297,5056,7030,2663,1,0
940,1677,2,2025-02-04,1,31,1306,5594,7031,2667,1,0
941,1678,1,2023-08-28,1,19,1189,5451,7019,2668,1,0
942,1679,1,2025-03-27,1,9,1084,5469,7009,2669,1,0
943,1680,1,2026-04-27,1,14,1132,5370,7014,2670,1,0
944,1681,1,2024-01-18,1,21,1209,5016,7021,2671,1,0
945,1683,1,2026-06-07,1,6,1058,5021,7006,2676,1,0
946,1685,1,2025-10-29,1,31,1307,5256,7031,2680,1,0
947,1686,1,2023-05-14,1,19,1181,5012,7019,2681,1,0
948,1689,1,2026-01-26,1,2,1017,5199,7002,2684,1,0
949,1690,1,2023-11-01,1,5,1042,5300,7005,2686,1,0
950,1691,2,2022-10-21,1,16,1159,5333,7016,2687,1,0
951,1692,1,2023-09-17,1,5,1045,5419,7005,2688,1,0
952,1693,1,2026-07-31,1,17,1166,5342,7017,2690,1,0
953,1694,1,2023-06-04,1,6,1055,5536,7006,2691,1,0
954,1697,1,2026-02-10,1,21,1203,5223,7021,2695,1,0
955,1698,1,2022-05-22,1,22,1217,5461,7022,2697,1,0
956,1700,2,2025-10-05,1,27,1263,5210,7027,2701,1,0
957,1700,1,2025-10-18,1,27,1263,5210,7027,2702,1,0
958,1701,1,2026-04-04,1,8,1074,5049,7008,2704,1,0
959,1702,2,2023-07-02,1,2,1013,5308,7002,2705,1,0
960,1703,1,2024-04-16,1,5,1050,5303,7005,2706,1,0
961,1706,1,2023-03-24,1,12,1120,5530,7012,2709,1,0
962,1707,1,2024-07-11,1,16,1157,5462,7016,2710,1,0
963,1708,1,2023-09-02,1,23,1223,5365,7023,2711,1,0
964,1710,1,2023-08-09,1,24,1233,5457,7024,2713,1,0
965,1711,1,2022-07-24,1,9,1089,5430,7009,2714,1,0
966,1713,1,2024-08-12,1,21,1201,5023,7021,2718,1,0
967,1714,1,2023-12-06,1,13,1127,5346,7013,2719,1,0
968,1714,1,2023-12-20,1,13,1127,5346,7013,2720,1,0
969,1716,1,2025-06-24,1,6,1052,5152,7006,2722,1,0
970,1717,1,2022-07-25,1,5,1044,5498,7005,2723,1,0
971,1718,1,2022-10-08,1,22,1217,5090,7022,2724,1,0
972,1722,1,2024-05-08,1,11,1105,5334,7011,2729,1,0
973,1725,1,2023-12-29,1,10,1093,5327,7010,2738,1,0
974,1727,1,2023-09-05,1,4,1038,5401,7004,2743,1,0
975,1728,2,2022-01-29,1,13,1127,5346,7013,2746,1,0
976,1731,1,2024-03-10,1,11,1108,5555,7011,2752,1,0
977,1736,2,2023-09-10,1,1,1010,5588,7001,2760,1,0
978,1737,1,2024-08-28,1,3,1030,5041,7003,2761,1,0
979,1737,1,2024-07-13,1,3,1030,5041,7003,2763,1,0
980,1738,1,2023-08-15,1,27,1261,5544,7027,2764,1,0
981,1739,1,2024-12-06,1,21,1209,5282,7021,2766,1,0
982,1740,1,2022-12-06,1,26,1254,5288,7026,2769,1,0
983,1743,2,2024-08-24,1,3,1030,5459,7003,2772,1,0
984,1746,1,2024-10-18,1,14,1140,5079,7014,2775,1,0
985,1747,1,2022-06-23,1,30,1296,5144,7030,2776,1,0
986,1750,1,2025-06-23,1,5,1049,5561,7005,2782,1,0
987,1753,1,2022-05-22,1,20,1200,5472,7020,2785,1,0
988,1754,1,2025-04-12,1,7,1070,5130,7007,2786,1,0
989,1755,1,2022-12-26,1,26,1259,5541,7026,2788,1,0
990,1756,1,2022-05-30,1,22,1213,5532,7022,2789,1,0
991,1757,1,2025-10-04,1,29,1283,5534,7029,2790,1,0
992,1759,1,2025-02-13,1,31,1305,5491,7031,2793,1,0
993,1760,1,2025-05-28,1,5,1042,5300,7005,2794,1,0
994,1763,1,2023-04-23,1,5,1050,5303,7005,2798,1,0
995,1763,2,2023-05-11,1,5,1050,5303,7005,2799,1,0
996,1765,1,2024-01-21,1,19,1183,5524,7019,2801,1,0
997,1765,1,2023-11-15,1,19,1183,5524,7019,2802,1,0
998,1771,1,2025-12-16,1,5,1043,5343,7005,2810,1,0
999,1771,1,2026-02-05,1,5,1043,5343,7005,2811,1,0
1000,1772,1,2024-12-03,1,10,1091,5098,7010,2812,1,0
1001,1773,2,2023-10-19,1,18,1179,5381,7018,2813,1,0
1002,1775,1,2024-11-27,1,10,1098,5269,7010,2817,1,0
1003,1775,2,2024-09-15,1,10,1098,5269,7010,2816,1,0
1004,1776,1,2024-01-11,1,18,1178,5593,7018,2820,1,0
1005,1777,2,2025-05-13,1,5,1043,5259,7005,2821,1,0
1006,1781,1,2023-06-14,1,27,1263,5210,7027,2826,1,0
1007,1782,1,2024-11-17,1,25,1243,5377,7025,2828,1,0
1008,1782,1,2025-01-15,1,25,1243,5377,7025,2829,1,0
1009,1787,1,2023-10-14,1,12,1120,5530,7012,2836,1,0
1010,1788,2,2026-08-07,1,31,1308,5206,7031,2837,1,0
1011,1792,1,2024-09-09,1,15,1144,5370,7015,2842,1,0
1012,1793,2,2022-04-18,1,9,1084,5469,7009,2844,1,0
1013,1797,1,2026-04-13,1,11,1101,5589,7011,2850,1,0
1014,1797,1,2026-04-22,1,11,1101,5589,7011,2849,1,0
1015,1799,1,2025-02-15,1,27,1264,5146,7027,2855,1,0
1016,1803,1,2024-07-25,1,27,1261,5544,7027,2859,1,0
1017,1805,1,2025-01-17,1,26,1256,5351,7026,2862,1,0
1018,1806,2,2024-08-19,1,23,1225,5498,7023,2863,1,0
1019,1807,1,2025-03-17,1,28,1271,5140,7028,2864,1,0
1020,1809,1,2023-06-24,1,30,1292,5138,7030,2866,1,0
1021,1810,1,2025-04-25,1,5,1041,5496,7005,2867,1,0
1022,1811,1,2024-03-10,1,6,1055,5536,7006,2868,1,0
1023,1812,2,2022-08-04,1,1,1004,5107,7001,2869,1,0
1024,1813,2,2024-07-03,1,17,1164,5131,7017,2872,1,0
1025,1814,1,2024-08-02,1,28,1277,5432,7028,2874,1,0
1026,1814,1,2024-07-03,1,28,1277,5432,7028,2873,1,0
1027,1815,2,2023-04-24,1,22,1213,5056,7022,2875,1,0
1028,1816,2,2025-01-20,1,21,1207,5064,7021,2877,1,0
1029,1817,1,2024-08-27,1,29,1284,5016,7029,2878,1,0
1030,1818,1,2025-04-08,1,9,1087,5292,7009,2879,1,0
1031,1822,1,2022-12-07,1,24,1233,5457,7024,2887,1,0
1032,1832,1,2024-05-29,1,7,1063,5009,7007,2902,1,0
1033,1833,2,2025-12-26,1,29,1289,5304,7029,2903,1,0
1034,1836,1,2022-03-02,1,4,1040,5173,7004,2908,1,0
1035,1837,1,2024-02-13,1,28,1277,5462,7028,2909,1,0
1036,1840,1,2025-02-27,1,5,1050,5450,7005,2912,1,0
1037,1843,1,2025-08-20,1,5,1043,5343,7005,2918,1,0
1038,1845,1,2023-10-23,1,25,1241,5132,7025,2923,1,0
1039,1848,2,2022-04-24,1,5,1048,5452,7005,2930,1,0
1040,1851,1,2025-05-12,1,17,1161,5226,7017,2936,1,0
1041,1851,2,2025-05-03,1,17,1161,5226,7017,2935,1,0
1042,1852,2,2025-03-10,1,16,1160,5501,7016,2937,1,0
1043,1853,1,2024-07-04,1,20,1199,5084,7020,2938,1,0
1044,1855,1,2025-08-20,1,26,1259,5541,7026,2940,1,0
1045,1856,1,2022-11-14,1,22,1220,5005,7022,2941,1,0
1046,1858,1,2023-08-27,1,1,1007,5396,7001,2944,1,0
1047,1859,1,2026-06-12,1,10,1095,5236,7010,2947,1,0
1048,1860,2,2023-10-05,1,7,1064,5214,7007,2948,1,0
1049,1862,2,2024-04-23,1,5,1044,5346,7005,2950,1,0
1050,1863,1,2023-05-30,1,4,1038,5097,7004,2951,1,0
1051,1867,1,2026-07-29,1,23,1225,5511,7023,2955,1,0
1052,1872,1,2022-06-03,1,10,1100,5369,7010,2963,1,0
1053,1874,2,2024-10-17,1,5,1042,5300,7005,2965,1,0
1054,1875,1,2023-12-10,1,18,1171,5452,7018,2966,1,0
1055,1879,1,2025-12-20,1,14,1136,5316,7014,2971,1,0
1056,1881,2,2022-11-20,1,15,1149,5379,7015,2973,1,0
1057,1882,1,2024-03-25,1,14,1138,5382,7014,2974,1,0
1058,1883,1,2023-02-04,1,23,1223,5365,7023,2975,1,0
1059,1883,1,2023-03-17,1,23,1223,5365,7023,2977,1,0
1060,1884,1,2026-07-15,1,20,1195,5004,7020,2979,1,0
1061,1885,1,2025-10-13,1,15,1144,5210,7015,2983,1,0
1062,1886,1,2025-09-06,1,5,1046,5371,7005,2986,1,0
1063,1887,1,2022-08-27,1,2,1014,5275,7002,2987,1,0
1064,1890,2,2023-04-06,1,14,1131,5556,7014,2990,1,0
1065,1893,1,2023-09-12,1,22,1213,5176,7022,2993,1,0
1066,1894,1,2023-02-27,1,29,1290,5286,7029,2994,1,0
1067,1895,2,2022-10-26,1,18,1174,5209,7018,2996,1,0
1068,1895,1,2022-08-02,1,18,1174,5209,7018,2997,1,0
1069,1897,1,2023-01-29,1,7,1064,5280,7007,3000,1,0
1070,1899,2,2023-11-16,1,29,1290,5286,7029,3003,1,0
1071,1902,1,2022-08-10,1,21,1202,5421,7021,3011,1,0
1072,1903,1,2023-06-13,1,9,1081,5310,7009,3012,1,0
1073,1906,1,2023-08-06,1,5,1049,5433,7005,3018,1,0
1074,1907,1,2023-03-28,1,7,1062,5447,7007,3019,1,0
1075,1907,1,2023-01-23,1,7,1062,5447,7007,3020,1,0
1076,1909,2,2023-09-20,1,12,1117,5439,7012,3024,1,0
1077,1910,1,2025-11-26,1,17,1164,5131,7017,3025,1,0
1078,1911,2,2025-01-27,1,25,1241,5074,7025,3026,1,0
1079,1913,1,2024-08-13,1,4,1038,5097,7004,3031,1,0
1080,1915,1,2022-07-10,1,23,1222,5172,7023,3033,1,0
1081,1917,1,2022-12-03,1,10,1091,5098,7010,3037,1,0
1082,1918,1,2023-05-01,1,27,1261,5375,7027,3039,1,0
1083,1922,2,2024-10-01,1,15,1146,5258,7015,3046,1,0
1084,1926,1,2025-03-12,1,2,1013,5308,7002,3051,1,0
1085,1928,1,2025-01-11,1,30,1300,5592,7030,3054,1,0
1086,1931,1,2026-07-14,1,9,1089,5430,7009,3060,1,0
1087,1932,2,2023-06-02,1,22,1211,5489,7022,3065,1,0
1088,1933,1,2023-05-03,1,12,1114,5524,7012,3067,1,0
1089,1935,1,2026-05-24,1,8,1078,5347,7008,3069,1,0
1090,1937,2,2026-03-23,1,5,1045,5419,7005,3071,1,0
1091,1942,1,2022-09-16,1,23,1230,5197,7023,3081,1,0
1092,1943,1,2025-04-07,1,5,1046,5437,7005,3082,1,0
1093,1944,1,2022-11-12,1,14,1137,5445,7014,3085,1,0
1094,1947,1,2024-06-22,1,21,1201,5023,7021,3089,1,0
1095,1948,2,2022-04-08,1,21,1208,5445,7021,3091,1,0
1096,1949,2,2022-02-01,1,9,1088,5585,7009,3092,1,0
1097,1951,1,2025-03-26,1,12,1115,5445,7012,3095,1,0
1098,1952,1,2023-07-13,1,20,1194,5372,7020,3096,1,0
1099,1952,1,2023-07-18,1,20,1194,5372,7020,3097,1,0
1100,1953,1,2025-08-13,1,17,1167,5578,7017,3098,1,0
1101,1954,1,2022-04-19,1,7,1061,5238,7007,3099,1,0
1102,1956,1,2024-03-26,1,5,1046,5017,7005,3102,1,0
1103,1958,1,2026-07-11,1,5,1044,5338,7005,3105,1,0
1104,1959,1,2024-04-13,1,2,1014,5275,7002,3106,1,0
1105,1960,2,2024-12-06,1,7,1065,5514,7007,3107,1,0
1106,1961,1,2026-03-19,1,29,1282,5279,7029,3110,1,0
1107,1962,2,2024-10-09,1,3,1021,5562,7003,3111,1,0
1108,1963,2,2025-10-22,1,5,1049,5561,7005,3113,1,0
1109,1964,1,2025-07-03,1,27,1268,5138,7027,3115,1,0
1110,1969,2,2025-09-26,1,22,1218,5011,7022,3122,1,0
1111,1970,1,2023-01-13,1,24,1236,5272,7024,3126,1,0
1112,1971,1,2024-06-26,1,5,1044,5343,7005,3129,1,0
1113,1972,1,2026-05-15,1,31,1309,5583,7031,3131,1,0
1114,1973,1,2026-07-27,1,31,1301,5106,7031,3132,1,0
1115,1975,2,2022-12-15,1,29,1282,5321,7029,3135,1,0
1116,1977,1,2022-05-27,1,5,1043,5259,7005,3139,1,0
1117,1977,1,2022-05-20,1,5,1043,5259,7005,3140,1,0
1118,1981,1,2024-03-05,1,21,1209,5282,7021,3146,1,0
1119,1982,1,2026-09-20,1,27,1267,5257,7027,3147,1,0
1120,1983,1,2025-12-12,1,26,1258,5015,7026,3149,1,0
1121,1984,1,2025-08-22,1,28,1275,5574,7028,3150,1,0
1122,1990,2,2026-07-09,1,5,1044,5336,7005,3160,1,0
1123,1992,1,2024-04-10,1,5,1043,5259,7005,3162,1,0
1124,1993,1,2023-10-29,1,31,1306,5594,7031,3163,1,0
1125,1998,1,2022-08-31,1,5,1050,5450,7005,3173,1,0
1126,1998,2,2022-09-27,1,5,1050,5450,7005,3174,1,0
1127,2001,2,2026-03-19,1,24,1240,5022,7024,3178,1,0
1128,2003,2,2023-09-07,1,15,1142,5412,7015,3180,1,0
1129,2005,1,2024-07-12,1,11,1102,5211,7011,3184,1,0
1130,2006,1,2026-06-18,1,13,1130,5221,7013,3185,1,0
1131,2008,2,2023-04-09,1,3,1023,5127,7003,3189,1,0
1132,2009,1,2026-05-23,1,22,1215,5425,7022,3190,1,0
1133,2012,2,2024-04-05,1,3,1027,5299,7003,3198,1,0
1134,2013,1,2023-06-15,1,27,1265,5231,7027,3200,1,0
1135,2014,1,2023-07-07,1,3,1028,5006,7003,3201,1,0
1136,2015,1,2023-04-18,1,29,1284,5258,7029,3202,1,0
1137,2016,1,2022-06-04,1,24,1239,5446,7024,3204,1,0
1138,2019,1,2023-02-09,1,3,1022,5192,7003,3207,1,0
1139,2020,1,2025-10-23,1,3,1021,5562,7003,3210,1,0
1140,2022,2,2025-04-30,1,26,1255,5008,7026,3212,1,0
1141,2023,1,2022-06-09,1,16,1156,5373,7016,3215,1,0
1142,2025,2,2023-05-07,1,5,1047,5527,7005,3219,1,0
1143,2026,1,2025-12-27,1,17,1170,5285,7017,3220,1,0
1144,2027,1,2023-04-27,1,11,1103,5538,7011,3223,1,0
1145,2027,1,2023-07-25,1,11,1103,5538,7011,3221,1,0
1146,2028,1,2024-01-17,1,11,1105,5113,7011,3224,1,0
1147,2029,1,2025-06-17,1,13,1124,5245,7013,3225,1,0
1148,2031,1,2024-12-28,1,4,1031,5173,7004,3230,1,0
1149,2032,1,2023-08-12,1,27,1262,5045,7027,3233,1,0
1150,2033,2,2025-10-06,1,5,1043,5259,7005,3234,1,0
1151,2034,1,2026-05-20,1,12,1116,5114,7012,3237,1,0
1152,2036,1,2023-06-11,1,27,1262,5444,7027,3241,1,0
1153,2037,1,2025-10-01,1,13,1122,5153,7013,3242,1,0
1154,2038,2,2022-08-22,1,17,1164,5131,7017,3243,1,0
1155,2040,1,2026-07-19,1,14,1140,5079,7014,3247,1,0
1156,2043,2,2024-08-31,1,5,1042,5300,7005,3254,1,0
1157,2044,1,2026-01-31,1,5,1041,5496,7005,3256,1,0
1158,2047,2,2026-04-21,1,5,1041,5094,7005,3259,1,0
1159,2049,2,2023-06-08,1,27,1262,5045,7027,3263,1,0
1160,2050,1,2026-07-21,1,9,1087,5281,7009,3264,1,0
1161,2053,1,2023-04-11,1,4,1038,5401,7004,3271,1,0
1162,2054,1,2022-11-21,1,29,1288,5236,7029,3272,1,0
1163,2057,2,2023-06-23,1,23,1221,5052,7023,3277,1,0
1164,2062,1,2025-01-31,1,9,1085,5500,7009,3285,1,0
1165,2064,1,2023-07-03,1,6,1055,5536,7006,3287,1,0
1166,2068,2,2024-04-01,1,28,1278,5413,7028,3294,1,0
1167,2069,2,2022-12-18,1,19,1187,5208,7019,3295,1,0
1168,2072,1,2026-04-15,1,11,1101,5589,7011,3300,1,0
1169,2073,1,2026-04-25,1,23,1222,5010,7023,3302,1,0
1170,2073,2,2026-03-11,1,23,1222,5010,7023,3301,1,0
1171,2074,1,2022-05-14,1,3,1022,5007,7003,3303,1,0
1172,2075,2,2024-05-07,1,6,1058,5262,7006,3305,1,0
1173,2078,1,2025-01-25,1,21,1208,5050,7021,3310,1,0
1174,2080,2,2025-02-27,1,6,1052,5152,7006,3313,1,0
1175,2081,1,2024-05-23,1,20,1191,5420,7020,3316,1,0
1176,2083,1,2023-12-03,1,25,1244,5037,7025,3320,1,0
1177,2087,1,2024-06-12,1,5,1041,5311,7005,3326,1,0
1178,2089,1,2024-07-28,1,4,1033,5506,7004,3329,1,0
1179,2091,1,2026-07-15,1,5,1046,5024,7005,3332,1,0
1180,2091,1,2026-04-29,1,5,1046,5024,7005,3331,1,0
1181,2092,1,2023-04-19,1,6,1051,5116,7006,3333,1,0
1182,2093,1,2023-07-07,1,7,1061,5297,7007,3335,1,0
1183,2093,1,2023-07-04,1,7,1061,5297,7007,3334,1,0
1184,2094,1,2025-10-21,1,9,1084,5295,7009,3336,1,0
1185,2095,2,2024-07-21,1,22,1216,5518,7022,3337,1,0
1186,2098,1,2023-02-08,1,23,1222,5010,7023,3342,1,0
1187,2100,1,2024-12-23,1,6,1056,5549,7006,3348,1,0
1188,2102,1,2024-02-28,1,5,1050,5125,7005,3350,1,0
1189,2103,1,2025-05-01,1,11,1109,5341,7011,3352,1,0
1190,2104,1,2024-03-30,1,29,1284,5111,7029,3355,1,0
1191,2105,1,2026-06-22,1,24,1232,5352,7024,3357,1,0
1192,2107,2,2025-11-21,1,10,1093,5327,7010,3360,1,0
1193,2108,1,2024-05-20,1,16,1160,5501,7016,3362,1,0
1194,2111,1,2022-07-07,1,29,1281,5055,7029,3370,1,0
1195,2112,1,2024-05-06,1,3,1025,5591,7003,3372,1,0
1196,2113,1,2023-08-22,1,15,1146,5258,7015,3373,1,0
1197,2115,2,2026-06-13,1,28,1271,5517,7028,3378,1,0
1198,2116,1,2024-04-13,1,25,1250,5502,7025,3379,1,0
1199,2118,1,2022-04-22,1,5,1042,5300,7005,3382,1,0
1200,2118,2,2022-07-31,1,5,1042,5300,7005,3383,1,0
1201,2119,2,2022-07-21,1,26,1257,5194,7026,3384,1,0
1202,2120,1,2022-09-27,1,4,1031,5091,7004,3389,1,0
1203,2120,1,2022-11-12,1,4,1031,5091,7004,3388,1,0
1204,2121,1,2026-03-28,1,30,1294,5120,7030,3392,1,0
1205,2122,2,2026-07-10,1,11,1109,5341,7011,3393,1,0
1206,2123,1,2024-02-27,1,13,1121,5198,7013,3394,1,0
1207,2126,1,2023-12-15,1,14,1136,5202,7014,3399,1,0
1208,2128,1,2025-02-13,1,5,1041,5077,7005,3403,1,0
1209,2129,2,2022-10-19,1,11,1105,5076,7011,3404,1,0
1210,2130,1,2025-10-22,1,15,1148,5566,7015,3405,1,0
1211,2132,1,2026-02-17,1,13,1130,5221,7013,3407,1,0
1212,2133,1,2026-06-26,1,5,1048,5343,7005,3408,1,0
1213,2134,1,2024-10-11,1,22,1217,5359,7022,3409,1,0
1214,2136,1,2023-01-14,1,16,1159,5166,7016,3412,1,0
1215,2137,2,2026-09-03,1,9,1085,5453,7009,3415,1,0
1216,2139,2,2023-06-22,1,5,1046,5154,7005,3418,1,0
1217,2139,1,2023-07-22,1,5,1046,5154,7005,3419,1,0
1218,2141,1,2023-10-25,1,10,1096,5409,7010,3423,1,0
1219,2142,1,2024-01-15,1,11,1107,5323,7011,3425,1,0
1220,2144,1,2025-09-30,1,13,1129,5018,7013,3428,1,0
1221,2145,1,2024-10-22,1,16,1154,5405,7016,3429,1,0
1222,2148,2,2022-12-13,1,14,1135,5366,7014,3435,1,0
1223,2150,1,2025-11-03,1,1,1004,5263,7001,3438,1,0
1224,2151,2,2025-01-19,1,26,1260,5136,7026,3441,1,0
1225,2152,1,2024-06-29,1,11,1107,5577,7011,3442,1,0
1226,2153,2,2022-05-26,1,2,1012,5476,7002,3443,1,0
1227,2154,2,2024-11-15,1,20,1200,5325,7020,3445,1,0
1228,2157,1,2025-10-18,1,12,1116,5134,7012,3449,1,0
1229,2159,2,2026-09-05,1,5,1047,5527,7005,3454,1,0
1230,2159,2,2026-10-05,1,5,1047,5527,7005,3456,1,0
1231,2160,1,2022-10-25,1,12,1116,5114,7012,3457,1,0
1232,2162,1,2026-07-27,1,10,1095,5258,7010,3460,1,0
1233,2163,1,2023-08-05,1,5,1050,5450,7005,3461,1,0
1234,2164,1,2026-06-30,1,23,1222,5181,7023,3462,1,0
1235,2164,1,2026-03-25,1,23,1222,5181,7023,3463,1,0
1236,2165,1,2025-03-07,1,16,1151,5569,7016,3464,1,0
1237,2166,1,2022-04-29,1,30,1291,5166,7030,3465,1,0
1238,2169,2,2025-02-21,1,11,1105,5076,7011,3469,1,0
1239,2170,1,2026-08-17,1,27,1261,5544,7027,3471,1,0
1240,2170,1,2026-10-13,1,27,1261,5544,7027,3470,1,0
1241,2171,1,2023-09-28,1,2,1016,5565,7002,3472,1,0
1242,2172,2,2022-04-02,1,16,1156,5405,7016,3473,1,0
1243,2173,2,2022-08-08,1,17,1162,5571,7017,3474,1,0
1244,2173,2,2022-08-14,1,17,1162,5571,7017,3475,1,0
1245,2174,1,2025-06-20,1,12,1115,5102,7012,3476,1,0
1246,2175,1,2024-02-13,1,12,1117,5477,7012,3478,1,0
1247,2176,2,2024-11-06,1,24,1235,5595,7024,3479,1,0
1248,2178,1,2023-09-10,1,14,1134,5031,7014,3482,1,0
1249,2180,2,2026-08-07,1,26,1255,5008,7026,3486,1,0
1250,2182,2,2023-07-19,1,26,1251,5169,7026,3489,1,0
1251,2183,1,2026-03-26,1,5,1046,5187,7005,3491,1,0
1252,2187,1,2023-04-25,1,5,1050,5125,7005,3495,1,0
1253,2189,1,2024-12-29,1,4,1037,5324,7004,3499,1,0
1254,2190,2,2023-04-14,1,18,1174,5209,7018,3500,1,0
1255,2192,1,2024-05-07,1,4,1036,5485,7004,3502,1,0
1256,2193,1,2024-10-29,1,5,1047,5186,7005,3503,1,0
1257,2194,2,2026-11-05,1,29,1290,5286,7029,3505,1,0
1258,2198,1,2026-09-15,1,8,1073,5528,7008,3517,1,0
1259,2200,2,2025-01-02,1,30,1292,5066,7030,3521,1,0
1260,2201,1,2022-04-22,1,16,1151,5224,7016,3522,1,0
1261,2202,2,2022-10-24,1,22,1218,5103,7022,3523,1,0
1262,2203,1,2024-07-04,1,11,1109,5254,7011,3525,1,0
1263,2204,2,2022-07-02,1,30,1294,5252,7030,3526,1,0
1264,2206,1,2026-04-08,1,6,1051,5116,7006,3529,1,0
1265,2207,1,2026-07-04,1,5,1044,5142,7005,3530,1,0
1266,2208,1,2024-10-04,1,23,1224,5240,7023,3531,1,0
1267,2212,1,2025-08-25,1,5,1045,5419,7005,3540,1,0
1268,2213,1,2022-08-07,1,18,1178,5593,7018,3541,1,0
1269,2214,1,2022-09-01,1,20,1196,5156,7020,3543,1,0
1270,2215,1,2023-02-06,1,10,1092,5548,7010,3544,1,0
1271,2216,1,2024-03-24,1,16,1151,5569,7016,3545,1,0
1272,2220,2,2025-08-30,1,5,1042,5300,7005,3552,1,0
1273,2225,1,2026-02-21,1,18,1175,5251,7018,3559,1,0
1274,2226,1,2024-02-08,1,22,1217,5359,7022,3560,1,0
1275,2226,1,2024-01-26,1,22,1217,5359,7022,3561,1,0
1276,2227,2,2023-02-28,1,11,1103,5538,7011,3562,1,0
1277,2233,1,2024-01-02,1,5,1041,5496,7005,3576,1,0
1278,2233,1,2023-12-02,1,5,1041,5496,7005,3577,1,0
1279,2234,1,2023-03-29,1,3,1023,5127,7003,3578,1,0
1280,2235,1,2023-08-10,1,22,1214,5383,7022,3579,1,0
1281,2236,2,2022-12-30,1,18,1179,5381,7018,3580,1,0
1282,2237,1,2025-03-04,1,28,1273,5249,7028,3582,1,0
1283,2240,2,2024-04-27,1,25,1241,5513,7025,3588,1,0
1284,2241,2,2026-10-29,1,27,1262,5045,7027,3592,1,0
1285,2242,1,2022-09-16,1,26,1251,5169,7026,3593,1,0
1286,2243,2,2022-08-07,1,21,1209,5016,7021,3594,1,0
1287,2244,1,2023-07-24,1,3,1027,5299,7003,3595,1,0
1288,2245,1,2024-05-03,1,12,1117,5203,7012,3596,1,0
1289,2246,1,2025-06-23,1,18,1178,5593,7018,3598,1,0
1290,2247,1,2026-06-25,1,23,1229,5161,7023,3599,1,0
1291,2249,1,2023-01-04,1,3,1030,5071,7003,3601,1,0
1292,2250,1,2026-03-30,1,19,1189,5535,7019,3603,1,0
1293,2251,1,2023-06-06,1,14,1131,5556,7014,3605,1,0
1294,2251,2,2023-06-23,1,14,1131,5556,7014,3604,1,0
1295,2252,2,2024-01-27,1,10,1095,5435,7010,3606,1,0
1296,2253,2,2024-09-23,1,30,1293,5389,7030,3607,1,0
1297,2256,1,2024-07-01,1,13,1121,5198,7013,3615,1,0
1298,2258,1,2024-08-10,1,27,1262,5444,7027,3618,1,0
1299,2259,1,2023-04-05,1,29,1283,5534,7029,3620,1,0
1300,2259,1,2023-03-22,1,29,1283,5534,7029,3619,1,0
1301,2260,1,2024-06-10,1,7,1068,5174,7007,3621,1,0
1302,2266,1,2026-05-28,1,4,1032,5167,7004,3632,1,0
1303,2267,1,2022-11-08,1,19,1185,5139,7019,3633,1,0
1304,2269,1,2024-06-09,1,19,1184,5479,7019,3636,1,0
1305,2270,1,2024-01-21,1,30,1292,5066,7030,3637,1,0
1306,2273,1,2026-03-12,1,29,1285,5239,7029,3642,1,0
1307,2275,1,2024-11-14,1,22,1214,5373,7022,3649,1,0
1308,2276,1,2023-06-06,1,13,1127,5346,7013,3650,1,0
1309,2278,1,2024-04-21,1,15,1145,5429,7015,3653,1,0
1310,2278,1,2024-05-17,1,15,1145,5429,7015,3654,1,0
1311,2279,1,2023-11-17,1,21,1204,5318,7021,3656,1,0
1312,2281,1,2026-05-07,1,26,1260,5139,7026,3659,1,0
1313,2282,1,2023-06-22,1,7,1065,5344,7007,3660,1,0
1314,2283,1,2024-11-20,1,23,1225,5498,7023,3663,1,0
1315,2283,1,2024-11-02,1,23,1225,5498,7023,3662,1,0
1316,2289,1,2025-03-11,1,12,1118,5035,7012,3670,1,0
1317,2291,1,2025-04-02,1,25,1246,5398,7025,3672,1,0
1318,2292,1,2025-03-26,1,25,1243,5456,7025,3673,1,0
1319,2295,1,2023-05-09,1,5,1046,5250,7005,3679,1,0
1320,2299,1,2023-09-14,1,16,1155,5178,7016,3686,1,0
1321,2300,1,2026-01-17,1,17,1168,5133,7017,3687,1,0
1322,2306,1,2026-03-17,1,12,1118,5035,7012,3695,1,0
1323,2307,1,2025-05-24,1,20,1197,5581,7020,3696,1,0
1324,2308,1,2022-04-25,1,12,1119,5182,7012,3697,1,0
1325,2309,2,2023-01-30,1,11,1101,5470,7011,3700,1,0
1326,2310,2,2025-06-20,1,22,1212,5291,7022,3702,1,0
1327,2312,1,2024-06-12,1,15,1147,5160,7015,3704,1,0
1328,2315,1,2023-08-25,1,4,1037,5416,7004,3707,1,0
1329,2316,1,2026-01-13,1,13,1129,5018,7013,3708,1,0
1330,2318,1,2024-09-03,1,16,1157,5462,7016,3710,1,0
1331,2319,2,2023-05-14,1,10,1094,5038,7010,3711,1,0
1332,2321,1,2024-04-06,1,26,1257,5293,7026,3716,1,0
1333,2324,1,2022-06-11,1,30,1296,5435,7030,3721,1,0
1334,2326,1,2024-05-16,1,1,1007,5396,7001,3724,1,0
1335,2328,2,2026-05-23,1,10,1093,5327,7010,3726,1,0
1336,2329,2,2026-07-20,1,3,1028,5006,7003,3728,1,0
1337,2329,1,2026-07-01,1,3,1028,5006,7003,3727,1,0
1338,2332,1,2026-05-31,1,13,1123,5142,7013,3731,1,0
1339,2335,2,2024-07-17,1,22,1211,5078,7022,3734,1,0
1340,2336,2,2023-12-05,1,3,1026,5404,7003,3735,1,0
1341,2337,2,2022-07-19,1,2,1012,5476,7002,3736,1,0
1342,2340,1,2024-06-24,1,14,1135,5564,7014,3743,1,0
1343,2341,1,2023-03-08,1,26,1258,5015,7026,3746,1,0
1344,2341,1,2023-03-20,1,26,1258,5015,7026,3745,1,0
1345,2342,1,2024-03-02,1,1,1004,5478,7001,3747,1,0
1346,2346,1,2022-06-03,1,26,1253,5411,7026,3755,1,0
1347,2349,2,2026-07-23,1,19,1188,5402,7019,3759,1,0
1348,2352,1,2026-08-04,1,28,1277,5295,7028,3762,1,0
1349,2353,1,2022-06-04,1,10,1094,5038,7010,3765,1,0
1350,2353,2,2022-06-23,1,10,1094,5038,7010,3763,1,0
1351,2354,1,2023-12-12,1,31,1307,5256,7031,3766,1,0
1352,2355,2,2025-08-23,1,1,1001,5508,7001,3769,1,0
1353,2355,1,2025-08-21,1,1,1001,5508,7001,3767,1,0
1354,2357,1,2022-03-23,1,29,1283,5534,7029,3771,1,0
1355,2358,1,2025-04-20,1,19,1189,5451,7019,3773,1,0
1356,2359,1,2023-12-18,1,24,1231,5135,7024,3774,1,0
1357,2360,1,2023-10-28,1,5,1041,5077,7005,3776,1,0
1358,2362,2,2022-07-10,1,15,1142,5371,7015,3778,1,0
1359,2363,1,2023-03-29,1,12,1119,5565,7012,3779,1,0
1360,2364,1,2023-04-12,1,5,1045,5419,7005,3780,1,0
1361,2368,2,2023-10-26,1,13,1125,5379,7013,3789,1,0
1362,2368,1,2023-12-12,1,13,1125,5379,7013,3788,1,0
1363,2369,1,2023-09-10,1,17,1161,5226,7017,3791,1,0
1364,2371,2,2025-10-16,1,30,1291,5354,7030,3793,1,0
1365,2374,1,2026-01-29,1,1,1001,5091,7001,3797,1,0
1366,2376,2,2022-11-16,1,11,1107,5053,7011,3799,1,0
1367,2378,2,2023-02-04,1,27,1265,5231,7027,3803,1,0
1368,2379,1,2023-03-11,1,5,1047,5527,7005,3804,1,0
1369,2380,2,2022-06-05,1,4,1038,5401,7004,3806,1,0
1370,2381,1,2025-10-17,1,15,1142,5412,7015,3808,1,0
1371,2382,1,2022-07-01,1,3,1025,5591,7003,3809,1,0
1372,2385,1,2022-11-19,1,26,1253,5261,7026,3817,1,0
1373,2388,2,2022-08-26,1,31,1303,5085,7031,3824,1,0
1374,2389,1,2024-06-13,1,14,1136,5202,7014,3825,1,0
1375,2391,1,2025-06-18,1,19,1189,5535,7019,3828,1,0
1376,2393,2,2024-01-07,1,20,1199,5095,7020,3830,1,0
1377,2398,1,2023-06-13,1,11,1102,5552,7011,3837,1,0
1378,2400,1,2023-12-16,1,9,1086,5102,7009,3841,1,0
1379,2400,1,2024-03-18,1,9,1086,5102,7009,3840,1,0
1380,2404,1,2024-05-31,1,10,1095,5087,7010,3846,1,0
1381,2405,2,2023-03-31,1,10,1094,5176,7010,3847,1,0
1382,2406,1,2022-09-10,1,19,1183,5515,7019,3848,1,0
1383,2407,1,2026-04-13,1,23,1228,5244,7023,3849,1,0
1384,2409,2,2023-06-10,1,19,1186,5215,7019,3851,1,0
1385,2410,1,2023-05-22,1,28,1280,5305,7028,3853,1,0
1386,2412,1,2023-03-12,1,6,1055,5536,7006,3857,1,0
1387,2414,1,2025-01-08,1,3,1028,5402,7003,3861,1,0
1388,2415,1,2024-02-24,1,15,1144,5179,7015,3863,1,0
1389,2416,1,2023-10-08,1,9,1087,5292,7009,3864,1,0
1390,2417,1,2024-07-30,1,26,1256,5388,7026,3865,1,0
1391,2420,1,2022-03-05,1,5,1047,5527,7005,3870,1,0
1392,2421,1,2023-06-21,1,5,1044,5298,7005,3871,1,0
1393,2422,1,2025-08-30,1,8,1080,5525,7008,3872,1,0
1394,2422,1,2025-09-14,1,8,1080,5525,7008,3873,1,0
1395,2424,1,2022-12-31,1,29,1281,5497,7029,3875,1,0
1396,2425,1,2022-12-08,1,12,1117,5521,7012,3877,1,0
1397,2426,1,2022-03-16,1,7,1069,5036,7007,3878,1,0
1398,2427,1,2025-03-18,1,29,1282,5279,7029,3879,1,0
1399,2428,1,2022-12-12,1,20,1191,5420,7020,3881,1,0
1400,2430,1,2023-10-19,1,1,1004,5546,7001,3884,1,0
1401,2430,2,2023-09-21,1,1,1004,5546,7001,3883,1,0
1402,2431,1,2022-09-16,1,31,1309,5583,7031,3885,1,0
1403,2433,1,2025-01-16,1,5,1047,5600,7005,3889,1,0
1404,2435,1,2026-07-10,1,25,1249,5162,7025,3891,1,0
1405,2435,1,2026-06-05,1,25,1249,5162,7025,3892,1,0
1406,2437,1,2022-09-21,1,5,1046,5496,7005,3895,1,0
1407,2439,1,2025-09-07,1,22,1213,5296,7022,3898,1,0
1408,2440,1,2026-06-11,1,5,1048,5016,7005,3901,1,0
1409,2441,1,2026-07-30,1,22,1219,5054,7022,3902,1,0
1410,2442,1,2025-07-16,1,16,1154,5096,7016,3905,1,0
1411,2442,1,2025-07-15,1,16,1154,5096,7016,3904,1,0
1412,2444,2,2026-03-13,1,5,1042,5300,7005,3907,1,0
1413,2446,1,2025-02-21,1,18,1173,5219,7018,3912,1,0
1414,2448,2,2022-09-14,1,20,1192,5331,7020,3914,1,0
1415,2449,2,2026-03-03,1,29,1284,5202,7029,3915,1,0
1416,2451,2,2024-11-01,1,3,1028,5006,7003,3917,1,0
1417,2457,1,2023-10-28,1,5,1049,5582,7005,3926,1,0
1418,2459,1,2026-07-26,1,2,1016,5565,7002,3928,1,0
1419,2460,1,2025-09-01,1,20,1194,5539,7020,3929,1,0
1420,2463,2,2022-07-21,1,5,1044,5251,7005,3934,1,0
1421,2465,1,2022-08-04,1,5,1049,5433,7005,3936,1,0
1422,2466,2,2023-07-19,1,24,1231,5212,7024,3937,1,0
1423,2468,1,2025-10-01,1,21,1201,5597,7021,3939,1,0
1424,2469,1,2024-01-27,1,5,1042,5300,7005,3942,1,0
1425,2469,1,2024-04-09,1,5,1042,5300,7005,3943,1,0
1426,2471,1,2025-08-08,1,17,1166,5342,7017,3945,1,0
1427,2472,1,2023-04-26,1,18,1180,5155,7018,3946,1,0
1428,2474,2,2023-02-21,1,31,1307,5256,7031,3948,1,0
1429,2477,1,2025-02-15,1,15,1143,5235,7015,3952,1,0
1430,2480,1,2025-01-12,1,1,1008,5274,7001,3956,1,0
1431,2482,1,2025-10-31,1,21,1210,5081,7021,3958,1,0
1432,2484,1,2022-05-31,1,5,1041,5496,7005,3960,1,0
1433,2485,1,2022-09-11,1,30,1299,5089,7030,3962,1,0
1434,2486,1,2024-11-18,1,5,1042,5300,7005,3964,1,0
1435,2487,1,2023-12-30,1,26,1253,5411,7026,3967,1,0
1436,2488,1,2024-03-22,1,2,1014,5275,7002,3968,1,0
1437,2489,1,2025-01-15,1,14,1140,5079,7014,3972,1,0
1438,2490,2,2024-03-19,1,5,1047,5186,7005,3976,1,0
1439,2491,1,2026-06-21,1,27,1265,5231,7027,3978,1,0
1440,2494,2,2025-12-16,1,3,1025,5591,7003,3981,1,0
1441,2496,1,2025-12-11,1,7,1062,5447,7007,3984,1,0
1442,2498,1,2026-03-11,1,9,1082,5515,7009,3987,1,0
1443,2499,2,2025-02-22,1,18,1178,5593,7018,3988,1,0
