CSID,CaseMasterID,csdate,cstype,PolicePersonID
1,1,2025-09-18 14:23:00,A,5188
2,3,2025-12-24 03:12:00,A,5182
3,6,2024-12-01 14:57:00,B,5451
4,8,2026-06-19 11:05:00,A,5371
5,11,2023-01-30 00:39:00,B,5288
6,13,2023-05-18 19:03:00,A,5077
7,16,2024-04-17 23:44:00,A,5083
8,17,2026-09-01 14:44:00,A,5004
9,18,2026-03-17 08:50:00,A,5379
10,20,2026-06-16 04:52:00,A,5574
11,21,2023-08-15 03:01:00,A,5373
12,22,2026-05-03 01:43:00,B,5235
13,25,2022-05-26 10:05:00,A,5318
14,28,2022-12-24 00:21:00,A,5180
15,30,2023-05-27 20:07:00,A,5288
16,31,2025-08-31 03:03:00,A,5530
17,34,2025-05-13 10:56:00,A,5300
18,36,2025-04-05 19:38:00,C,5286
19,37,2025-05-16 15:03:00,B,5300
20,40,2025-05-23 05:14:00,A,5007
21,41,2024-02-26 02:49:00,B,5185
22,44,2026-07-23 15:02:00,A,5011
23,49,2026-04-15 05:53:00,A,5536
24,51,2026-02-16 09:37:00,C,5333
25,55,2025-12-29 03:42:00,A,5300
26,56,2025-01-09 19:28:00,A,5430
27,57,2026-01-19 08:25:00,A,5562
28,58,2022-10-18 01:36:00,A,5312
29,59,2023-02-09 15:39:00,B,5525
30,62,2023-03-24 00:59:00,A,5035
31,63,2023-05-27 07:19:00,B,5169
32,64,2023-02-25 19:51:00,A,5366
33,67,2026-05-26 21:55:00,C,5589
34,68,2025-08-16 07:45:00,A,5279
35,69,2023-01-24 00:00:00,B,5593
36,70,2025-05-27 03:34:00,C,5020
37,71,2024-02-03 15:12:00,B,5006
38,72,2025-03-21 17:47:00,C,5290
39,74,2022-12-29 13:26:00,A,5403
40,76,2024-01-16 16:02:00,A,5103
41,77,2024-04-17 18:52:00,A,5255
42,79,2024-11-30 08:42:00,A,5180
43,81,2022-08-09 08:00:00,A,5085
44,84,2024-11-11 02:01:00,B,5455
45,87,2025-02-13 13:55:00,A,5256
46,88,2024-02-01 01:11:00,A,5255
47,92,2022-12-22 00:26:00,A,5112
48,93,2024-11-12 16:48:00,A,5128
49,95,2023-05-01 16:16:00,A,5080
50,97,2022-12-20 04:09:00,A,5328
51,98,2024-05-04 19:14:00,A,5584
52,102,2024-02-02 15:03:00,A,5541
53,103,2025-02-17 09:37:00,C,5386
54,106,2024-03-20 00:35:00,A,5554
55,110,2023-04-03 23:07:00,A,5128
56,112,2024-09-07 09:47:00,C,5205
57,113,2024-03-26 23:50:00,A,5110
58,114,2026-06-03 08:46:00,A,5239
59,117,2025-10-13 12:48:00,B,5067
60,118,2024-10-14 01:07:00,B,5165
61,120,2026-02-07 09:29:00,A,5261
62,121,2024-07-01 19:22:00,C,5553
63,122,2026-08-07 00:00:00,A,5129
64,124,2025-02-06 10:57:00,A,5125
65,127,2025-08-01 15:41:00,A,5399
66,128,2023-08-21 01:24:00,A,5419
67,130,2026-03-25 03:00:00,A,5008
68,131,2026-07-10 12:39:00,A,5452
69,132,2025-06-15 03:14:00,A,5407
70,134,2025-01-26 10:04:00,A,5050
71,135,2024-08-07 00:37:00,A,5592
72,137,2025-08-22 17:21:00,A,5143
73,138,2026-07-12 08:32:00,A,5259
74,139,2022-07-13 08:56:00,A,5226
75,142,2023-05-25 06:24:00,B,5441
76,145,2023-07-15 11:47:00,C,5223
77,147,2026-11-17 16:06:00,A,5080
78,148,2022-06-25 15:50:00,A,5405
79,150,2022-07-12 11:48:00,A,5032
80,151,2024-01-25 10:52:00,B,5320
81,153,2025-12-03 03:28:00,C,5387
82,157,2025-02-20 06:04:00,A,5531
83,159,2022-08-03 00:42:00,A,5211
84,160,2024-04-17 18:13:00,A,5240
85,165,2025-10-20 10:28:00,A,5316
86,167,2026-05-13 07:43:00,A,5362
87,169,2025-04-01 06:47:00,A,5417
88,170,2026-10-15 07:24:00,A,5085
89,171,2022-10-11 01:43:00,A,5300
90,173,2025-06-28 01:07:00,A,5481
91,175,2024-10-25 11:33:00,A,5180
92,176,2024-02-25 08:12:00,C,5209
93,178,2024-05-21 05:43:00,A,5583
94,179,2024-08-09 12:07:00,A,5402
95,187,2023-03-01 08:43:00,A,5100
96,189,2023-02-15 06:35:00,A,5456
97,190,2025-11-18 02:17:00,A,5503
98,191,2025-05-04 15:10:00,A,5010
99,192,2022-11-20 11:02:00,A,5330
100,194,2022-07-16 23:21:00,A,5393
101,195,2022-12-19 06:31:00,A,5486
102,196,2023-05-17 00:06:00,B,5083
103,199,2023-03-17 08:42:00,A,5245
104,200,2023-04-03 03:59:00,A,5504
105,201,2027-01-23 01:29:00,C,5284
106,204,2026-09-13 21:40:00,A,5195
107,208,2026-02-01 02:55:00,A,5409
108,209,2022-07-09 13:41:00,A,5100
109,210,2023-05-16 10:24:00,A,5256
110,219,2022-11-17 22:13:00,C,5124
111,222,2026-09-03 03:10:00,A,5488
112,223,2026-02-12 23:08:00,A,5066
113,224,2025-09-09 15:06:00,A,5465
114,225,2025-07-25 05:17:00,A,5516
115,226,2023-12-05 13:45:00,C,5210
116,227,2022-12-16 15:32:00,A,5307
117,228,2026-07-20 16:05:00,B,5545
118,231,2026-04-11 17:03:00,B,5464
119,234,2026-04-04 09:49:00,A,5409
120,237,2023-09-29 03:47:00,A,5224
121,238,2022-04-22 16:48:00,A,5066
122,240,2026-08-24 22:27:00,A,5567
123,241,2022-06-12 08:19:00,C,5434
124,242,2022-11-11 14:35:00,C,5440
125,243,2026-10-02 00:26:00,A,5475
126,244,2024-04-11 12:41:00,A,5204
127,246,2023-12-16 02:51:00,A,5515
128,249,2022-08-08 00:40:00,C,5106
129,250,2024-10-14 21:01:00,A,5583
130,251,2023-06-02 13:18:00,A,5185
131,253,2024-01-08 10:23:00,A,5031
132,255,2024-03-19 03:18:00,A,5465
133,256,2026-10-06 01:14:00,C,5301
134,257,2025-06-20 11:06:00,B,5356
135,260,2025-01-25 14:08:00,C,5506
136,261,2023-01-08 07:32:00,A,5565
137,262,2026-02-01 14:54:00,A,5424
138,263,2025-02-19 10:33:00,A,5392
139,264,2025-05-16 21:32:00,A,5081
140,266,2023-05-16 18:49:00,A,5416
141,268,2025-10-15 03:15:00,A,5133
142,270,2022-08-07 22:42:00,A,5282
143,273,2024-04-02 05:00:00,A,5514
144,276,2023-06-21 23:13:00,A,5344
145,277,2026-04-09 22:59:00,A,5536
146,278,2022-09-11 17:46:00,A,5153
147,280,2026-03-27 21:58:00,A,5582
148,284,2024-03-05 22:55:00,B,5332
149,286,2023-03-22 13:13:00,A,5085
150,287,2025-01-14 16:11:00,A,5438
151,288,2024-05-18 07:07:00,A,5455
152,289,2023-04-30 01:09:00,C,5276
153,290,2023-11-21 22:11:00,A,5132
154,292,2024-12-19 23:43:00,A,5291
155,295,2026-01-17 14:37:00,A,5186
156,297,2024-06-12 09:49:00,A,5275
157,298,2025-07-18 21:47:00,A,5591
158,299,2026-12-10 01:03:00,A,5327
159,300,2026-03-19 10:40:00,A,5412
160,303,2025-10-19 19:50:00,B,5059
161,306,2023-01-08 06:47:00,A,5330
162,308,2023-11-24 17:37:00,A,5077
163,311,2023-03-01 15:53:00,A,5259
164,312,2024-09-07 22:19:00,A,5561
165,313,2025-04-23 07:38:00,A,5563
166,314,2023-12-03 01:32:00,A,5513
167,315,2023-10-23 14:13:00,A,5240
168,316,2023-09-24 18:21:00,A,5083
169,317,2025-06-12 16:48:00,A,5299
170,319,2024-10-21 20:53:00,C,5411
171,321,2025-12-29 15:32:00,A,5361
172,322,2024-03-31 06:03:00,B,5342
173,323,2025-07-06 17:28:00,A,5210
174,326,2023-01-03 23:44:00,A,5011
175,328,2026-01-27 17:43:00,A,5127
176,329,2023-01-31 04:34:00,A,5513
177,330,2025-10-30 20:15:00,A,5487
178,331,2023-07-12 17:44:00,C,5536
179,332,2026-10-03 05:42:00,A,5411
180,337,2026-03-29 05:06:00,A,5374
181,339,2025-01-06 21:38:00,A,5186
182,340,2024-07-19 18:24:00,A,5129
183,343,2026-07-18 10:27:00,A,5294
184,344,2023-07-20 02:27:00,A,5535
185,345,2025-10-13 02:19:00,A,5218
186,346,2026-01-15 17:39:00,A,5246
187,347,2023-07-16 21:09:00,A,5117
188,348,2025-11-29 18:39:00,A,5347
189,356,2023-06-24 11:37:00,A,5411
190,358,2023-10-20 11:33:00,A,5337
191,359,2025-05-29 14:48:00,A,5035
192,360,2025-12-14 02:59:00,B,5519
193,362,2022-11-06 04:32:00,A,5299
194,363,2024-05-09 22:22:00,A,5285
195,365,2022-07-24 09:28:00,A,5071
196,368,2022-09-07 11:48:00,A,5077
197,369,2022-12-25 10:12:00,A,5006
198,371,2024-03-25 13:35:00,A,5025
199,375,2026-05-09 12:07:00,A,5533
200,376,2023-10-14 05:13:00,B,5300
201,377,2026-06-20 21:02:00,A,5541
202,379,2026-11-01 03:05:00,A,5077
203,380,2023-01-28 19:26:00,A,5282
204,381,2024-10-12 02:22:00,A,5032
205,382,2024-10-04 10:12:00,B,5342
206,385,2024-05-26 03:20:00,C,5346
207,386,2026-03-14 20:31:00,A,5121
208,388,2026-06-21 09:25:00,A,5251
209,390,2022-11-18 03:06:00,C,5260
210,391,2024-04-07 06:55:00,A,5372
211,392,2023-07-02 10:49:00,A,5054
212,393,2026-06-18 12:51:00,A,5471
213,394,2025-03-13 09:59:00,B,5133
214,401,2025-05-01 16:58:00,C,5041
215,402,2026-03-16 02:59:00,A,5543
216,403,2025-02-08 23:57:00,A,5513
217,404,2022-12-23 16:49:00,A,5094
218,406,2024-11-26 18:53:00,A,5545
219,407,2022-10-19 00:04:00,A,5195
220,408,2023-07-17 09:47:00,A,5167
221,409,2026-09-15 09:22:00,A,5419
222,410,2023-02-03 14:41:00,A,5229
223,411,2024-12-22 19:59:00,A,5127
224,412,2022-07-04 23:45:00,A,5397
225,416,2023-09-13 23:50:00,A,5285
226,417,2025-10-12 05:05:00,A,5561
227,418,2025-02-18 16:34:00,A,5591
228,419,2023-08-31 13:45:00,A,5280
229,420,2024-12-15 22:21:00,A,5470
230,423,2026-04-02 23:04:00,A,5321
231,424,2026-06-27 03:28:00,A,5527
232,425,2022-12-23 03:24:00,A,5589
233,426,2025-05-16 00:19:00,A,5031
234,427,2023-05-25 06:03:00,A,5509
235,428,2024-06-09 03:26:00,A,5236
236,431,2022-04-18 11:38:00,A,5151
237,433,2022-09-29 14:19:00,A,5172
238,434,2025-09-08 20:08:00,A,5419
239,438,2024-04-26 11:49:00,A,5583
240,439,2025-07-26 14:52:00,A,5516
241,442,2024-10-16 00:51:00,B,5422
242,443,2025-06-07 13:22:00,A,5528
243,444,2024-03-09 19:34:00,A,5408
244,447,2025-01-07 13:51:00,A,5227
245,449,2026-01-18 16:18:00,A,5419
246,450,2023-02-06 18:50:00,A,5032
247,452,2025-05-01 09:54:00,B,5234
248,453,2024-01-25 17:52:00,A,5499
249,454,2024-06-26 21:40:00,A,5009
250,455,2022-04-08 18:17:00,A,5541
251,456,2026-10-30 08:01:00,A,5154
252,457,2024-09-17 18:48:00,C,5245
253,458,2026-03-11 02:22:00,B,5541
254,461,2023-12-08 10:13:00,A,5487
255,462,2025-02-27 05:01:00,A,5133
256,464,2025-09-10 07:04:00,A,5488
257,466,2022-09-10 18:34:00,A,5459
258,470,2022-10-20 15:47:00,A,5140
259,472,2025-07-22 12:09:00,A,5566
260,473,2026-06-22 18:12:00,B,5087
261,475,2023-09-03 02:42:00,A,5237
262,476,2023-09-14 05:41:00,A,5215
263,477,2026-09-24 03:17:00,A,5245
264,479,2026-07-17 16:06:00,A,5399
265,480,2023-04-01 06:44:00,B,5285
266,481,2024-04-29 06:10:00,B,5194
267,484,2023-03-16 22:53:00,A,5219
268,485,2024-09-15 22:28:00,B,5247
269,488,2025-07-23 23:52:00,A,5198
270,492,2022-08-08 11:23:00,A,5306
271,494,2026-12-19 09:37:00,A,5132
272,495,2023-02-03 07:35:00,A,5260
273,498,2025-06-14 04:28:00,A,5191
274,499,2026-07-15 16:23:00,A,5082
275,500,2023-01-04 18:39:00,A,5176
276,503,2024-09-23 03:13:00,A,5419
277,507,2025-11-17 19:26:00,A,5473
278,508,2024-10-04 06:49:00,A,5459
279,509,2023-06-17 15:36:00,A,5420
280,510,2026-10-13 08:45:00,A,5285
281,513,2026-09-04 02:58:00,C,5180
282,514,2024-11-22 11:41:00,A,5507
283,518,2025-02-01 04:09:00,C,5588
284,521,2022-07-28 07:49:00,A,5474
285,522,2023-06-28 15:05:00,A,5130
286,524,2024-03-19 14:56:00,A,5576
287,525,2022-11-13 22:49:00,A,5054
288,526,2023-04-27 17:47:00,A,5171
289,528,2023-01-13 12:51:00,A,5362
290,529,2026-06-06 16:27:00,A,5581
291,531,2025-07-14 23:55:00,A,5133
292,532,2023-10-03 03:09:00,A,5300
293,536,2023-11-05 21:20:00,A,5567
294,539,2024-07-01 00:48:00,C,5358
295,542,2024-09-02 23:13:00,A,5252
296,545,2025-03-24 21:56:00,C,5125
297,546,2023-09-10 13:18:00,A,5189
298,548,2022-10-04 02:03:00,C,5153
299,549,2026-07-04 08:11:00,A,5352
300,550,2023-04-25 22:07:00,A,5595
301,556,2023-08-12 13:36:00,A,5336
302,557,2024-01-16 18:51:00,A,5178
303,558,2026-04-14 06:28:00,C,5085
304,559,2023-11-13 18:11:00,A,5081
305,560,2024-10-05 15:45:00,A,5163
306,561,2023-01-15 08:48:00,A,5539
307,567,2025-03-04 01:49:00,A,5265
308,568,2024-03-05 04:59:00,B,5485
309,571,2026-04-22 20:33:00,A,5525
310,573,2022-05-31 00:18:00,A,5479
311,574,2025-11-04 18:40:00,A,5527
312,576,2023-02-11 05:42:00,A,5525
313,578,2026-09-18 01:38:00,A,5129
314,579,2026-09-13 14:19:00,A,5254
315,581,2025-09-25 13:19:00,A,5584
316,582,2026-08-23 12:11:00,A,5358
317,583,2023-06-26 14:42:00,A,5119
318,584,2023-10-11 07:10:00,C,5180
319,586,2026-11-19 11:16:00,A,5343
320,587,2025-09-15 01:27:00,A,5058
321,588,2026-09-27 17:47:00,A,5444
322,590,2023-04-12 08:47:00,A,5520
323,591,2023-09-17 21:46:00,B,5385
324,593,2024-07-20 12:19:00,A,5406
325,594,2023-10-07 13:16:00,A,5444
326,596,2022-09-16 05:53:00,B,5252
327,597,2026-11-08 08:40:00,A,5399
328,599,2025-06-25 15:59:00,A,5319
329,600,2023-01-06 22:04:00,B,5308
330,603,2025-04-06 06:00:00,A,5169
331,604,2026-02-10 13:34:00,A,5402
332,607,2025-06-01 23:43:00,B,5324
333,609,2023-06-21 17:43:00,A,5397
334,610,2024-02-02 13:45:00,A,5093
335,611,2025-05-08 17:01:00,A,5540
336,612,2023-04-12 14:11:00,A,5285
337,613,2025-03-03 22:54:00,A,5185
338,615,2025-02-18 06:09:00,A,5245
339,617,2024-11-10 22:29:00,A,5071
340,621,2025-03-27 20:50:00,A,5234
341,622,2026-10-04 18:52:00,A,5525
342,623,2024-06-13 10:25:00,A,5515
343,626,2025-07-03 19:17:00,A,5311
344,627,2024-11-15 05:03:00,A,5344
345,629,2022-11-27 19:07:00,A,5600
346,630,2022-06-21 22:28:00,A,5566
347,633,2026-12-26 11:54:00,B,5097
348,634,2023-10-15 03:53:00,A,5394
349,635,2026-05-20 07:53:00,A,5358
350,636,2022-10-26 02:59:00,B,5031
351,637,2022-02-27 00:15:00,A,5120
352,638,2023-05-11 04:02:00,A,5588
353,642,2024-03-22 17:16:00,A,5300
354,643,2023-10-30 14:22:00,A,5512
355,644,2024-11-18 01:25:00,A,5527
356,645,2025-07-16 13:16:00,A,5119
357,646,2022-10-06 08:25:00,A,5548
358,647,2023-05-05 09:00:00,A,5186
359,649,2023-02-22 15:39:00,A,5424
360,650,2025-05-18 06:12:00,A,5018
361,651,2026-06-30 03:28:00,A,5125
362,653,2026-07-21 05:44:00,A,5114
363,654,2023-02-19 06:29:00,A,5213
364,656,2024-08-16 07:28:00,A,5376
365,657,2025-02-02 09:51:00,A,5423
366,658,2024-07-28 18:20:00,C,5445
367,659,2022-12-13 02:40:00,A,5075
368,660,2023-02-03 03:46:00,A,5176
369,661,2025-12-04 20:49:00,C,5160
370,662,2025-01-08 15:40:00,A,5221
371,664,2023-02-25 10:21:00,B,5269
372,665,2024-12-06 08:01:00,A,5031
373,667,2026-08-28 08:47:00,C,5422
374,668,2025-11-07 12:46:00,A,5525
375,670,2024-04-14 10:47:00,A,5148
376,671,2022-07-12 03:10:00,A,5336
377,679,2023-04-17 23:45:00,A,5467
378,680,2025-07-02 18:51:00,C,5132
379,681,2026-02-19 03:05:00,A,5385
380,683,2023-09-29 20:29:00,B,5300
381,684,2023-02-14 09:48:00,A,5590
382,685,2025-12-22 15:51:00,A,5119
383,686,2025-10-15 10:14:00,A,5023
384,687,2023-05-15 19:12:00,A,5263
385,690,2025-06-08 21:43:00,C,5498
386,691,2023-01-03 04:39:00,A,5551
387,692,2024-09-24 15:20:00,A,5365
388,695,2023-08-27 03:03:00,A,5090
389,699,2025-08-21 20:25:00,A,5226
390,700,2026-04-01 13:45:00,A,5302
391,702,2023-11-17 14:32:00,A,5300
392,703,2025-10-31 16:08:00,A,5133
393,704,2025-08-24 14:52:00,B,5227
394,707,2025-03-06 17:38:00,A,5101
395,712,2025-05-10 23:38:00,B,5256
396,714,2025-05-22 08:42:00,A,5527
397,715,2025-06-17 21:54:00,A,5449
398,716,2022-08-19 13:34:00,A,5398
399,721,2023-05-01 06:10:00,A,5419
400,723,2025-03-11 03:38:00,A,5496
401,725,2024-08-24 09:13:00,A,5145
402,728,2024-06-08 02:06:00,A,5385
403,730,2022-04-26 04:18:00,A,5051
404,732,2023-03-01 05:27:00,A,5138
405,733,2025-08-16 07:40:00,A,5206
406,736,2024-03-12 09:39:00,A,5155
407,737,2025-03-05 05:03:00,A,5115
408,739,2022-12-21 06:34:00,A,5486
409,742,2023-02-09 21:29:00,A,5060
410,744,2025-10-16 09:59:00,B,5392
411,745,2026-08-05 02:09:00,A,5349
412,747,2025-02-01 18:51:00,B,5419
413,748,2026-02-21 22:57:00,A,5327
414,752,2024-10-25 08:23:00,A,5210
415,755,2022-10-02 14:53:00,A,5582
416,758,2026-02-15 19:48:00,A,5275
417,761,2026-06-22 10:44:00,A,5075
418,763,2025-09-25 00:18:00,A,5112
419,764,2026-12-25 11:54:00,C,5444
420,765,2025-04-26 07:27:00,A,5428
421,766,2026-11-03 22:24:00,A,5128
422,768,2024-08-29 07:54:00,A,5354
423,769,2025-10-04 09:19:00,A,5500
424,771,2023-12-22 18:10:00,A,5419
425,772,2023-03-11 13:20:00,A,5572
426,774,2024-05-10 02:43:00,B,5221
427,775,2026-01-15 02:18:00,C,5379
428,778,2026-10-14 08:09:00,A,5401
429,780,2024-06-02 06:55:00,C,5524
430,782,2024-02-28 04:17:00,A,5312
431,785,2025-09-06 21:32:00,A,5188
432,789,2023-12-16 05:52:00,A,5342
433,790,2026-10-18 05:16:00,A,5020
434,792,2024-05-22 05:20:00,C,5283
435,793,2024-06-16 16:43:00,A,5330
436,795,2025-07-27 17:50:00,A,5489
437,796,2025-05-19 13:21:00,A,5301
438,797,2023-01-27 02:28:00,C,5417
439,798,2025-10-12 22:55:00,A,5049
440,799,2025-03-12 18:56:00,A,5133
441,801,2025-12-22 15:26:00,A,5011
442,807,2025-01-24 18:30:00,A,5113
443,808,2024-01-15 08:10:00,A,5178
444,810,2025-05-13 10:03:00,A,5405
445,811,2023-01-17 00:55:00,A,5127
446,812,2026-06-29 16:14:00,A,5482
447,814,2024-02-01 08:09:00,A,5003
448,815,2026-05-17 06:24:00,A,5321
449,818,2024-08-17 05:24:00,A,5563
450,819,2023-06-19 12:20:00,B,5579
451,823,2022-06-22 08:31:00,A,5404
452,824,2023-11-08 08:28:00,A,5486
453,825,2026-04-29 20:44:00,A,5114
454,827,2023-11-06 12:29:00,A,5340
455,828,2025-06-13 00:05:00,A,5362
456,830,2023-02-05 12:06:00,C,5127
457,831,2025-07-24 02:45:00,A,5002
458,832,2025-09-16 09:15:00,A,5006
459,834,2022-05-29 13:33:00,A,5448
460,839,2026-07-13 16:04:00,A,5286
461,840,2022-10-01 23:01:00,B,5251
462,843,2023-04-13 08:03:00,C,5582
463,844,2024-04-29 11:40:00,A,5489
464,845,2023-02-07 15:06:00,A,5012
465,847,2025-06-30 03:19:00,A,5028
466,849,2024-12-24 20:51:00,A,5399
467,850,2022-09-09 11:32:00,A,5332
468,851,2024-05-01 01:17:00,C,5558
469,853,2024-04-19 16:57:00,A,5235
470,854,2026-03-28 02:48:00,A,5216
471,855,2023-12-07 21:26:00,A,5078
472,856,2023-09-18 20:17:00,C,5285
473,857,2024-03-05 17:04:00,A,5373
474,858,2023-10-16 19:30:00,B,5581
475,859,2025-11-16 10:44:00,A,5031
476,860,2024-05-21 18:36:00,A,5288
477,861,2025-03-11 17:32:00,A,5578
478,862,2025-07-27 18:26:00,A,5467
479,864,2023-05-27 12:42:00,A,5433
480,865,2025-11-08 18:18:00,A,5108
481,866,2026-01-17 04:51:00,A,5116
482,872,2022-11-17 17:10:00,A,5419
483,876,2025-10-18 16:28:00,A,5420
484,877,2023-07-04 01:36:00,A,5381
485,878,2024-05-13 01:35:00,A,5067
486,880,2023-03-02 08:16:00,A,5070
487,881,2023-07-01 15:42:00,A,5259
488,882,2022-11-29 15:37:00,A,5491
489,883,2025-09-08 09:51:00,A,5253
490,885,2025-11-06 13:28:00,A,5023
491,886,2024-10-25 04:07:00,B,5209
492,887,2024-06-18 08:50:00,A,5452
493,888,2023-04-03 12:59:00,A,5079
494,891,2026-06-24 14:33:00,A,5188
495,894,2026-10-02 23:06:00,A,5272
496,896,2022-07-15 05:03:00,A,5576
497,898,2023-05-26 05:39:00,A,5300
498,899,2027-01-07 21:42:00,A,5326
499,900,2024-09-01 06:16:00,C,5455
500,901,2022-09-10 05:43:00,A,5112
501,902,2026-01-03 22:46:00,A,5145
502,906,2023-10-23 01:15:00,A,5204
503,909,2026-07-11 06:26:00,A,5562
504,910,2023-03-12 10:13:00,A,5083
505,911,2023-03-24 21:24:00,A,5087
506,912,2023-05-28 00:13:00,A,5036
507,913,2025-07-14 20:01:00,A,5155
508,919,2023-10-19 20:04:00,A,5069
509,920,2022-09-11 05:30:00,A,5274
510,921,2022-12-28 03:02:00,A,5009
511,922,2026-01-29 20:26:00,A,5288
512,923,2023-11-12 13:01:00,B,5462
513,925,2026-08-12 19:07:00,B,5163
514,927,2026-04-30 07:36:00,A,5099
515,928,2026-11-18 20:55:00,A,5354
516,929,2026-09-19 12:58:00,A,5133
517,930,2024-10-06 03:12:00,A,5581
518,931,2024-05-11 01:02:00,A,5561
519,932,2025-05-09 07:21:00,A,5496
520,933,2023-05-01 17:45:00,A,5599
521,934,2022-10-31 03:18:00,A,5160
522,935,2026-05-25 13:39:00,A,5435
523,936,2025-09-03 08:26:00,A,5425
524,937,2025-08-21 18:42:00,A,5063
525,938,2023-12-23 06:37:00,A,5462
526,939,2025-06-18 09:05:00,A,5566
527,941,2023-07-19 10:24:00,A,5346
528,945,2023-07-22 08:39:00,A,5094
529,946,2022-10-09 16:28:00,A,5039
530,947,2026-04-02 01:07:00,A,5372
531,950,2025-04-06 04:00:00,A,5259
532,951,2025-03-26 17:39:00,B,5297
533,952,2023-02-08 04:02:00,A,5089
534,956,2024-05-07 18:24:00,A,5589
535,958,2026-02-18 22:03:00,A,5565
536,960,2025-03-02 06:12:00,A,5483
537,961,2022-08-17 22:54:00,A,5111
538,962,2023-05-01 07:23:00,A,5081
539,964,2024-09-28 20:33:00,B,5330
540,965,2024-09-10 02:20:00,A,5179
541,966,2026-10-21 04:31:00,A,5249
542,967,2023-02-19 06:16:00,A,5062
543,968,2024-02-24 16:34:00,A,5415
544,969,2024-03-26 23:06:00,A,5233
545,971,2025-02-06 04:13:00,A,5054
546,972,2026-04-04 07:41:00,A,5345
547,974,2023-09-11 12:53:00,A,5587
548,975,2024-12-29 08:29:00,A,5281
549,976,2023-09-26 16:21:00,A,5555
550,978,2025-11-21 09:19:00,A,5308
551,980,2022-12-29 18:32:00,A,5417
552,981,2026-07-11 15:39:00,A,5297
553,983,2026-03-12 06:05:00,A,5598
554,984,2023-02-03 08:19:00,A,5317
555,986,2025-03-06 12:23:00,A,5163
556,988,2024-01-06 08:04:00,A,5350
557,989,2023-12-31 12:46:00,A,5084
558,990,2023-02-04 21:35:00,A,5312
559,991,2025-02-16 20:21:00,A,5319
560,993,2025-05-31 08:09:00,A,5186
561,994,2025-06-06 08:39:00,B,5257
562,995,2024-10-29 13:13:00,C,5122
563,996,2025-12-08 13:43:00,A,5456
564,998,2023-04-22 01:13:00,B,5009
565,999,2024-11-30 02:44:00,B,5543
566,1002,2026-01-10 21:28:00,A,5105
567,1003,2025-04-29 06:08:00,A,5343
568,1005,2026-02-05 11:07:00,A,5550
569,1006,2025-08-15 19:29:00,A,5498
570,1007,2025-03-07 04:44:00,B,5346
571,1010,2026-07-26 11:05:00,A,5462
572,1011,2025-02-08 23:38:00,A,5336
573,1012,2024-09-29 07:12:00,A,5093
574,1015,2024-09-11 17:39:00,B,5567
575,1017,2024-07-06 04:12:00,A,5500
576,1019,2024-03-26 00:03:00,A,5206
577,1020,2022-10-05 03:47:00,A,5204
578,1022,2023-07-18 18:57:00,A,5144
579,1024,2024-05-16 19:07:00,A,5235
580,1025,2023-08-30 03:01:00,C,5546
581,1026,2026-04-22 08:13:00,A,5333
582,1027,2023-06-02 22:47:00,A,5345
583,1032,2025-04-29 22:27:00,A,5285
584,1033,2024-08-19 09:09:00,C,5259
585,1034,2025-02-06 23:14:00,B,5304
586,1035,2026-10-21 11:06:00,A,5527
587,1041,2022-07-26 21:34:00,A,5342
588,1043,2026-05-16 00:23:00,A,5138
589,1044,2023-12-24 00:58:00,A,5423
590,1045,2024-10-07 19:08:00,A,5520
591,1051,2024-07-12 12:31:00,B,5452
592,1052,2026-08-11 05:19:00,A,5374
593,1053,2024-05-24 03:33:00,A,5256
594,1054,2024-04-11 02:23:00,A,5300
595,1056,2025-10-26 22:19:00,A,5276
596,1057,2027-01-08 23:52:00,C,5385
597,1060,2022-11-26 06:26:00,A,5191
598,1061,2025-05-12 14:18:00,A,5011
599,1064,2026-10-15 23:52:00,B,5358
600,1066,2025-11-29 06:43:00,A,5202
601,1067,2024-03-22 14:51:00,A,5330
602,1068,2024-07-12 04:11:00,A,5278
603,1071,2024-08-13 21:22:00,A,5300
604,1075,2026-04-11 19:49:00,A,5094
605,1076,2023-02-26 01:01:00,A,5479
606,1079,2025-10-17 08:30:00,A,5581
607,1086,2023-05-10 18:18:00,A,5230
608,1087,2022-06-25 01:15:00,A,5218
609,1088,2024-08-25 06:34:00,B,5156
610,1090,2022-07-28 09:19:00,B,5146
611,1091,2022-05-22 16:56:00,A,5324
612,1094,2024-05-01 00:52:00,A,5031
613,1095,2024-09-12 22:22:00,A,5184
614,1104,2025-07-12 22:54:00,A,5445
615,1105,2022-11-20 20:01:00,B,5217
616,1109,2026-05-23 09:18:00,A,5143
617,1110,2023-11-01 05:22:00,A,5257
618,1111,2024-10-15 04:19:00,A,5222
619,1112,2023-06-18 05:47:00,A,5299
620,1115,2022-06-11 16:26:00,A,5300
621,1116,2024-01-01 11:27:00,B,5291
622,1117,2022-10-09 03:16:00,A,5371
623,1118,2026-08-02 23:20:00,A,5259
624,1120,2023-06-27 20:34:00,A,5477
625,1121,2026-08-23 21:13:00,A,5574
626,1122,2023-08-04 12:30:00,A,5197
627,1125,2023-07-21 15:16:00,A,5234
628,1128,2023-08-28 08:18:00,A,5073
629,1129,2023-05-13 13:23:00,A,5111
630,1130,2023-09-03 08:18:00,A,5553
631,1133,2026-05-25 03:01:00,A,5476
632,1134,2024-05-01 08:13:00,A,5267
633,1136,2026-07-18 04:31:00,A,5411
634,1137,2024-08-07 17:26:00,A,5263
635,1138,2025-11-07 16:45:00,A,5096
636,1139,2025-01-27 20:41:00,A,5542
637,1141,2022-11-15 20:14:00,A,5303
638,1149,2024-05-02 07:43:00,A,5577
639,1150,2022-05-27 03:18:00,A,5131
640,1152,2023-04-21 20:56:00,A,5055
641,1154,2025-10-28 06:19:00,A,5094
642,1156,2023-07-08 13:54:00,A,5188
643,1157,2025-01-03 01:44:00,A,5087
644,1158,2026-09-21 07:17:00,A,5219
645,1159,2023-12-08 12:45:00,A,5342
646,1160,2022-12-09 21:55:00,A,5525
647,1162,2024-12-26 07:06:00,A,5362
648,1163,2025-09-21 17:09:00,A,5255
649,1165,2024-03-02 15:55:00,A,5098
650,1167,2024-12-18 09:41:00,A,5107
651,1168,2024-03-25 10:02:00,B,5011
652,1169,2024-06-22 23:00:00,A,5101
653,1171,2024-09-19 05:10:00,B,5593
654,1172,2022-12-10 13:40:00,A,5223
655,1173,2023-05-28 19:47:00,A,5527
656,1174,2024-10-25 03:09:00,A,5515
657,1176,2025-11-07 21:02:00,A,5375
658,1178,2023-10-30 09:57:00,A,5079
659,1179,2023-11-22 21:27:00,C,5351
660,1181,2025-06-14 00:27:00,B,5409
661,1182,2025-10-19 09:31:00,A,5588
662,1183,2026-10-24 01:41:00,A,5212
663,1185,2026-01-12 09:20:00,A,5460
664,1187,2023-09-19 17:53:00,A,5039
665,1191,2025-09-12 03:31:00,A,5524
666,1192,2022-07-31 02:39:00,A,5181
667,1193,2026-12-21 14:03:00,A,5184
668,1194,2025-01-12 16:04:00,A,5123
669,1199,2024-09-21 04:55:00,A,5084
670,1201,2024-07-13 07:39:00,A,5392
671,1202,2023-07-10 23:46:00,A,5186
672,1204,2022-11-25 08:15:00,A,5008
673,1205,2025-08-01 07:54:00,A,5113
674,1206,2026-03-26 07:09:00,A,5116
675,1207,2024-11-27 11:34:00,A,5397
676,1210,2023-09-27 19:05:00,A,5518
677,1211,2024-04-08 06:04:00,A,5162
678,1213,2022-08-18 18:52:00,A,5047
679,1214,2023-07-20 21:27:00,B,5152
680,1215,2023-12-19 10:32:00,A,5406
681,1216,2024-10-28 10:26:00,A,5397
682,1217,2025-12-02 14:52:00,A,5329
683,1218,2024-01-23 11:01:00,A,5281
684,1220,2023-12-29 14:42:00,A,5407
685,1221,2025-02-11 15:07:00,B,5018
686,1222,2026-09-28 20:20:00,A,5436
687,1223,2025-04-02 16:52:00,A,5235
688,1224,2022-10-01 08:23:00,A,5330
689,1225,2026-09-17 02:24:00,A,5419
690,1226,2024-03-22 20:01:00,A,5552
691,1230,2026-07-19 10:28:00,A,5089
692,1231,2023-01-29 06:02:00,A,5456
693,1232,2022-10-10 19:22:00,A,5042
694,1233,2022-03-22 11:05:00,A,5087
695,1238,2024-05-01 12:10:00,C,5142
696,1245,2023-06-13 16:56:00,B,5198
697,1246,2026-04-18 22:36:00,B,5538
698,1247,2026-08-19 18:56:00,C,5258
699,1254,2025-05-19 14:04:00,A,5092
700,1255,2025-05-21 05:50:00,A,5553
701,1256,2024-11-07 15:26:00,A,5257
702,1257,2024-10-07 00:04:00,C,5419
703,1259,2024-02-28 23:58:00,A,5501
704,1260,2023-04-03 05:16:00,A,5131
705,1261,2024-08-30 20:28:00,A,5038
706,1262,2023-09-11 19:17:00,B,5515
707,1263,2022-12-10 09:29:00,A,5209
708,1264,2025-06-20 09:55:00,C,5321
709,1265,2023-01-25 13:52:00,C,5026
710,1268,2026-03-10 08:01:00,A,5346
711,1271,2024-09-30 08:10:00,A,5322
712,1273,2024-05-30 14:46:00,A,5410
713,1274,2025-05-11 19:09:00,A,5374
714,1275,2022-04-12 06:38:00,A,5578
715,1276,2026-05-08 00:24:00,A,5221
716,1277,2022-08-15 02:59:00,C,5571
717,1282,2022-07-14 06:09:00,A,5538
718,1283,2026-10-08 04:52:00,A,5235
719,1284,2022-10-26 10:58:00,A,5167
720,1287,2023-08-12 02:37:00,A,5138
721,1288,2025-12-09 23:53:00,A,5436
722,1290,2024-04-17 01:18:00,A,5117
723,1291,2026-04-30 16:37:00,B,5561
724,1294,2026-03-26 14:06:00,A,5137
725,1295,2023-01-13 12:52:00,A,5012
726,1296,2025-01-20 22:32:00,A,5153
727,1299,2023-07-17 08:31:00,A,5308
728,1301,2025-03-23 21:59:00,B,5057
729,1302,2023-03-01 00:43:00,A,5373
730,1303,2022-11-12 04:25:00,B,5164
731,1304,2025-05-05 18:32:00,A,5490
732,1307,2026-11-30 06:15:00,A,5281
733,1308,2022-12-10 14:11:00,A,5112
734,1309,2024-07-05 12:37:00,A,5595
735,1310,2024-07-14 18:10:00,A,5515
736,1312,2024-01-14 07:36:00,B,5140
737,1313,2026-01-31 23:02:00,A,5171
738,1314,2025-11-19 02:18:00,A,5538
739,1316,2024-09-03 23:12:00,B,5238
740,1317,2022-12-06 15:20:00,A,5534
741,1318,2025-10-17 23:32:00,A,5599
742,1320,2024-11-07 23:10:00,B,5198
743,1321,2022-05-26 10:40:00,C,5181
744,1322,2023-05-23 00:17:00,A,5393
745,1323,2025-10-07 11:16:00,A,5055
746,1324,2025-03-20 05:25:00,A,5454
747,1327,2025-01-13 02:29:00,C,5079
748,1329,2026-01-05 23:49:00,A,5232
749,1330,2022-11-10 23:08:00,A,5337
750,1332,2025-02-09 16:06:00,A,5450
751,1334,2023-05-11 00:17:00,A,5527
752,1335,2024-06-20 09:51:00,A,5330
753,1336,2025-08-16 17:03:00,B,5525
754,1337,2026-02-02 23:29:00,A,5212
755,1338,2022-10-20 00:46:00,A,5112
756,1339,2023-09-20 09:28:00,A,5497
757,1341,2026-04-23 22:22:00,B,5298
758,1342,2022-09-20 18:22:00,A,5233
759,1345,2025-11-08 07:33:00,A,5110
760,1346,2025-10-23 08:42:00,A,5219
761,1348,2022-07-06 23:24:00,A,5553
762,1350,2025-10-01 06:13:00,A,5486
763,1353,2026-07-05 22:46:00,A,5015
764,1354,2023-03-10 07:01:00,A,5543
765,1355,2022-07-06 00:48:00,A,5384
766,1356,2023-02-13 16:37:00,A,5188
767,1357,2022-08-25 17:48:00,A,5229
768,1358,2026-07-01 12:31:00,A,5137
769,1359,2025-04-18 10:41:00,A,5343
770,1361,2025-11-25 19:18:00,A,5511
771,1362,2023-03-09 12:56:00,B,5014
772,1363,2022-07-07 10:31:00,A,5450
773,1366,2027-02-24 15:29:00,A,5171
774,1369,2023-03-09 17:03:00,A,5011
775,1372,2022-05-10 02:33:00,A,5478
776,1373,2024-12-21 21:50:00,A,5152
777,1374,2024-03-23 13:19:00,A,5256
778,1375,2025-11-04 04:35:00,C,5461
779,1376,2023-01-19 21:45:00,A,5470
780,1377,2022-08-10 22:03:00,A,5072
781,1380,2025-05-25 17:53:00,A,5536
782,1382,2023-11-14 10:29:00,A,5300
783,1383,2024-11-05 09:07:00,A,5249
784,1385,2026-09-26 13:27:00,A,5442
785,1388,2023-02-07 18:11:00,A,5228
786,1391,2022-07-18 08:22:00,A,5330
787,1392,2023-11-19 17:50:00,A,5071
788,1396,2027-01-23 18:39:00,A,5150
789,1397,2026-06-06 17:15:00,B,5457
790,1400,2025-01-18 21:58:00,A,5517
791,1401,2026-11-19 23:23:00,A,5287
792,1402,2022-12-30 00:37:00,A,5055
793,1403,2025-01-13 02:35:00,A,5389
794,1405,2024-06-15 02:15:00,A,5204
795,1406,2024-11-19 01:43:00,A,5288
796,1407,2026-09-23 15:50:00,A,5053
797,1408,2023-05-08 13:09:00,A,5594
798,1409,2022-07-02 12:50:00,A,5346
799,1411,2026-12-20 16:16:00,B,5300
800,1412,2023-07-05 17:42:00,A,5288
801,1416,2026-01-28 03:31:00,C,5296
802,1420,2025-10-31 16:34:00,A,5008
803,1421,2023-06-24 16:51:00,A,5069
804,1422,2025-08-17 03:25:00,A,5343
805,1425,2023-02-14 03:56:00,A,5154
806,1432,2022-07-05 17:51:00,A,5411
807,1433,2025-06-06 13:22:00,A,5174
808,1437,2025-12-21 10:52:00,A,5446
809,1439,2024-04-28 17:10:00,A,5073
810,1443,2023-11-14 10:34:00,A,5340
811,1444,2022-12-11 01:26:00,A,5313
812,1445,2025-01-13 14:32:00,C,5052
813,1446,2024-08-11 15:49:00,A,5527
814,1449,2026-08-29 20:17:00,A,5211
815,1451,2023-07-18 16:58:00,A,5513
816,1452,2025-10-25 08:04:00,A,5103
817,1453,2023-12-11 13:30:00,A,5149
818,1456,2024-05-10 10:25:00,A,5439
819,1457,2024-05-09 06:48:00,B,5318
820,1458,2026-04-01 00:11:00,A,5283
821,1464,2025-02-24 11:59:00,A,5561
822,1465,2025-01-23 18:22:00,C,5387
823,1466,2024-01-09 07:22:00,A,5332
824,1467,2023-08-15 02:18:00,A,5146
825,1469,2023-04-12 12:46:00,A,5496
826,1470,2026-05-20 15:26:00,A,5251
827,1471,2025-06-03 08:15:00,A,5346
828,1472,2022-05-22 14:48:00,A,5468
829,1474,2026-06-01 08:30:00,A,5351
830,1475,2022-09-14 09:19:00,A,5263
831,1476,2025-04-17 09:43:00,A,5589
832,1477,2024-06-22 01:50:00,A,5224
833,1478,2025-03-04 20:20:00,A,5026
834,1479,2023-02-25 03:43:00,A,5600
835,1480,2023-04-22 06:54:00,A,5346
836,1481,2025-07-10 01:03:00,A,5167
837,1482,2026-06-24 06:49:00,A,5300
838,1483,2023-01-01 01:15:00,A,5372
839,1484,2025-06-20 21:07:00,A,5459
840,1486,2022-04-12 02:44:00,A,5421
841,1487,2024-11-06 10:39:00,A,5153
842,1489,2025-09-14 11:35:00,A,5131
843,1493,2026-05-22 12:26:00,A,5340
844,1495,2024-01-28 10:15:00,C,5296
845,1496,2023-02-26 17:04:00,B,5561
846,1497,2024-04-17 06:11:00,A,5554
847,1499,2025-12-18 11:20:00,A,5123
848,1503,2026-07-29 09:41:00,A,5008
849,1505,2026-01-06 06:09:00,A,5135
850,1506,2022-07-05 16:57:00,A,5515
851,1507,2024-07-29 05:14:00,A,5588
852,1508,2025-08-27 06:10:00,A,5012
853,1509,2026-11-20 14:13:00,B,5303
854,1511,2023-10-29 14:23:00,A,5589
855,1512,2025-07-10 06:31:00,B,5324
856,1515,2026-03-02 19:14:00,C,5549
857,1517,2024-06-04 12:25:00,A,5351
858,1518,2023-10-18 19:35:00,A,5543
859,1520,2026-10-03 06:17:00,A,5127
860,1522,2026-06-16 20:44:00,A,5359
861,1523,2023-06-07 06:02:00,A,5419
862,1525,2026-11-04 22:33:00,A,5046
863,1526,2026-09-25 04:06:00,A,5451
864,1527,2024-01-16 10:32:00,A,5298
865,1528,2026-12-27 22:48:00,A,5569
866,1530,2026-11-07 12:31:00,A,5450
867,1531,2024-06-17 08:02:00,B,5341
868,1534,2024-08-25 01:27:00,A,5374
869,1535,2024-07-07 02:58:00,B,5352
870,1537,2024-11-29 01:49:00,A,5397
871,1540,2025-04-08 06:16:00,A,5006
872,1541,2023-01-01 22:05:00,A,5133
873,1543,2023-08-28 09:10:00,A,5281
874,1544,2024-03-03 10:00:00,A,5561
875,1546,2023-01-30 03:06:00,A,5271
876,1547,2026-07-15 23:21:00,A,5415
877,1548,2026-02-05 06:04:00,A,5484
878,1549,2022-09-17 06:16:00,A,5315
879,1550,2024-09-01 15:22:00,A,5420
880,1551,2026-04-21 04:01:00,A,5291
881,1554,2025-08-18 00:53:00,A,5327
882,1558,2023-12-18 15:25:00,A,5087
883,1559,2025-01-23 00:02:00,A,5156
884,1561,2022-05-10 04:28:00,A,5551
885,1565,2026-05-09 07:18:00,C,5158
886,1566,2023-01-24 20:23:00,A,5566
887,1568,2023-07-07 00:39:00,A,5555
888,1573,2024-12-15 05:49:00,A,5123
889,1574,2025-05-13 04:31:00,A,5017
890,1577,2024-12-21 18:23:00,A,5273
891,1579,2026-06-19 18:54:00,A,5524
892,1582,2025-05-25 05:43:00,A,5235
893,1584,2024-04-08 23:57:00,A,5039
894,1585,2024-10-25 16:43:00,A,5018
895,1586,2022-08-07 06:00:00,A,5283
896,1587,2023-05-17 04:24:00,A,5124
897,1589,2023-07-14 01:01:00,A,5600
898,1591,2023-08-08 06:22:00,C,5303
899,1593,2026-09-19 05:34:00,A,5139
900,1595,2024-05-29 16:35:00,A,5241
901,1597,2026-07-17 06:25:00,A,5201
902,1599,2026-04-24 13:29:00,A,5528
903,1600,2024-06-18 18:32:00,C,5535
904,1603,2026-08-23 13:58:00,C,5232
905,1604,2026-03-10 22:47:00,A,5502
906,1608,2025-02-09 11:37:00,A,5045
907,1612,2024-02-29 06:35:00,A,5364
908,1613,2022-12-26 09:46:00,A,5004
909,1616,2026-10-03 16:17:00,A,5300
910,1618,2025-09-14 18:17:00,A,5515
911,1619,2023-07-26 16:58:00,A,5591
912,1622,2026-09-12 21:10:00,A,5290
913,1624,2024-04-12 04:51:00,A,5588
914,1625,2023-12-21 23:34:00,A,5579
915,1626,2026-03-07 14:59:00,A,5208
916,1627,2025-07-01 05:04:00,A,5410
917,1628,2025-06-04 18:32:00,A,5546
918,1629,2026-01-31 00:52:00,A,5362
919,1631,2024-04-24 18:10:00,A,5420
920,1632,2027-02-08 05:57:00,A,5097
921,1635,2025-09-04 14:16:00,A,5587
922,1636,2022-10-10 05:09:00,A,5079
923,1637,2025-01-02 09:08:00,A,5290
924,1639,2023-12-19 20:13:00,A,5536
925,1640,2022-10-03 20:58:00,A,5094
926,1641,2023-03-23 11:35:00,A,5142
927,1642,2025-10-19 14:02:00,A,5541
928,1645,2024-11-30 10:44:00,A,5379
929,1646,2022-07-08 23:08:00,A,5331
930,1647,2026-10-19 08:48:00,A,5174
931,1648,2022-11-04 09:38:00,A,5154
932,1649,2022-08-31 03:09:00,A,5485
933,1650,2023-04-06 14:53:00,A,5516
934,1653,2024-04-11 13:55:00,A,5220
935,1654,2024-01-03 01:11:00,A,5300
936,1656,2026-04-23 19:19:00,A,5560
937,1659,2022-08-30 15:52:00,A,5056
938,1660,2024-12-29 07:05:00,A,5419
939,1662,2024-01-05 07:03:00,B,5338
940,1665,2025-11-20 17:05:00,C,5427
941,1667,2024-12-15 09:07:00,A,5525
942,1668,2022-09-07 07:55:00,A,5419
943,1669,2024-12-11 06:53:00,A,5071
944,1672,2025-06-10 11:36:00,A,5373
945,1674,2024-02-22 03:40:00,A,5056
946,1675,2026-06-26 23:39:00,A,5562
947,1677,2024-12-08 08:04:00,A,5594
948,1680,2026-06-26 03:39:00,A,5370
949,1681,2024-03-14 14:49:00,A,5016
950,1682,2025-05-06 08:24:00,A,5259
951,1683,2026-10-26 15:14:00,A,5021
952,1684,2023-01-29 11:00:00,A,5091
953,1686,2023-07-27 10:37:00,A,5012
954,1688,2024-06-01 04:42:00,C,5084
955,1692,2023-12-24 16:03:00,A,5419
956,1693,2026-05-12 06:52:00,A,5342
957,1695,2023-05-17 10:46:00,A,5242
958,1697,2026-06-27 09:27:00,A,5223
959,1700,2026-02-10 23:18:00,A,5210
960,1701,2026-07-01 15:41:00,A,5049
961,1702,2023-11-04 08:28:00,C,5308
962,1704,2024-05-31 17:26:00,A,5430
963,1705,2026-09-02 04:17:00,A,5135
964,1709,2025-04-28 18:48:00,A,5096
965,1710,2023-10-16 22:09:00,C,5457
966,1714,2023-10-20 07:01:00,A,5346
967,1715,2026-10-19 18:41:00,A,5419
968,1717,2022-10-06 00:17:00,C,5498
969,1718,2022-11-19 07:56:00,A,5090
970,1719,2025-10-08 16:33:00,A,5015
971,1721,2025-03-05 06:33:00,A,5378
972,1722,2024-06-11 10:51:00,A,5334
973,1723,2024-08-23 09:25:00,A,5526
974,1724,2025-11-13 03:00:00,C,5113
975,1725,2024-01-16 08:34:00,C,5327
976,1726,2026-04-08 16:27:00,A,5556
977,1728,2022-07-11 21:41:00,A,5346
978,1731,2024-04-24 11:07:00,A,5555
979,1732,2022-08-14 02:22:00,B,5540
980,1733,2026-08-04 08:55:00,B,5364
981,1734,2025-12-25 12:55:00,A,5256
982,1736,2023-10-21 18:25:00,B,5588
983,1737,2024-06-28 18:57:00,A,5041
984,1738,2024-01-20 09:42:00,A,5544
985,1739,2025-02-14 06:57:00,A,5282
986,1741,2024-10-06 07:29:00,A,5035
987,1743,2024-11-30 23:20:00,A,5459
988,1744,2027-01-02 17:26:00,A,5088
989,1746,2025-02-06 08:49:00,C,5079
990,1747,2022-06-29 07:17:00,A,5144
991,1749,2026-04-05 06:00:00,A,5551
992,1750,2025-09-02 01:10:00,A,5561
993,1752,2026-09-28 08:13:00,A,5265
994,1753,2022-07-08 05:49:00,A,5472
995,1758,2026-06-27 04:24:00,A,5343
996,1759,2025-03-16 06:38:00,A,5491
997,1761,2023-02-04 14:50:00,A,5539
998,1762,2026-05-31 18:56:00,A,5545
999,1763,2023-08-12 21:06:00,C,5303
1000,1764,2023-09-22 03:05:00,A,5284
1001,1765,2024-05-30 20:17:00,A,5524
1002,1766,2026-07-14 13:07:00,C,5550
1003,1767,2024-02-28 12:43:00,A,5407
1004,1768,2022-12-31 16:59:00,A,5444
1005,1769,2026-02-18 00:56:00,A,5275
1006,1770,2026-09-29 15:18:00,A,5549
1007,1771,2026-04-11 14:20:00,C,5343
1008,1772,2025-02-25 17:13:00,A,5098
1009,1775,2024-11-12 02:22:00,A,5269
1010,1777,2025-06-11 08:46:00,A,5259
1011,1781,2023-10-24 06:58:00,A,5210
1012,1782,2025-02-13 01:12:00,A,5377
1013,1784,2025-08-20 01:30:00,A,5032
1014,1788,2026-10-28 15:41:00,A,5206
1015,1789,2025-11-03 03:41:00,B,5343
1016,1791,2026-09-18 22:52:00,A,5364
1017,1793,2022-06-04 19:30:00,A,5469
1018,1795,2026-05-23 11:33:00,B,5502
1019,1796,2023-10-26 21:45:00,A,5158
1020,1797,2026-08-07 03:12:00,C,5589
1021,1806,2024-07-28 10:14:00,A,5498
1022,1808,2022-08-04 13:32:00,A,5209
1023,1809,2023-10-22 02:21:00,C,5138
1024,1811,2024-05-12 23:23:00,A,5536
1025,1813,2024-11-16 00:37:00,A,5131
1026,1814,2024-11-18 16:58:00,B,5432
1027,1815,2023-06-17 07:35:00,A,5056
1028,1817,2025-02-13 09:28:00,A,5016
1029,1818,2025-06-12 17:13:00,A,5292
1030,1819,2026-03-23 19:56:00,B,5343
1031,1820,2025-06-24 17:07:00,A,5158
1032,1822,2023-02-25 15:10:00,C,5457
1033,1823,2025-06-18 04:16:00,A,5164
1034,1825,2024-11-04 05:59:00,A,5104
1035,1826,2025-09-15 15:40:00,A,5071
1036,1827,2025-07-05 19:37:00,A,5209
1037,1832,2024-06-26 04:50:00,A,5009
1038,1833,2026-02-13 23:42:00,A,5304
1039,1834,2024-07-12 03:59:00,A,5241
1040,1835,2025-07-22 07:50:00,A,5343
1041,1836,2022-06-21 01:36:00,A,5173
1042,1837,2024-03-27 22:38:00,B,5462
1043,1838,2022-08-29 09:17:00,C,5096
1044,1840,2025-03-12 19:46:00,A,5450
1045,1841,2024-02-13 02:51:00,A,5425
1046,1842,2026-07-15 05:26:00,A,5073
1047,1843,2025-08-20 13:32:00,A,5343
1048,1845,2024-01-23 19:48:00,A,5132
1049,1846,2024-11-24 21:03:00,A,5148
1050,1847,2023-08-27 01:04:00,A,5445
1051,1848,2022-06-01 17:02:00,A,5452
1052,1850,2026-07-22 04:26:00,A,5149
1053,1851,2025-07-25 05:21:00,A,5226
1054,1853,2024-10-05 09:55:00,B,5084
1055,1856,2022-11-28 18:12:00,A,5005
1056,1858,2023-12-10 16:06:00,A,5396
1057,1860,2023-09-25 02:52:00,A,5214
1058,1861,2023-02-20 15:19:00,A,5419
1059,1862,2024-08-31 21:38:00,B,5346
1060,1863,2023-08-01 10:13:00,A,5097
1061,1865,2024-02-09 13:28:00,A,5159
1062,1866,2025-09-20 17:10:00,A,5323
1063,1868,2022-08-15 23:09:00,A,5583
1064,1869,2025-04-09 13:19:00,B,5245
1065,1870,2023-09-16 08:44:00,A,5075
1066,1871,2023-01-26 20:10:00,A,5048
1067,1872,2022-09-18 00:43:00,A,5369
1068,1874,2024-08-28 23:05:00,A,5300
1069,1875,2024-02-25 03:46:00,A,5452
1070,1876,2026-01-05 06:18:00,C,5462
1071,1879,2026-04-28 17:57:00,A,5316
1072,1882,2024-06-27 09:15:00,A,5382
1073,1883,2023-07-05 05:14:00,A,5365
1074,1884,2026-09-02 07:25:00,A,5004
1075,1890,2023-11-03 22:35:00,A,5556
1076,1893,2024-01-03 05:40:00,C,5176
1077,1895,2022-11-04 00:55:00,A,5209
1078,1896,2025-06-19 11:44:00,A,5510
1079,1897,2023-01-01 14:07:00,C,5280
1080,1899,2024-03-09 07:14:00,A,5286
1081,1903,2023-08-21 13:53:00,A,5310
1082,1904,2025-11-26 09:07:00,A,5444
1083,1905,2022-05-19 07:34:00,A,5103
1084,1908,2025-11-09 16:47:00,A,5388
1085,1909,2024-02-04 06:22:00,A,5439
1086,1910,2026-02-06 05:15:00,A,5131
1087,1911,2025-03-02 16:42:00,A,5074
1088,1912,2024-08-23 16:15:00,A,5199
1089,1914,2023-11-06 17:57:00,A,5182
1090,1919,2025-05-30 06:51:00,A,5541
1091,1921,2025-12-15 23:57:00,A,5534
1092,1922,2024-09-04 20:39:00,A,5258
1093,1924,2026-05-28 03:27:00,A,5256
1094,1926,2025-04-11 04:35:00,A,5308
1095,1927,2023-06-19 04:22:00,A,5262
1096,1928,2025-03-31 20:58:00,A,5592
1097,1929,2022-07-25 22:09:00,A,5279
1098,1930,2026-09-18 06:05:00,A,5301
1099,1931,2026-05-06 08:49:00,A,5430
1100,1932,2023-07-23 01:34:00,A,5489
1101,1935,2026-11-17 03:34:00,A,5347
1102,1937,2026-07-15 18:21:00,A,5419
1103,1939,2026-05-21 07:30:00,B,5128
1104,1942,2022-12-06 22:00:00,A,5197
1105,1944,2022-10-20 21:22:00,A,5445
1106,1947,2024-07-05 09:05:00,B,5023
1107,1948,2022-07-02 06:43:00,A,5445
1108,1949,2022-07-13 04:35:00,A,5585
1109,1950,2024-03-19 11:20:00,A,5479
1110,1951,2025-08-30 21:03:00,A,5445
1111,1952,2023-08-18 01:49:00,A,5372
1112,1953,2025-11-27 07:56:00,A,5578
1113,1956,2024-07-28 06:39:00,B,5017
1114,1958,2026-09-29 02:09:00,A,5338
1115,1960,2025-04-01 21:37:00,A,5514
1116,1961,2026-07-18 01:44:00,A,5279
1117,1963,2025-11-20 07:07:00,A,5561
1118,1964,2025-07-16 18:00:00,A,5138
1119,1965,2022-07-25 20:42:00,A,5122
1120,1966,2022-12-04 03:23:00,A,5232
1121,1970,2023-04-07 08:51:00,B,5272
1122,1971,2024-06-29 21:21:00,A,5343
1123,1972,2026-04-20 10:58:00,A,5583
1124,1973,2026-08-27 14:52:00,C,5106
1125,1974,2025-11-03 03:49:00,A,5580
1126,1981,2023-12-21 10:26:00,A,5282
1127,1982,2026-11-12 00:35:00,A,5257
1128,1983,2025-09-16 15:01:00,A,5015
1129,1984,2025-12-03 04:12:00,A,5574
1130,1989,2026-06-09 05:07:00,A,5127
1131,1992,2024-09-15 04:24:00,A,5259
1132,1993,2024-04-21 05:10:00,A,5594
1133,1994,2026-08-10 02:09:00,A,5566
1134,1995,2022-10-01 10:29:00,A,5244
1135,1998,2022-09-02 20:21:00,A,5450
1136,1999,2025-04-21 02:29:00,A,5342
1137,2000,2023-11-23 11:37:00,A,5156
1138,2001,2026-08-23 23:37:00,A,5022
1139,2003,2023-09-18 02:42:00,A,5412
1140,2004,2024-12-09 01:35:00,A,5098
1141,2006,2026-06-09 14:36:00,A,5221
1142,2007,2026-09-29 15:36:00,A,5052
1143,2012,2024-04-07 14:59:00,A,5299
1144,2014,2023-08-28 07:35:00,A,5006
1145,2022,2025-07-18 00:34:00,A,5008
1146,2023,2022-07-17 22:33:00,A,5373
1147,2024,2023-08-28 00:54:00,A,5591
1148,2025,2023-06-03 11:01:00,A,5527
1149,2028,2024-05-20 12:13:00,A,5113
1150,2029,2025-08-28 12:56:00,A,5245
1151,2030,2023-03-08 20:00:00,A,5116
1152,2031,2025-03-01 00:11:00,A,5173
1153,2032,2023-11-29 12:07:00,A,5045
1154,2034,2026-06-01 18:53:00,A,5114
1155,2035,2026-06-23 18:31:00,A,5560
1156,2036,2023-10-23 23:17:00,B,5444
1157,2037,2025-07-13 00:04:00,A,5153
1158,2038,2022-12-19 14:54:00,A,5131
1159,2040,2026-08-24 10:41:00,A,5079
1160,2042,2025-02-28 08:20:00,C,5598
1161,2043,2025-02-09 05:33:00,A,5300
1162,2044,2026-01-10 23:51:00,A,5496
1163,2046,2025-09-25 07:26:00,A,5365
1164,2047,2026-08-20 11:59:00,A,5094
1165,2049,2023-04-27 08:10:00,A,5045
1166,2051,2022-09-24 08:22:00,A,5303
1167,2053,2023-03-06 22:28:00,A,5401
1168,2055,2023-07-19 15:56:00,A,5328
1169,2056,2022-04-27 03:29:00,B,5041
1170,2057,2023-08-20 14:21:00,A,5052
1171,2059,2025-09-06 17:15:00,A,5181
1172,2061,2025-12-09 16:46:00,C,5519
1173,2063,2024-07-23 13:06:00,A,5516
1174,2068,2024-08-22 13:55:00,A,5413
1175,2071,2024-12-09 13:19:00,C,5112
1176,2072,2026-06-09 17:54:00,A,5589
1177,2073,2026-06-21 14:05:00,C,5010
1178,2074,2022-03-15 06:05:00,A,5007
1179,2075,2024-07-13 17:43:00,A,5262
1180,2077,2024-09-30 03:42:00,A,5515
1181,2083,2023-12-31 07:50:00,A,5037
1182,2087,2024-06-27 13:46:00,C,5311
1183,2092,2023-08-29 08:13:00,A,5116
1184,2095,2024-07-12 02:22:00,B,5518
1185,2098,2023-04-27 09:51:00,A,5010
1186,2103,2025-04-16 17:18:00,A,5341
1187,2104,2024-02-11 01:24:00,A,5111
1188,2105,2026-07-18 06:30:00,A,5352
1189,2106,2024-01-12 11:24:00,A,5192
1190,2109,2024-03-11 22:06:00,A,5218
1191,2112,2024-09-17 04:13:00,A,5591
1192,2113,2023-07-20 19:50:00,A,5258
1193,2115,2026-07-30 12:58:00,B,5517
1194,2119,2022-10-20 21:00:00,A,5194
1195,2120,2023-03-07 03:21:00,A,5091
1196,2121,2026-04-03 22:13:00,A,5120
1197,2123,2024-02-17 02:54:00,C,5198
1198,2126,2023-11-21 05:45:00,A,5202
1199,2127,2023-04-30 20:43:00,A,5334
1200,2128,2025-04-11 00:48:00,A,5077
1201,2129,2022-09-07 09:06:00,A,5076
1202,2132,2026-01-10 12:36:00,A,5221
1203,2133,2026-11-22 03:01:00,A,5343
1204,2134,2025-01-04 05:52:00,C,5359
1205,2136,2023-04-05 10:02:00,A,5166
1206,2137,2026-08-24 22:50:00,C,5453
1207,2139,2023-06-29 14:49:00,A,5154
1208,2140,2024-11-08 19:16:00,A,5251
1209,2142,2024-02-09 16:32:00,A,5323
1210,2144,2025-11-17 15:31:00,A,5018
1211,2145,2024-10-04 18:42:00,C,5405
1212,2146,2024-08-19 15:46:00,A,5018
1213,2147,2026-12-27 12:52:00,A,5476
1214,2149,2026-05-28 04:57:00,A,5178
1215,2152,2024-10-02 17:28:00,A,5577
1216,2153,2022-09-04 09:52:00,A,5476
1217,2156,2026-05-06 07:04:00,A,5219
1218,2157,2026-01-30 20:32:00,A,5134
1219,2159,2026-11-27 06:38:00,A,5527
1220,2160,2023-04-16 23:07:00,A,5114
1221,2161,2026-04-15 05:32:00,A,5436
1222,2162,2026-07-20 08:23:00,A,5258
1223,2163,2023-11-25 14:46:00,A,5450
1224,2164,2026-05-01 02:45:00,A,5181
1225,2165,2025-05-09 04:02:00,B,5569
1226,2169,2025-01-22 00:13:00,A,5076
1227,2172,2022-04-21 07:12:00,C,5405
1228,2173,2022-11-08 10:30:00,A,5571
1229,2174,2025-07-11 01:34:00,A,5102
1230,2176,2024-11-30 04:01:00,A,5595
1231,2178,2023-06-25 23:05:00,A,5031
1232,2179,2023-07-18 23:57:00,A,5245
1233,2180,2026-09-09 00:49:00,A,5008
1234,2181,2023-03-26 10:22:00,A,5114
1235,2182,2023-11-10 15:31:00,A,5169
1236,2183,2026-03-26 17:28:00,A,5187
1237,2184,2022-10-19 19:57:00,C,5098
1238,2186,2022-10-26 05:50:00,B,5257
1239,2188,2024-08-26 09:46:00,A,5419
1240,2190,2023-10-09 22:39:00,A,5209
1241,2191,2022-12-29 01:09:00,A,5125
1242,2192,2024-08-27 08:53:00,A,5485
1243,2193,2024-11-22 06:49:00,A,5186
1244,2194,2027-01-21 07:33:00,A,5286
1245,2202,2023-01-21 11:14:00,A,5103
1246,2204,2022-09-28 20:12:00,A,5252
1247,2206,2026-08-11 22:02:00,A,5116
1248,2208,2024-09-04 17:34:00,A,5240
1249,2212,2025-12-05 17:43:00,A,5419
1250,2213,2022-12-04 12:49:00,B,5593
1251,2214,2022-12-28 15:32:00,B,5156
1252,2215,2023-04-27 15:06:00,A,5548
1253,2216,2024-04-28 17:05:00,A,5569
1254,2220,2025-08-15 11:30:00,A,5300
1255,2221,2022-07-12 04:31:00,A,5419
1256,2223,2025-01-10 22:09:00,C,5342
1257,2225,2026-06-12 02:52:00,A,5251
1258,2226,2024-02-11 20:27:00,A,5359
1259,2227,2023-05-17 13:27:00,A,5538
1260,2229,2024-11-29 08:55:00,A,5169
1261,2231,2023-03-15 03:59:00,A,5522
1262,2232,2025-10-02 15:26:00,A,5121
1263,2234,2023-05-19 13:10:00,A,5127
1264,2236,2023-02-19 23:50:00,A,5381
1265,2237,2025-03-27 12:34:00,C,5249
1266,2239,2023-02-18 15:19:00,A,5473
1267,2240,2024-05-04 06:24:00,A,5513
1268,2242,2022-11-20 08:11:00,A,5169
1269,2244,2023-10-11 05:35:00,A,5299
1270,2245,2024-06-04 06:09:00,A,5203
1271,2249,2023-02-16 18:53:00,A,5071
1272,2250,2026-01-30 05:34:00,A,5535
1273,2251,2023-09-17 08:22:00,A,5556
1274,2254,2026-04-23 01:22:00,A,5562
1275,2255,2026-07-15 06:51:00,A,5525
1276,2257,2026-10-30 19:20:00,B,5163
1277,2258,2024-11-30 20:36:00,A,5444
1278,2259,2023-05-30 11:39:00,A,5534
1279,2260,2024-10-31 15:03:00,B,5174
1280,2261,2022-08-13 23:37:00,A,5070
1281,2262,2024-09-27 20:56:00,B,5061
1282,2265,2026-07-23 00:10:00,A,5042
1283,2266,2026-12-07 16:39:00,A,5167
1284,2269,2024-09-13 07:01:00,A,5479
1285,2271,2024-10-31 00:40:00,B,5513
1286,2272,2024-05-04 22:49:00,A,5256
1287,2273,2026-01-28 21:37:00,A,5239
1288,2274,2024-07-02 03:15:00,A,5097
1289,2275,2025-01-29 13:25:00,C,5373
1290,2276,2023-04-15 10:05:00,A,5346
1291,2277,2024-03-25 18:08:00,B,5303
1292,2279,2023-11-20 06:32:00,A,5318
1293,2280,2024-02-10 22:37:00,A,5127
1294,2281,2026-09-01 03:51:00,A,5139
1295,2283,2024-11-27 19:46:00,A,5498
1296,2284,2025-06-08 07:27:00,A,5223
1297,2285,2025-06-05 01:17:00,A,5404
1298,2286,2022-08-06 06:12:00,A,5321
1299,2287,2026-04-23 14:07:00,A,5125
1300,2289,2025-03-13 18:30:00,A,5035
1301,2292,2025-01-09 05:34:00,A,5456
1302,2294,2026-03-16 21:49:00,A,5590
1303,2295,2023-03-24 09:00:00,A,5250
1304,2297,2022-09-17 22:44:00,C,5539
1305,2298,2026-07-23 21:16:00,B,5530
1306,2300,2026-01-09 13:54:00,B,5133
1307,2301,2023-01-20 00:11:00,A,5412
1308,2304,2025-11-07 14:15:00,A,5008
1309,2308,2022-06-24 05:21:00,B,5182
1310,2309,2023-03-21 20:21:00,A,5470
1311,2312,2024-07-20 22:43:00,A,5160
1312,2314,2025-06-14 11:18:00,A,5370
1313,2315,2023-10-19 06:14:00,A,5416
1314,2316,2026-05-05 20:14:00,A,5018
1315,2317,2025-08-01 03:25:00,A,5300
1316,2318,2024-07-09 15:02:00,A,5462
1317,2319,2023-07-17 11:54:00,A,5038
1318,2322,2023-12-06 10:17:00,A,5528
1319,2323,2024-03-22 10:33:00,A,5419
1320,2328,2026-03-15 22:23:00,A,5327
1321,2329,2026-12-26 09:08:00,B,5006
1322,2330,2023-12-05 21:35:00,A,5249
1323,2333,2024-12-10 23:30:00,B,5308
1324,2334,2023-01-26 04:56:00,A,5206
1325,2335,2024-06-16 17:14:00,A,5078
1326,2336,2023-11-05 00:29:00,A,5404
1327,2337,2023-01-30 15:34:00,A,5476
1328,2339,2023-11-16 08:59:00,A,5331
1329,2340,2024-07-19 16:32:00,A,5564
1330,2342,2024-07-11 17:30:00,A,5478
1331,2343,2024-11-09 13:58:00,A,5487
1332,2344,2025-04-14 10:08:00,A,5079
1333,2345,2022-12-11 15:44:00,A,5103
1334,2346,2022-08-22 21:07:00,A,5411
1335,2347,2024-10-24 17:06:00,A,5032
1336,2349,2026-11-13 23:57:00,A,5402
1337,2350,2026-11-06 10:22:00,A,5195
1338,2351,2024-10-22 15:57:00,A,5103
1339,2352,2026-07-22 09:28:00,A,5295
1340,2354,2024-05-17 02:27:00,C,5256
1341,2356,2026-03-15 11:01:00,A,5415
1342,2357,2022-03-22 13:32:00,A,5534
1343,2358,2025-09-22 23:17:00,A,5451
1344,2359,2024-07-04 11:04:00,B,5135
1345,2361,2023-07-09 22:12:00,A,5451
1346,2369,2023-12-06 03:59:00,A,5226
1347,2371,2025-10-17 11:43:00,A,5354
1348,2372,2024-04-14 20:01:00,A,5291
1349,2374,2026-02-09 15:01:00,A,5091
1350,2375,2023-11-18 06:02:00,A,5364
1351,2377,2022-11-20 11:32:00,A,5546
1352,2378,2023-02-25 10:01:00,A,5231
1353,2379,2023-05-04 23:47:00,A,5527
1354,2380,2022-06-22 02:18:00,A,5401
1355,2381,2026-02-07 02:03:00,A,5412
1356,2382,2022-09-26 06:30:00,A,5591
1357,2385,2023-01-12 20:09:00,A,5261
1358,2386,2024-03-01 16:44:00,A,5018
1359,2388,2022-09-30 11:04:00,A,5085
1360,2389,2024-05-02 22:23:00,A,5202
1361,2390,2023-02-18 17:43:00,A,5484
1362,2391,2025-07-05 13:33:00,B,5535
1363,2392,2024-03-29 00:01:00,A,5188
1364,2393,2023-12-02 12:52:00,A,5095
1365,2398,2023-07-14 12:51:00,C,5552
1366,2400,2024-03-27 09:55:00,B,5102
1367,2401,2025-09-11 11:29:00,A,5246
1368,2402,2023-07-07 08:07:00,C,5080
1369,2404,2024-06-10 22:06:00,A,5087
1370,2405,2023-06-22 03:03:00,A,5176
1371,2407,2026-07-03 06:10:00,A,5244
1372,2408,2024-01-23 18:27:00,A,5352
1373,2409,2023-11-25 16:01:00,A,5215
1374,2413,2023-10-07 09:25:00,A,5171
1375,2414,2025-01-18 02:17:00,A,5402
1376,2415,2024-06-24 23:38:00,A,5179
1377,2419,2025-08-31 09:13:00,B,5404
1378,2420,2022-06-17 16:18:00,A,5527
1379,2421,2023-11-13 03:59:00,A,5298
1380,2422,2025-10-22 14:11:00,A,5525
1381,2424,2023-06-30 22:39:00,A,5497
1382,2426,2022-05-13 17:26:00,A,5036
1383,2427,2025-08-06 04:01:00,A,5279
1384,2429,2025-08-27 22:10:00,B,5336
1385,2430,2023-11-01 02:59:00,A,5546
1386,2432,2022-05-30 11:49:00,A,5051
1387,2434,2023-12-10 10:09:00,A,5083
1388,2435,2026-05-24 04:55:00,C,5162
1389,2436,2024-07-18 15:36:00,A,5560
1390,2437,2023-01-07 16:31:00,A,5496
1391,2438,2025-02-07 11:59:00,A,5054
1392,2439,2025-10-13 12:13:00,A,5296
1393,2441,2026-09-01 17:28:00,A,5054
1394,2442,2025-05-11 19:05:00,B,5096
1395,2443,2026-02-11 16:31:00,A,5199
1396,2448,2022-10-24 04:07:00,C,5331
1397,2451,2025-04-06 06:50:00,A,5006
1398,2452,2024-02-15 20:24:00,A,5538
1399,2453,2025-11-28 03:40:00,B,5006
1400,2454,2023-08-29 08:11:00,A,5395
1401,2455,2025-04-02 23:58:00,A,5386
1402,2456,2023-01-15 07:23:00,A,5407
1403,2457,2024-02-08 18:03:00,A,5582
1404,2461,2025-10-10 04:18:00,A,5555
1405,2462,2024-04-17 16:00:00,B,5028
1406,2463,2022-12-12 12:08:00,A,5251
1407,2464,2025-04-20 05:15:00,A,5138
1408,2466,2023-11-01 08:21:00,A,5212
1409,2468,2025-11-29 08:16:00,A,5597
1410,2469,2024-07-17 13:53:00,B,5300
1411,2474,2023-01-27 01:04:00,A,5256
1412,2475,2026-09-13 12:23:00,A,5049
1413,2476,2023-11-27 10:15:00,A,5419
1414,2477,2025-02-12 21:39:00,A,5235
1415,2478,2024-07-16 03:58:00,C,5474
1416,2479,2025-03-06 01:51:00,A,5591
1417,2482,2026-02-26 22:54:00,A,5081
1418,2484,2022-07-04 16:37:00,A,5496
1419,2485,2022-09-27 23:42:00,A,5089
1420,2487,2024-04-24 08:34:00,A,5411
1421,2488,2024-04-17 04:50:00,A,5275
1422,2489,2025-04-16 04:17:00,A,5079
1423,2491,2026-12-22 03:59:00,A,5231
1424,2492,2025-04-02 11:00:00,A,5589
1425,2493,2023-10-05 20:42:00,A,5098
1426,2498,2026-06-12 13:55:00,A,5515
1427,2499,2025-01-16 15:33:00,C,5593
1428,2500,2026-05-19 14:24:00,A,5287
