ComplainantID,CaseMasterID,ComplainantName,AgeYear,OccupationID,ReligionID,CasteID,GenderID
1,1,Mahesh Hegde,48,7,1,1,3
2,2,Prakash Kumar,19,8,6,5,2
3,3,Pooja Gowda,29,5,2,3,3
4,4,Shankar Mulla,39,2,5,4,1
5,5,Manoj Khan,26,4,6,5,2
6,6,Kiran Reddy,67,1,4,5,3
7,7,Sunil Kumar,75,7,2,5,2
8,8,Nandini Shetty,64,5,4,1,3
9,9,Neha Kulkarni,28,2,4,1,3
10,10,Ananya Kumar,74,1,3,1,1
11,11,Anil Patil,49,4,6,3,2
12,12,Pooja Mulla,34,7,3,4,2
13,13,Imran Mulla,35,3,6,3,2
14,14,Divya Reddy,20,4,2,4,1
15,15,Ravi Jain,46,5,5,5,1
16,16,Ravi Pujari,22,6,4,5,1
17,17,Aishwarya Reddy,20,3,3,1,2
18,18,Sunil Rao,39,5,3,3,2
19,19,Nandini Nayak,44,6,3,1,3
20,20,Anil Jain,32,4,1,5,3
21,21,Sneha Pujari,51,6,6,2,2
22,22,Manoj Kulkarni,69,3,2,4,1
23,23,Nandini Nayak,35,6,1,1,2
24,24,Sunil Mulla,53,7,4,5,2
25,25,Anil Bhat,41,3,3,2,3
26,26,Ananya Sharma,28,6,5,1,3
27,27,Sneha Shetty,44,3,6,1,2
28,28,Pooja Desai,70,8,3,2,2
29,29,Ajay Bhat,72,7,2,3,1
30,30,Lakshmi Rao,46,3,5,2,1
31,31,Neha Khan,56,7,6,4,1
32,32,Sunil Naik,58,6,4,3,2
33,33,Vijay Hegde,36,3,2,1,2
34,34,Neha Bhat,46,2,6,4,2
35,35,Prakash Gowda,69,3,1,1,1
36,36,Rahul Shetty,32,6,3,2,1
37,37,Sunil Kumar,72,1,1,5,2
38,38,Ajay Shetty,73,3,6,5,2
39,39,Shankar Hegde,42,3,4,5,1
40,40,Prakash Gowda,30,3,3,2,1
41,41,Imran Khan,64,7,4,1,3
42,42,Kavya Mulla,68,5,6,4,3
43,43,Ravi Khan,38,6,5,3,3
44,44,Sneha Mulla,35,7,5,2,1
45,45,Prakash Khan,19,1,5,5,1
46,46,Anil Desai,64,3,5,4,3
47,47,Farhan Bhat,72,7,1,2,3
48,48,Vijay Bhat,62,8,3,5,1
49,49,Priya Shetty,63,6,2,3,3
50,50,Anil Jain,74,7,3,2,2
51,51,Farhan Jain,61,6,5,2,2
52,52,Mahesh Kulkarni,56,8,5,2,2
53,53,Deepak Jain,45,4,2,4,2
54,54,Vijay Desai,47,2,6,3,2
55,55,Shankar Reddy,37,4,1,2,3
56,56,Mahesh Gowda,73,2,2,3,3
57,57,Meera Joshi,50,6,1,4,3
58,58,Anil Pujari,46,6,5,5,2
59,59,Mahesh Mulla,58,1,6,3,3
60,60,Mahesh Rao,43,5,5,5,1
61,61,Rahul Reddy,36,7,5,2,2
62,62,Anil Pujari,44,6,1,5,1
63,63,Prakash Khan,49,3,3,5,1
64,64,Arun Joshi,33,7,6,4,1
65,65,Shreya Khan,45,5,2,4,2
66,66,Lakshmi Gowda,30,7,2,4,3
67,67,Rahul Sharma,26,4,6,4,1
68,68,Shreya Reddy,70,6,3,2,1
69,69,Mahesh Mulla,29,5,5,2,1
70,70,Manoj Mulla,70,6,6,4,3
71,71,Imran Kumar,64,4,4,2,3
72,72,Farhan Naik,48,7,1,3,2
73,73,Shankar Nayak,27,5,2,4,1
74,74,Shreya Gowda,40,3,5,4,2
75,75,Sunil Khan,73,5,5,5,3
76,76,Neha Jain,45,6,2,3,1
77,77,Vijay Shetty,72,6,3,5,3
78,78,Kiran Khan,39,3,1,4,1
79,79,Manoj Nayak,58,7,4,4,2
80,80,Priya Hegde,64,6,1,5,3
81,81,Deepak Desai,58,3,5,3,3
82,82,Arun Bhat,71,5,6,2,2
83,83,Priya Rao,44,8,6,2,1
84,84,Anil Rao,69,2,5,5,1
85,85,Naveen Shetty,27,1,2,1,3
86,86,Manoj Reddy,67,8,1,1,3
87,87,Aishwarya Kumar,23,6,3,2,3
88,88,Mahesh Pujari,31,1,1,2,2
89,89,Priya Shetty,52,3,2,2,1
90,90,Imran Jain,52,7,5,3,3
91,91,Naveen Sharma,72,2,5,2,2
92,92,Kiran Naik,29,1,6,2,2
93,93,Shreya Jain,68,1,4,1,3
94,94,Shreya Pujari,43,1,3,4,3
95,95,Manoj Bhat,26,3,2,1,3
96,96,Sunil Sharma,69,2,4,1,2
97,97,Sunil Bhat,74,7,1,2,3
98,98,Priya Desai,34,7,2,3,1
99,99,Naveen Kumar,41,8,1,1,3
100,100,Divya Rao,19,4,4,4,1
101,101,Asha Kumar,39,1,2,3,3
102,102,Manoj Kulkarni,18,6,5,4,3
103,103,Sunil Patil,33,4,2,2,3
104,104,Asha Sharma,50,5,5,5,3
105,105,Kiran Joshi,22,7,4,1,2
106,106,Meera Jain,46,4,5,4,2
107,107,Arun Gowda,53,3,6,1,2
108,108,Kavya Khan,63,8,6,2,2
109,109,Manoj Khan,46,7,4,4,2
110,110,Rahul Hegde,36,6,3,4,2
111,111,Asha Rao,28,5,2,4,1
112,112,Kiran Sharma,65,2,1,4,3
113,113,Kavya Pujari,33,1,6,2,3
114,114,Anil Joshi,36,7,5,4,2
115,115,Ravi Nayak,34,3,1,2,3
116,116,Shankar Bhat,72,8,5,1,2
117,117,Lakshmi Desai,61,3,2,2,1
118,118,Arun Patil,63,8,6,3,1
119,119,Neha Patil,23,6,3,4,1
120,120,Farhan Hegde,40,3,5,5,1
121,121,Priya Pujari,71,7,1,4,1
122,122,Nandini Patil,37,8,2,2,3
123,123,Aishwarya Mulla,71,5,3,4,1
124,124,Sneha Hegde,62,3,4,4,2
125,125,Aishwarya Pujari,54,8,3,1,1
126,126,Nandini Hegde,39,1,1,1,1
127,127,Suresh Khan,21,8,2,3,3
128,128,Ravi Rao,19,7,5,2,2
129,129,Imran Rao,66,5,5,2,1
130,130,Priya Hegde,74,2,6,3,2
131,131,Divya Naik,18,6,4,5,3
132,132,Shankar Desai,48,3,2,5,3
133,133,Kavya Reddy,32,4,2,5,3
134,134,Sunil Patil,41,7,3,2,1
135,135,Suresh Reddy,38,8,6,5,2
136,136,Lakshmi Nayak,28,2,3,5,2
137,137,Neha Kumar,57,8,3,3,1
138,138,Sneha Kulkarni,37,1,6,1,2
139,139,Ravi Pujari,29,2,1,3,2
140,140,Asha Gowda,28,2,4,5,3
141,141,Naveen Nayak,68,1,3,3,3
142,142,Kavya Naik,72,5,6,3,3
143,143,Arun Sharma,58,2,6,1,3
144,144,Nandini Reddy,32,8,3,3,3
145,145,Aishwarya Patil,62,4,1,1,2
146,146,Sunil Hegde,21,2,5,1,3
147,147,Naveen Bhat,46,1,5,5,2
148,148,Shankar Nayak,32,2,1,3,3
149,149,Meera Reddy,46,5,6,4,1
150,150,Mahesh Desai,21,4,4,2,1
151,151,Nandini Shetty,23,3,2,1,3
152,152,Kavya Shetty,46,5,4,4,1
153,153,Nandini Sharma,39,5,3,3,3
154,154,Priya Patil,38,2,1,1,3
155,155,Divya Reddy,75,2,2,5,3
156,156,Ajay Joshi,61,7,1,4,3
157,157,Arun Shetty,69,2,5,4,3
158,158,Suresh Naik,49,4,5,1,2
159,159,Naveen Naik,33,3,3,5,3
160,160,Kavya Mulla,49,5,3,5,3
161,161,Mahesh Pujari,56,2,5,4,3
162,162,Ravi Gowda,66,6,6,4,3
163,163,Kiran Bhat,65,3,1,2,1
164,164,Mahesh Patil,45,7,2,5,3
165,165,Aishwarya Patil,60,6,6,3,1
166,166,Meera Gowda,50,6,3,2,2
167,167,Nandini Bhat,73,8,6,5,1
168,168,Shankar Hegde,46,5,6,4,3
169,169,Sneha Patil,48,8,2,4,1
170,170,Divya Mulla,39,8,1,1,1
171,171,Meera Gowda,30,5,6,4,1
172,172,Rahul Hegde,58,7,3,2,1
173,173,Rahul Kumar,30,3,1,2,3
174,174,Prakash Kumar,29,5,4,5,3
175,175,Anil Pujari,66,3,4,1,2
176,176,Ajay Pujari,54,5,5,2,1
177,177,Mahesh Khan,21,5,4,5,3
178,178,Suresh Joshi,66,8,6,1,1
179,179,Manoj Joshi,44,4,5,3,2
180,180,Kiran Gowda,53,7,2,4,3
181,181,Farhan Reddy,19,3,5,4,1
182,182,Farhan Desai,50,3,1,3,1
183,183,Neha Joshi,43,5,3,5,2
184,184,Sunil Rao,38,1,5,1,2
185,185,Shankar Mulla,25,8,2,3,1
186,186,Anil Sharma,36,3,4,5,2
187,187,Aishwarya Rao,43,1,4,3,1
188,188,Lakshmi Naik,28,4,3,1,2
189,189,Sneha Nayak,32,6,6,4,1
190,190,Lakshmi Joshi,24,7,3,3,1
191,191,Shreya Joshi,63,8,4,1,1
192,192,Arun Sharma,33,7,5,3,2
193,193,Neha Pujari,46,5,1,3,2
194,194,Prakash Joshi,57,3,3,4,2
195,195,Shankar Mulla,59,7,3,3,2
196,196,Vijay Kumar,40,7,4,1,3
197,197,Imran Patil,29,5,1,3,2
198,198,Neha Reddy,54,3,2,2,1
199,199,Suresh Kumar,39,8,6,4,2
200,200,Anil Reddy,25,6,2,5,3
201,201,Arun Reddy,28,7,2,5,2
202,202,Imran Jain,62,2,3,5,2
203,203,Naveen Hegde,73,5,2,1,2
204,204,Priya Patil,69,1,6,2,1
205,205,Naveen Reddy,64,3,1,2,1
206,206,Farhan Rao,31,8,4,1,2
207,207,Arun Nayak,31,6,1,3,3
208,208,Neha Desai,73,7,2,3,3
209,209,Asha Joshi,55,5,5,2,2
210,210,Anil Nayak,59,1,5,5,3
211,211,Anil Patil,46,4,2,4,3
212,212,Manoj Khan,32,5,6,3,3
213,213,Sneha Sharma,51,4,2,2,3
214,214,Sneha Bhat,68,8,2,4,2
215,215,Farhan Sharma,68,1,5,2,1
216,216,Sunil Khan,63,3,5,3,2
217,217,Arun Jain,51,7,3,3,1
218,218,Nandini Sharma,52,7,5,3,2
219,219,Meera Reddy,58,3,3,4,3
220,220,Sneha Patil,71,4,3,5,2
221,221,Aishwarya Sharma,49,7,3,3,3
222,222,Sunil Mulla,21,2,5,4,1
223,223,Ravi Nayak,58,4,4,5,3
224,224,Ravi Gowda,25,7,2,3,3
225,225,Divya Reddy,69,3,3,5,3
226,226,Divya Pujari,64,3,1,5,1
227,227,Priya Bhat,30,2,2,2,2
228,228,Arun Hegde,18,5,5,4,3
229,229,Manoj Khan,28,8,1,2,2
230,230,Ananya Reddy,31,1,4,2,1
231,231,Anil Reddy,60,6,5,4,1
232,232,Sunil Reddy,32,3,2,3,3
233,233,Kavya Rao,67,4,5,3,1
234,234,Nandini Kumar,49,6,6,2,2
235,235,Neha Gowda,64,3,2,1,3
236,236,Suresh Rao,46,2,6,4,1
237,237,Divya Desai,65,6,6,2,2
238,238,Meera Naik,34,2,1,2,2
239,239,Kiran Patil,58,6,1,3,3
240,240,Nandini Sharma,37,8,2,2,3
241,241,Lakshmi Kumar,75,6,2,2,2
242,242,Kavya Naik,24,1,5,3,2
243,243,Manoj Pujari,20,7,4,2,3
244,244,Vijay Jain,42,1,2,1,1
245,245,Mahesh Gowda,75,8,5,4,3
246,246,Ravi Gowda,55,6,6,2,3
247,247,Sneha Shetty,65,8,3,3,1
248,248,Aishwarya Jain,55,3,2,1,1
249,249,Rahul Sharma,42,6,4,4,3
250,250,Priya Bhat,69,3,4,3,3
251,251,Ajay Khan,63,6,1,2,2
252,252,Aishwarya Nayak,53,6,3,1,1
253,253,Shreya Kumar,28,1,3,1,3
254,254,Deepak Gowda,22,1,6,4,2
255,255,Kiran Sharma,35,2,1,4,1
256,256,Ravi Kumar,42,8,6,2,3
257,257,Naveen Shetty,60,1,6,2,3
258,258,Manoj Shetty,32,2,2,4,3
259,259,Kavya Patil,35,8,2,3,1
260,260,Sunil Pujari,74,2,1,3,2
261,261,Deepak Patil,49,6,3,2,1
262,262,Kavya Mulla,28,6,5,2,3
263,263,Aishwarya Hegde,75,5,1,5,1
264,264,Rahul Naik,38,1,4,3,3
265,265,Suresh Kulkarni,71,6,5,1,3
266,266,Sneha Khan,31,4,2,1,1
267,267,Suresh Hegde,55,2,5,3,2
268,268,Pooja Shetty,72,1,5,5,1
269,269,Vijay Shetty,20,6,2,1,3
270,270,Pooja Bhat,71,6,2,3,2
271,271,Vijay Joshi,47,2,5,1,3
272,272,Mahesh Jain,43,2,1,4,3
273,273,Nandini Kumar,64,1,6,1,1
274,274,Manoj Kulkarni,21,1,1,2,3
275,275,Pooja Hegde,63,7,3,3,2
276,276,Farhan Patil,52,5,1,3,1
277,277,Meera Reddy,44,8,4,4,2
278,278,Mahesh Kulkarni,39,7,6,5,1
279,279,Suresh Jain,24,7,1,5,1
280,280,Manoj Hegde,48,7,6,3,3
281,281,Rahul Rao,69,6,5,2,1
282,282,Lakshmi Joshi,23,6,2,1,3
283,283,Shreya Kulkarni,35,5,2,1,3
284,284,Ravi Jain,43,3,5,2,2
285,285,Sunil Shetty,36,5,6,5,2
286,286,Shankar Sharma,19,4,5,2,3
287,287,Anil Rao,70,5,4,2,3
288,288,Asha Nayak,46,6,5,2,2
289,289,Rahul Khan,42,5,1,4,2
290,290,Vijay Hegde,46,2,2,5,3
291,291,Neha Nayak,43,6,4,5,3
292,292,Prakash Kumar,61,6,4,3,1
293,293,Lakshmi Jain,44,3,1,3,2
294,294,Aishwarya Shetty,23,1,5,1,2
295,295,Divya Joshi,42,2,6,3,1
296,296,Ananya Bhat,25,8,4,2,1
297,297,Shreya Reddy,62,1,1,5,3
298,298,Anil Hegde,43,7,1,2,3
299,299,Sneha Patil,57,2,5,3,2
300,300,Sunil Mulla,33,1,5,4,2
301,301,Arun Hegde,29,5,6,3,1
302,302,Manoj Patil,21,4,4,3,1
303,303,Priya Rao,60,4,1,2,2
304,304,Rahul Jain,29,7,2,1,1
305,305,Arun Bhat,41,5,5,1,3
306,306,Anil Bhat,20,1,5,5,2
307,307,Kiran Desai,24,3,3,1,2
308,308,Vijay Patil,49,2,4,3,2
309,309,Ravi Rao,20,8,1,1,3
310,310,Anil Sharma,56,3,1,1,3
311,311,Ajay Sharma,23,3,3,1,1
312,312,Manoj Kulkarni,32,4,1,2,1
313,313,Farhan Patil,42,5,6,4,3
314,314,Priya Kulkarni,37,1,4,5,3
315,315,Mahesh Rao,52,4,3,5,3
316,316,Nandini Pujari,61,4,3,4,1
317,317,Naveen Pujari,35,4,3,4,3
318,318,Kavya Patil,69,8,2,2,1
319,319,Rahul Patil,74,7,3,5,2
320,320,Mahesh Jain,49,2,2,3,1
321,321,Pooja Joshi,57,1,1,5,1
322,322,Nandini Patil,61,3,2,2,2
323,323,Imran Desai,65,6,5,2,1
324,324,Vijay Nayak,45,6,1,1,2
325,325,Rahul Patil,24,3,5,3,3
326,326,Lakshmi Nayak,68,8,4,3,3
327,327,Mahesh Hegde,39,7,6,2,2
328,328,Imran Kumar,68,7,3,4,3
329,329,Aishwarya Hegde,51,1,6,4,2
330,330,Kavya Khan,49,5,3,1,3
331,331,Priya Pujari,74,7,2,1,3
332,332,Kavya Nayak,65,1,3,2,1
333,333,Ravi Naik,74,7,3,5,1
334,334,Nandini Patil,74,8,6,3,1
335,335,Deepak Sharma,45,8,3,4,2
336,336,Suresh Jain,69,8,3,5,1
337,337,Nandini Naik,75,5,6,3,3
338,338,Vijay Gowda,47,4,1,3,3
339,339,Priya Naik,43,2,3,2,2
340,340,Shankar Pujari,48,6,1,1,3
341,341,Lakshmi Bhat,54,6,6,4,1
342,342,Deepak Mulla,41,2,2,2,2
343,343,Imran Jain,45,1,4,3,3
344,344,Arun Hegde,46,2,5,3,1
345,345,Imran Nayak,55,2,2,1,2
346,346,Sneha Sharma,74,7,4,2,3
347,347,Aishwarya Pujari,22,6,3,2,1
348,348,Sunil Jain,24,6,6,1,2
349,349,Kavya Bhat,43,8,4,1,2
350,350,Ajay Joshi,37,1,6,3,1
351,351,Manoj Pujari,65,7,4,1,2
352,352,Naveen Joshi,73,8,4,2,1
353,353,Naveen Hegde,47,3,2,2,1
354,354,Kiran Kulkarni,45,5,6,2,2
355,355,Pooja Naik,70,5,5,3,3
356,356,Asha Joshi,21,1,4,2,1
357,357,Divya Desai,62,6,1,5,1
358,358,Divya Pujari,59,3,1,2,3
359,359,Neha Patil,32,3,4,3,3
360,360,Mahesh Reddy,26,5,5,5,2
361,361,Mahesh Hegde,38,2,2,4,1
362,362,Sneha Hegde,38,3,4,2,3
363,363,Kavya Gowda,20,3,2,5,2
364,364,Shankar Hegde,72,5,3,2,3
365,365,Aishwarya Sharma,66,7,3,2,3
366,366,Farhan Shetty,66,8,5,5,3
367,367,Anil Rao,52,7,6,1,1
368,368,Anil Joshi,65,1,2,4,3
369,369,Imran Jain,26,5,6,5,3
370,370,Shankar Mulla,64,5,2,2,1
371,371,Mahesh Pujari,67,6,3,1,2
372,372,Shreya Joshi,30,7,4,5,3
373,373,Rahul Mulla,56,3,6,1,1
374,374,Rahul Pujari,46,1,1,1,2
375,375,Pooja Rao,74,8,3,3,3
376,376,Sneha Gowda,23,5,3,4,1
377,377,Sneha Joshi,38,7,2,4,3
378,378,Ravi Shetty,51,7,3,1,1
379,379,Kavya Mulla,24,4,6,5,3
380,380,Deepak Pujari,71,7,1,1,1
381,381,Deepak Joshi,41,2,3,4,2
382,382,Ajay Reddy,66,1,3,1,1
383,383,Mahesh Sharma,31,1,1,4,1
384,384,Divya Desai,73,6,1,2,3
385,385,Rahul Joshi,70,3,5,5,1
386,386,Mahesh Jain,49,7,4,1,1
387,387,Kiran Kumar,50,2,4,5,1
388,388,Priya Gowda,42,8,5,2,3
389,389,Nandini Mulla,60,8,3,3,3
390,390,Anil Shetty,44,2,1,2,1
391,391,Ravi Kulkarni,65,3,2,4,2
392,392,Deepak Naik,47,5,4,4,3
393,393,Rahul Nayak,56,1,3,5,1
394,394,Aishwarya Pujari,45,8,2,3,3
395,395,Kiran Jain,54,8,2,4,3
396,396,Sneha Sharma,20,3,2,4,2
397,397,Shankar Kulkarni,61,1,1,3,3
398,398,Lakshmi Kulkarni,33,6,6,3,2
399,399,Arun Khan,53,2,1,3,1
400,400,Arun Shetty,45,3,3,2,2
401,401,Ravi Reddy,69,6,1,3,3
402,402,Arun Gowda,20,8,3,1,1
403,403,Kiran Naik,75,3,3,4,3
404,404,Meera Jain,68,2,2,3,2
405,405,Sneha Naik,74,4,4,3,2
406,406,Meera Hegde,29,1,5,5,2
407,407,Lakshmi Naik,57,8,2,4,1
408,408,Mahesh Hegde,27,5,2,3,3
409,409,Rahul Pujari,20,1,4,4,3
410,410,Prakash Kumar,62,1,5,2,3
411,411,Naveen Hegde,38,5,4,1,1
412,412,Deepak Desai,25,3,5,1,3
413,413,Shankar Shetty,73,8,3,5,1
414,414,Anil Khan,50,4,6,1,3
415,415,Shreya Hegde,27,4,3,2,2
416,416,Nandini Khan,51,3,2,5,1
417,417,Pooja Kulkarni,66,3,1,3,2
418,418,Deepak Patil,25,8,4,1,2
419,419,Naveen Sharma,35,8,1,2,3
420,420,Rahul Joshi,57,3,1,2,1
421,421,Pooja Sharma,55,5,3,3,3
422,422,Divya Desai,40,6,4,4,1
423,423,Ajay Kulkarni,47,4,6,4,2
424,424,Lakshmi Joshi,64,8,2,1,1
425,425,Sneha Kulkarni,35,2,6,5,2
426,426,Shankar Joshi,62,1,3,3,2
427,427,Neha Shetty,68,4,1,2,1
428,428,Asha Shetty,50,6,3,3,2
429,429,Shreya Nayak,56,1,4,3,2
430,430,Naveen Kulkarni,46,3,6,5,1
431,431,Manoj Joshi,55,6,3,5,3
432,432,Prakash Bhat,53,8,2,4,1
433,433,Manoj Gowda,51,5,6,5,1
434,434,Nandini Gowda,75,1,4,3,3
435,435,Divya Pujari,44,2,5,2,3
436,436,Vijay Bhat,61,5,5,1,3
437,437,Rahul Kumar,40,1,1,2,3
438,438,Ajay Patil,28,4,3,5,1
439,439,Ananya Reddy,20,7,6,3,2
440,440,Nandini Joshi,21,7,6,4,3
441,441,Suresh Khan,27,2,3,2,2
442,442,Vijay Pujari,42,1,6,2,2
443,443,Priya Gowda,64,5,4,4,1
444,444,Sneha Rao,49,6,1,4,3
445,445,Ananya Reddy,23,2,2,3,3
446,446,Mahesh Hegde,46,8,6,2,2
447,447,Aishwarya Rao,49,8,6,1,1
448,448,Rahul Pujari,33,1,2,2,3
449,449,Arun Gowda,56,1,2,3,3
450,450,Aishwarya Nayak,24,8,5,3,1
451,451,Pooja Mulla,71,7,4,3,2
452,452,Suresh Rao,49,6,3,4,2
453,453,Ajay Reddy,35,1,4,3,1
454,454,Sunil Patil,35,7,6,2,3
455,455,Nandini Hegde,51,1,6,5,3
456,456,Meera Desai,69,8,6,1,1
457,457,Arun Jain,54,1,1,2,1
458,458,Ravi Jain,37,3,3,4,1
459,459,Meera Shetty,49,1,1,1,1
460,460,Naveen Pujari,44,1,5,3,2
461,461,Ajay Joshi,22,5,3,3,2
462,462,Naveen Hegde,57,2,1,2,3
463,463,Priya Desai,19,5,3,2,1
464,464,Shankar Bhat,34,6,2,4,2
465,465,Ajay Mulla,24,5,2,5,3
466,466,Neha Khan,71,1,3,2,1
467,467,Sneha Bhat,33,4,3,3,2
468,468,Aishwarya Nayak,67,4,5,2,3
469,469,Nandini Gowda,70,3,6,2,2
470,470,Prakash Patil,57,2,6,5,1
471,471,Kiran Naik,62,1,1,3,3
472,472,Ravi Sharma,47,1,6,2,3
473,473,Rahul Hegde,24,7,3,4,2
474,474,Prakash Mulla,68,4,1,3,3
475,475,Prakash Shetty,64,8,4,4,2
476,476,Prakash Joshi,29,4,1,2,1
477,477,Arun Reddy,47,1,2,4,1
478,478,Meera Pujari,38,7,3,1,3
479,479,Manoj Jain,73,7,5,4,1
480,480,Manoj Nayak,26,3,2,5,1
481,481,Arun Patil,73,5,6,2,1
482,482,Kiran Patil,46,4,1,4,3
483,483,Meera Naik,66,8,1,3,3
484,484,Suresh Bhat,39,4,2,4,2
485,485,Manoj Naik,74,5,2,2,1
486,486,Meera Reddy,48,8,4,1,1
487,487,Shreya Desai,18,6,3,5,3
488,488,Asha Kulkarni,47,1,2,1,1
489,489,Sneha Reddy,43,8,5,3,3
490,490,Neha Joshi,19,2,5,3,1
491,491,Kiran Reddy,59,7,1,5,3
492,492,Kiran Mulla,69,3,1,1,2
493,493,Neha Naik,57,7,6,1,3
494,494,Pooja Sharma,57,7,6,5,2
495,495,Priya Jain,51,8,1,2,3
496,496,Arun Gowda,70,4,1,5,3
497,497,Neha Desai,34,4,4,4,3
498,498,Deepak Gowda,65,1,4,2,1
499,499,Ananya Gowda,19,2,4,3,1
500,500,Ajay Kumar,44,5,2,3,2
501,501,Ravi Sharma,59,8,4,4,3
502,502,Vijay Jain,33,8,3,2,2
503,503,Kiran Bhat,71,3,3,2,1
504,504,Naveen Hegde,19,5,1,4,2
505,505,Shankar Patil,60,7,1,2,1
506,506,Sunil Shetty,51,1,1,4,3
507,507,Deepak Reddy,36,3,6,3,3
508,508,Aishwarya Jain,40,4,5,2,1
509,509,Arun Jain,39,7,6,5,1
510,510,Suresh Reddy,75,2,2,5,2
511,511,Shankar Shetty,39,7,6,3,2
512,512,Arun Mulla,70,6,4,2,1
513,513,Sunil Desai,32,2,4,5,3
514,514,Priya Joshi,59,5,5,4,3
515,515,Lakshmi Kumar,48,7,3,4,1
516,516,Suresh Hegde,21,3,3,1,2
517,517,Lakshmi Gowda,60,3,3,5,3
518,518,Ajay Rao,41,6,1,4,3
519,519,Farhan Bhat,49,4,2,1,1
520,520,Shreya Naik,26,8,2,2,2
521,521,Meera Joshi,73,2,4,3,2
522,522,Meera Jain,74,2,1,1,1
523,523,Sneha Nayak,24,5,3,4,1
524,524,Manoj Rao,51,2,1,2,2
525,525,Kavya Naik,29,6,1,5,3
526,526,Ravi Desai,68,6,3,1,2
527,527,Manoj Rao,57,8,2,5,1
528,528,Prakash Shetty,48,5,1,4,2
529,529,Anil Khan,27,8,2,5,1
530,530,Mahesh Kulkarni,57,4,3,3,1
531,531,Naveen Joshi,66,7,2,3,1
532,532,Arun Desai,51,5,4,2,2
533,533,Vijay Pujari,67,7,4,3,3
534,534,Kiran Kulkarni,56,8,5,3,3
535,535,Shreya Sharma,53,2,1,3,1
536,536,Ravi Mulla,23,2,3,1,3
537,537,Farhan Shetty,45,8,2,4,1
538,538,Shreya Reddy,47,6,5,3,3
539,539,Nandini Pujari,73,4,6,1,3
540,540,Ananya Mulla,74,8,2,4,3
541,541,Divya Joshi,39,2,1,5,2
542,542,Deepak Joshi,67,6,3,2,2
543,543,Priya Bhat,66,4,4,4,2
544,544,Anil Bhat,31,8,1,3,3
545,545,Deepak Naik,49,4,5,5,3
546,546,Arun Patil,20,8,6,2,3
547,547,Farhan Joshi,39,7,5,2,3
548,548,Shankar Bhat,63,7,6,2,1
549,549,Arun Sharma,45,5,1,4,2
550,550,Meera Mulla,43,5,3,4,3
551,551,Lakshmi Naik,43,6,4,4,2
552,552,Priya Pujari,34,5,6,1,3
553,553,Deepak Hegde,22,4,4,3,1
554,554,Farhan Hegde,37,5,2,4,2
555,555,Manoj Nayak,22,3,4,5,1
556,556,Vijay Patil,33,8,5,3,1
557,557,Kiran Jain,22,1,3,2,1
558,558,Farhan Patil,56,4,2,2,3
559,559,Pooja Gowda,69,5,2,1,3
560,560,Neha Nayak,57,2,3,5,1
561,561,Nandini Hegde,32,5,3,1,1
562,562,Neha Gowda,46,5,4,1,3
563,563,Pooja Kulkarni,45,6,3,5,1
564,564,Sneha Nayak,24,8,4,5,2
565,565,Priya Rao,22,7,5,4,2
566,566,Prakash Bhat,65,6,3,4,1
567,567,Prakash Joshi,18,2,3,1,3
568,568,Suresh Reddy,27,5,5,2,2
569,569,Mahesh Bhat,60,5,6,4,3
570,570,Rahul Joshi,74,3,6,1,1
571,571,Priya Khan,73,7,1,5,1
572,572,Neha Naik,72,8,2,4,3
573,573,Prakash Joshi,43,2,5,3,2
574,574,Naveen Jain,22,3,3,2,1
575,575,Naveen Hegde,20,2,6,1,1
576,576,Kiran Sharma,42,4,5,5,3
577,577,Mahesh Kumar,73,6,5,3,3
578,578,Rahul Khan,73,7,4,2,2
579,579,Suresh Khan,23,3,6,2,2
580,580,Lakshmi Mulla,18,1,3,3,2
581,581,Mahesh Kumar,62,6,2,2,3
582,582,Divya Nayak,37,2,3,1,3
583,583,Prakash Desai,70,8,3,1,1
584,584,Prakash Sharma,64,3,2,4,2
585,585,Ajay Hegde,35,8,2,3,1
586,586,Nandini Reddy,46,3,2,3,2
587,587,Kiran Naik,53,3,4,4,3
588,588,Farhan Jain,20,8,6,3,2
589,589,Priya Jain,19,6,6,5,2
590,590,Kavya Nayak,46,5,4,4,2
591,591,Divya Mulla,70,5,1,2,1
592,592,Asha Joshi,55,6,3,5,2
593,593,Shankar Patil,18,8,5,4,1
594,594,Nandini Jain,43,2,3,4,3
595,595,Naveen Khan,75,1,4,5,3
596,596,Shreya Joshi,67,7,3,2,3
597,597,Ravi Nayak,49,6,1,1,1
598,598,Prakash Naik,20,1,2,2,1
599,599,Rahul Pujari,44,3,1,4,3
600,600,Kiran Kumar,75,5,5,1,3
601,601,Vijay Shetty,22,6,5,3,1
602,602,Anil Desai,61,2,1,3,3
603,603,Suresh Bhat,65,3,2,1,3
604,604,Ajay Naik,61,2,1,1,1
605,605,Kiran Joshi,35,8,4,2,3
606,606,Nandini Joshi,25,5,3,5,1
607,607,Sneha Kumar,67,4,3,5,2
608,608,Aishwarya Desai,46,8,4,4,2
609,609,Neha Pujari,61,8,1,3,2
610,610,Shreya Pujari,20,8,3,4,1
611,611,Naveen Jain,69,3,1,4,2
612,612,Meera Patil,33,4,5,2,2
613,613,Sneha Hegde,28,8,4,4,3
614,614,Mahesh Naik,73,1,3,3,2
615,615,Deepak Gowda,65,4,3,1,3
616,616,Imran Naik,40,7,4,4,1
617,617,Kiran Khan,30,8,1,2,3
618,618,Ajay Nayak,73,5,4,4,2
619,619,Vijay Rao,40,3,3,5,2
620,620,Manoj Sharma,69,6,4,1,1
621,621,Shreya Desai,26,8,3,1,3
622,622,Asha Desai,71,7,4,4,2
623,623,Shreya Desai,26,3,4,3,3
624,624,Shankar Rao,49,8,4,5,1
625,625,Ananya Jain,20,4,4,4,1
626,626,Ravi Bhat,65,7,5,5,2
627,627,Shankar Jain,70,2,6,2,1
628,628,Deepak Patil,63,1,3,3,1
629,629,Meera Desai,22,1,1,2,2
630,630,Sunil Rao,42,2,6,5,1
631,631,Imran Desai,73,8,4,5,2
632,632,Deepak Patil,65,1,1,1,2
633,633,Sunil Naik,34,4,4,4,1
634,634,Ajay Sharma,66,5,1,3,3
635,635,Kavya Rao,56,8,4,5,2
636,636,Lakshmi Pujari,50,3,2,4,2
637,637,Ravi Joshi,58,3,1,1,2
638,638,Arun Mulla,37,4,6,2,2
639,639,Lakshmi Bhat,64,3,4,2,1
640,640,Sunil Rao,63,5,3,1,2
641,641,Manoj Sharma,58,6,3,4,1
642,642,Meera Pujari,33,7,1,1,3
643,643,Rahul Hegde,35,4,6,4,3
644,644,Anil Mulla,48,8,1,3,2
645,645,Deepak Gowda,55,8,5,3,2
646,646,Vijay Patil,60,3,5,2,1
647,647,Sneha Nayak,26,2,3,4,1
648,648,Farhan Mulla,39,4,5,2,1
649,649,Shreya Joshi,67,2,1,4,3
650,650,Pooja Desai,34,6,2,4,2
651,651,Farhan Reddy,69,5,4,1,1
652,652,Manoj Pujari,70,2,3,1,1
653,653,Aishwarya Naik,63,5,1,1,2
654,654,Deepak Desai,43,1,2,1,1
655,655,Asha Patil,44,6,3,1,2
656,656,Aishwarya Patil,38,7,5,2,2
657,657,Ajay Patil,29,5,2,4,3
658,658,Mahesh Reddy,60,7,4,3,3
659,659,Ravi Rao,53,3,2,1,1
660,660,Mahesh Gowda,23,3,6,2,1
661,661,Imran Gowda,44,1,5,3,3
662,662,Kiran Jain,27,5,3,2,2
663,663,Sunil Sharma,67,6,1,5,3
664,664,Naveen Naik,24,4,3,3,1
665,665,Anil Reddy,59,2,1,2,3
666,666,Sunil Shetty,57,6,2,1,1
667,667,Neha Hegde,65,4,6,2,2
668,668,Imran Naik,70,2,5,2,3
669,669,Lakshmi Kulkarni,70,4,4,5,3
670,670,Pooja Kumar,26,3,4,1,2
671,671,Ravi Joshi,57,3,5,4,2
672,672,Mahesh Rao,33,4,5,4,1
673,673,Vijay Pujari,43,4,1,5,3
674,674,Neha Hegde,72,7,4,1,3
675,675,Prakash Kumar,21,7,4,3,3
676,676,Asha Sharma,20,3,6,4,2
677,677,Kavya Sharma,29,5,2,1,3
678,678,Priya Sharma,18,3,6,1,3
679,679,Anil Khan,72,5,4,5,2
680,680,Aishwarya Reddy,52,2,6,5,1
681,681,Shankar Sharma,33,7,4,1,2
682,682,Shreya Reddy,74,6,3,2,3
683,683,Shreya Shetty,43,1,2,5,2
684,684,Farhan Khan,19,8,5,4,3
685,685,Suresh Naik,26,3,4,1,2
686,686,Anil Khan,66,7,3,2,2
687,687,Neha Desai,18,8,3,5,2
688,688,Kiran Desai,72,3,5,3,2
689,689,Ajay Bhat,35,2,5,1,2
690,690,Lakshmi Hegde,34,7,2,4,1
691,691,Aishwarya Naik,63,7,1,4,2
692,692,Sneha Bhat,48,8,5,3,2
693,693,Shankar Nayak,67,6,1,5,3
694,694,Priya Patil,34,5,2,2,2
695,695,Meera Joshi,27,6,1,3,1
696,696,Ravi Desai,18,4,3,2,1
697,697,Vijay Khan,68,5,1,2,2
698,698,Shreya Jain,18,3,1,3,1
699,699,Imran Kulkarni,25,5,3,3,3
700,700,Rahul Hegde,24,4,3,2,1
701,701,Neha Nayak,22,7,5,2,1
702,702,Deepak Gowda,45,7,1,3,2
703,703,Lakshmi Desai,59,3,1,5,1
704,704,Priya Sharma,38,6,5,1,2
705,705,Arun Gowda,63,6,5,1,1
706,706,Asha Hegde,22,1,6,5,3
707,707,Kavya Shetty,65,6,6,2,3
708,708,Asha Hegde,54,7,1,2,1
709,709,Meera Hegde,31,2,2,5,2
710,710,Anil Hegde,31,3,1,3,3
711,711,Prakash Jain,49,5,6,1,1
712,712,Priya Hegde,44,3,2,1,3
713,713,Nandini Rao,29,7,6,4,1
714,714,Imran Sharma,40,1,2,5,2
715,715,Nandini Nayak,41,2,5,2,2
716,716,Meera Kumar,57,6,5,4,3
717,717,Vijay Kulkarni,28,7,4,1,2
718,718,Prakash Kumar,60,8,2,2,1
719,719,Farhan Mulla,37,6,6,1,1
720,720,Sunil Patil,41,8,1,4,1
721,721,Vijay Hegde,29,1,6,5,1
722,722,Suresh Bhat,40,7,2,4,3
723,723,Manoj Kulkarni,50,7,4,4,2
724,724,Ajay Shetty,61,6,5,1,2
725,725,Ananya Sharma,42,2,6,2,3
726,726,Priya Shetty,58,6,1,2,1
727,727,Anil Mulla,49,8,3,5,3
728,728,Manoj Reddy,31,3,3,1,1
729,729,Sunil Khan,71,6,1,5,1
730,730,Aishwarya Nayak,54,5,2,1,1
731,731,Sunil Desai,47,1,2,1,2
732,732,Naveen Khan,22,2,3,1,3
733,733,Manoj Pujari,70,2,4,4,2
734,734,Shankar Nayak,52,8,5,3,1
735,735,Rahul Sharma,34,5,4,5,2
736,736,Divya Kumar,23,2,2,3,3
737,737,Sunil Kulkarni,68,6,1,5,2
738,738,Farhan Naik,32,7,6,2,2
739,739,Divya Desai,45,2,6,5,3
740,740,Naveen Nayak,48,8,1,1,2
741,741,Shankar Hegde,23,8,5,3,1
742,742,Vijay Rao,43,4,5,5,1
743,743,Nandini Mulla,73,4,2,1,1
744,744,Priya Jain,74,8,2,3,2
745,745,Ajay Gowda,75,1,1,3,1
746,746,Kavya Reddy,28,4,1,4,1
747,747,Aishwarya Kumar,34,3,3,1,3
748,748,Priya Desai,67,1,3,5,1
749,749,Farhan Bhat,68,1,4,2,1
750,750,Kiran Kumar,40,6,5,1,3
751,751,Ravi Gowda,62,7,5,1,1
752,752,Prakash Gowda,69,6,6,1,1
753,753,Pooja Jain,67,7,3,4,2
754,754,Shankar Jain,71,5,6,1,1
755,755,Nandini Jain,57,6,4,4,3
756,756,Deepak Kumar,51,5,2,3,3
757,757,Ananya Joshi,49,6,4,1,1
758,758,Shreya Gowda,59,2,2,3,3
759,759,Sunil Rao,49,1,1,2,1
760,760,Kavya Kumar,32,6,6,4,1
761,761,Anil Joshi,39,1,1,4,2
762,762,Meera Bhat,30,5,1,2,2
763,763,Priya Joshi,67,3,3,4,1
764,764,Mahesh Nayak,49,8,2,2,3
765,765,Shankar Bhat,42,8,6,3,2
766,766,Deepak Naik,41,2,4,2,3
767,767,Sunil Bhat,18,1,3,2,1
768,768,Arun Desai,19,6,6,1,1
769,769,Ananya Bhat,35,4,4,3,1
770,770,Nandini Jain,22,7,1,2,2
771,771,Nandini Shetty,23,1,4,2,3
772,772,Vijay Reddy,47,4,5,2,1
773,773,Vijay Nayak,19,1,3,2,1
774,774,Aishwarya Pujari,27,7,2,3,1
775,775,Lakshmi Mulla,49,5,4,1,1
776,776,Suresh Nayak,68,1,5,1,2
777,777,Priya Khan,57,5,3,1,1
778,778,Asha Joshi,39,4,6,3,2
779,779,Manoj Kulkarni,62,7,1,4,1
780,780,Naveen Rao,45,5,2,2,3
781,781,Farhan Bhat,32,6,3,4,1
782,782,Neha Mulla,25,3,1,3,3
783,783,Shreya Naik,61,4,3,3,3
784,784,Ajay Sharma,26,2,1,2,1
785,785,Vijay Pujari,39,7,5,5,3
786,786,Naveen Joshi,19,2,4,2,2
787,787,Ananya Rao,43,1,4,1,3
788,788,Sunil Rao,55,7,6,2,2
789,789,Imran Rao,34,8,4,4,1
790,790,Sunil Joshi,29,8,6,1,1
791,791,Imran Khan,23,7,1,4,3
792,792,Suresh Shetty,32,1,3,1,2
793,793,Shankar Khan,26,2,5,2,3
794,794,Mahesh Nayak,52,1,2,1,3
795,795,Shankar Hegde,25,7,1,4,1
796,796,Ananya Sharma,61,3,4,1,3
797,797,Manoj Nayak,62,5,4,4,2
798,798,Manoj Shetty,27,7,5,3,1
799,799,Lakshmi Khan,50,5,1,2,2
800,800,Prakash Patil,54,3,1,1,1
801,801,Divya Khan,18,2,6,4,2
802,802,Lakshmi Mulla,46,5,5,4,2
803,803,Ajay Reddy,22,5,4,1,1
804,804,Ananya Mulla,41,3,5,4,1
805,805,Naveen Bhat,25,8,3,1,2
806,806,Suresh Gowda,33,8,5,1,1
807,807,Naveen Hegde,70,4,2,5,2
808,808,Manoj Pujari,63,4,2,1,3
809,809,Imran Gowda,74,8,6,3,2
810,810,Prakash Jain,50,4,2,4,2
811,811,Suresh Reddy,36,4,2,4,3
812,812,Ajay Mulla,60,6,6,1,2
813,813,Priya Sharma,65,1,2,2,3
814,814,Lakshmi Khan,61,8,3,1,3
815,815,Manoj Gowda,71,5,4,4,3
816,816,Nandini Pujari,20,4,4,2,1
817,817,Arun Joshi,36,2,3,1,1
818,818,Lakshmi Mulla,47,2,6,4,1
819,819,Sneha Reddy,55,8,3,1,1
820,820,Farhan Pujari,22,7,6,3,3
821,821,Sneha Hegde,27,3,3,1,3
822,822,Sneha Joshi,74,4,2,3,2
823,823,Arun Hegde,19,1,4,5,3
824,824,Prakash Patil,55,2,2,4,2
825,825,Deepak Reddy,53,7,1,3,3
826,826,Arun Gowda,34,8,6,3,3
827,827,Divya Desai,53,7,4,1,2
828,828,Ananya Naik,56,2,3,3,3
829,829,Vijay Shetty,52,7,2,1,3
830,830,Divya Hegde,23,5,5,1,3
831,831,Lakshmi Rao,70,3,4,2,2
832,832,Priya Hegde,60,6,1,4,2
833,833,Anil Gowda,38,1,1,3,3
834,834,Divya Kumar,42,5,6,1,2
835,835,Manoj Gowda,54,3,2,3,1
836,836,Farhan Nayak,57,3,3,4,3
837,837,Sneha Gowda,38,2,4,5,2
838,838,Priya Sharma,27,1,5,5,1
839,839,Vijay Jain,47,6,2,4,1
840,840,Manoj Nayak,25,6,4,4,1
841,841,Vijay Gowda,55,5,2,4,2
842,842,Suresh Desai,36,6,3,1,2
843,843,Lakshmi Mulla,32,5,5,1,2
844,844,Priya Shetty,67,3,6,2,1
845,845,Mahesh Reddy,55,5,1,3,3
846,846,Sneha Bhat,72,6,3,4,1
847,847,Shreya Sharma,69,4,5,5,2
848,848,Priya Pujari,70,6,4,1,3
849,849,Ananya Mulla,59,7,1,3,3
850,850,Ravi Pujari,25,1,6,3,3
851,851,Vijay Kulkarni,33,3,6,4,1
852,852,Imran Bhat,49,5,2,1,3
853,853,Nandini Shetty,56,5,2,3,2
854,854,Asha Kulkarni,45,5,3,3,3
855,855,Ananya Nayak,27,7,5,3,1
856,856,Priya Naik,46,4,5,3,3
857,857,Vijay Gowda,23,8,1,3,3
858,858,Pooja Gowda,39,4,6,2,1
859,859,Lakshmi Jain,49,8,6,3,3
860,860,Prakash Naik,70,2,4,2,1
861,861,Kiran Desai,73,5,5,4,3
862,862,Naveen Bhat,32,7,4,5,1
863,863,Ananya Gowda,37,6,2,5,1
864,864,Pooja Jain,59,1,3,5,1
865,865,Manoj Reddy,62,5,1,1,2
866,866,Naveen Nayak,57,8,6,4,2
867,867,Ajay Bhat,49,7,1,1,2
868,868,Anil Nayak,21,6,1,4,3
869,869,Shreya Desai,59,4,4,1,1
870,870,Vijay Patil,75,3,3,4,3
871,871,Lakshmi Gowda,72,8,6,5,2
872,872,Naveen Hegde,60,1,4,3,1
873,873,Pooja Patil,26,6,3,4,3
874,874,Divya Kumar,48,4,2,1,1
875,875,Rahul Rao,37,7,6,4,3
876,876,Lakshmi Mulla,46,1,5,2,2
877,877,Shreya Kulkarni,47,7,6,4,2
878,878,Shankar Nayak,58,3,4,4,3
879,879,Prakash Hegde,38,3,1,5,3
880,880,Sneha Gowda,45,4,3,5,1
881,881,Kavya Nayak,52,7,5,4,3
882,882,Divya Hegde,61,3,1,3,3
883,883,Anil Khan,67,5,5,4,3
884,884,Arun Naik,53,5,5,5,2
885,885,Imran Pujari,31,1,4,3,3
886,886,Sneha Rao,25,3,4,3,3
887,887,Kavya Hegde,40,4,2,3,1
888,888,Anil Nayak,24,6,3,4,1
889,889,Manoj Desai,45,2,5,2,1
890,890,Deepak Nayak,50,7,5,4,1
891,891,Naveen Khan,43,7,4,4,3
892,892,Nandini Bhat,62,7,1,4,3
893,893,Mahesh Sharma,60,4,5,5,2
894,894,Suresh Khan,28,7,5,5,1
895,895,Aishwarya Khan,51,4,3,4,3
896,896,Lakshmi Nayak,60,2,5,4,3
897,897,Mahesh Desai,22,5,4,2,2
898,898,Ravi Patil,52,1,4,3,1
899,899,Manoj Hegde,47,8,4,5,3
900,900,Nandini Khan,19,6,1,2,2
901,901,Shreya Kumar,75,3,6,1,1
902,902,Lakshmi Sharma,53,4,6,1,3
903,903,Vijay Desai,50,1,1,2,1
904,904,Sneha Pujari,52,8,3,5,1
905,905,Suresh Shetty,45,8,6,4,2
906,906,Aishwarya Sharma,33,5,2,1,3
907,907,Prakash Bhat,50,2,1,1,2
908,908,Imran Khan,33,3,2,1,1
909,909,Mahesh Khan,69,2,1,3,3
910,910,Shreya Sharma,46,8,5,5,2
911,911,Deepak Patil,56,3,4,5,1
912,912,Ananya Rao,20,3,4,2,2
913,913,Neha Kulkarni,29,2,3,3,3
914,914,Shreya Patil,21,3,5,5,2
915,915,Sneha Joshi,65,5,2,1,2
916,916,Divya Desai,59,4,6,5,3
917,917,Prakash Jain,27,8,1,4,3
918,918,Nandini Naik,56,8,1,5,1
919,919,Shankar Jain,21,7,6,1,3
920,920,Lakshmi Sharma,23,4,3,5,2
921,921,Lakshmi Reddy,39,8,1,3,2
922,922,Lakshmi Pujari,72,8,1,4,2
923,923,Ananya Mulla,41,5,4,2,2
924,924,Prakash Naik,31,3,6,5,2
925,925,Farhan Sharma,20,4,4,2,2
926,926,Prakash Bhat,66,7,1,4,1
927,927,Ajay Shetty,66,2,6,3,3
928,928,Anil Gowda,56,1,5,2,1
929,929,Priya Jain,72,2,3,5,1
930,930,Divya Hegde,56,1,5,5,2
931,931,Ajay Naik,60,6,2,3,1
932,932,Aishwarya Joshi,58,4,6,1,2
933,933,Naveen Jain,73,4,1,4,2
934,934,Kiran Sharma,48,1,2,4,1
935,935,Lakshmi Pujari,51,7,2,1,2
936,936,Shankar Sharma,41,6,4,4,1
937,937,Shankar Pujari,54,1,2,5,2
938,938,Ravi Bhat,35,7,1,1,3
939,939,Deepak Shetty,20,6,1,4,2
940,940,Mahesh Patil,28,3,6,1,2
941,941,Pooja Bhat,46,7,6,1,1
942,942,Farhan Bhat,18,8,2,1,1
943,943,Prakash Desai,26,6,5,5,3
944,944,Sneha Desai,50,1,4,3,1
945,945,Farhan Kumar,70,7,2,1,1
946,946,Arun Desai,47,3,1,3,1
947,947,Naveen Gowda,55,1,6,3,2
948,948,Neha Reddy,38,5,6,1,2
949,949,Anil Jain,66,4,2,5,1
950,950,Vijay Joshi,38,6,6,2,3
951,951,Ajay Rao,56,8,4,1,1
952,952,Prakash Reddy,72,8,6,4,2
953,953,Pooja Kulkarni,38,8,4,1,3
954,954,Kiran Jain,62,8,2,3,1
955,955,Sunil Nayak,47,1,5,1,2
956,956,Rahul Nayak,69,5,5,3,2
957,957,Ravi Mulla,46,2,3,5,2
958,958,Nandini Mulla,22,8,2,5,1
959,959,Farhan Naik,25,5,5,1,1
960,960,Prakash Gowda,32,2,2,2,3
961,961,Priya Shetty,32,5,6,3,1
962,962,Vijay Bhat,20,6,6,3,1
963,963,Deepak Gowda,52,8,5,4,3
964,964,Manoj Sharma,50,8,5,2,1
965,965,Imran Hegde,29,5,5,2,3
966,966,Naveen Mulla,46,5,2,1,1
967,967,Divya Hegde,58,4,4,4,3
968,968,Lakshmi Kumar,63,5,1,3,3
969,969,Ajay Jain,60,1,6,3,3
970,970,Mahesh Rao,47,7,3,2,1
971,971,Meera Joshi,63,6,5,3,3
972,972,Pooja Kumar,56,1,2,5,2
973,973,Naveen Hegde,60,2,3,4,1
974,974,Sneha Joshi,75,1,6,5,2
975,975,Deepak Bhat,74,6,1,4,3
976,976,Meera Kumar,64,3,2,5,3
977,977,Kiran Desai,60,3,4,1,2
978,978,Sneha Kumar,43,8,3,3,3
979,979,Deepak Bhat,75,6,3,2,2
980,980,Rahul Naik,70,3,4,1,1
981,981,Nandini Nayak,44,3,1,1,1
982,982,Suresh Hegde,57,4,1,4,1
983,983,Pooja Pujari,31,2,3,2,3
984,984,Priya Desai,59,6,6,5,2
985,985,Sneha Joshi,74,4,5,2,1
986,986,Meera Gowda,36,7,1,4,1
987,987,Farhan Hegde,69,5,6,3,2
988,988,Ravi Gowda,42,4,2,5,2
989,989,Ajay Nayak,35,8,5,1,1
990,990,Shreya Desai,25,3,4,3,3
991,991,Arun Joshi,43,5,5,2,1
992,992,Nandini Hegde,64,6,2,1,2
993,993,Pooja Sharma,34,3,4,5,1
994,994,Naveen Jain,51,2,5,4,1
995,995,Ajay Pujari,30,3,5,3,2
996,996,Prakash Patil,31,7,3,4,1
997,997,Ravi Nayak,61,7,5,3,1
998,998,Ravi Joshi,36,3,1,4,1
999,999,Priya Hegde,31,7,4,4,3
1000,1000,Naveen Kumar,56,5,4,4,1
1001,1001,Kavya Joshi,63,3,6,4,3
1002,1002,Kavya Jain,72,2,6,4,2
1003,1003,Neha Naik,57,6,5,4,1
1004,1004,Naveen Sharma,25,6,1,3,1
1005,1005,Anil Bhat,52,1,1,2,2
1006,1006,Imran Hegde,19,6,5,2,2
1007,1007,Meera Khan,40,3,4,1,3
1008,1008,Farhan Khan,67,5,5,2,1
1009,1009,Manoj Reddy,46,8,6,4,1
1010,1010,Naveen Rao,30,5,5,1,1
1011,1011,Ananya Jain,59,3,1,3,1
1012,1012,Kiran Shetty,31,2,4,4,3
1013,1013,Arun Kulkarni,74,3,6,4,3
1014,1014,Imran Reddy,20,5,4,1,3
1015,1015,Imran Shetty,21,1,6,3,3
1016,1016,Sneha Shetty,24,5,6,5,3
1017,1017,Priya Kumar,30,8,2,4,1
1018,1018,Meera Reddy,21,8,2,5,3
1019,1019,Farhan Khan,50,7,5,4,2
1020,1020,Prakash Desai,35,5,6,5,1
1021,1021,Aishwarya Patil,34,4,1,2,1
1022,1022,Farhan Naik,72,7,3,1,1
1023,1023,Sunil Hegde,52,5,3,2,1
1024,1024,Imran Nayak,50,3,5,1,2
1025,1025,Imran Pujari,53,5,5,2,2
1026,1026,Pooja Sharma,57,5,4,5,3
1027,1027,Anil Naik,40,8,3,5,3
1028,1028,Rahul Nayak,50,8,3,4,3
1029,1029,Lakshmi Naik,53,5,4,2,1
1030,1030,Ravi Joshi,58,1,2,2,3
1031,1031,Asha Jain,70,4,6,5,2
1032,1032,Asha Mulla,31,6,5,5,2
1033,1033,Priya Kumar,28,5,1,3,3
1034,1034,Arun Jain,65,8,3,4,1
1035,1035,Rahul Shetty,38,1,3,2,1
1036,1036,Kiran Hegde,48,5,5,1,3
1037,1037,Aishwarya Pujari,66,7,1,3,1
1038,1038,Ananya Khan,66,1,5,2,3
1039,1039,Neha Mulla,24,3,3,1,2
1040,1040,Ananya Hegde,57,7,1,4,1
1041,1041,Arun Jain,54,3,1,1,2
1042,1042,Pooja Mulla,66,7,6,1,1
1043,1043,Shreya Reddy,26,8,6,3,1
1044,1044,Ravi Nayak,59,1,1,1,2
1045,1045,Imran Gowda,49,4,4,2,2
1046,1046,Shreya Reddy,44,6,4,2,3
1047,1047,Anil Mulla,19,3,5,3,1
1048,1048,Meera Naik,31,3,4,5,2
1049,1049,Mahesh Bhat,51,6,4,2,3
1050,1050,Suresh Shetty,68,3,6,1,2
1051,1051,Shreya Rao,51,8,1,1,1
1052,1052,Deepak Reddy,38,2,3,2,1
1053,1053,Aishwarya Shetty,24,6,5,1,1
1054,1054,Rahul Mulla,57,8,4,5,1
1055,1055,Kiran Jain,44,2,3,3,2
1056,1056,Neha Mulla,24,7,5,1,2
1057,1057,Manoj Patil,50,5,2,1,2
1058,1058,Ananya Pujari,69,5,6,5,2
1059,1059,Pooja Patil,22,3,1,1,1
1060,1060,Divya Hegde,51,3,6,3,1
1061,1061,Sunil Gowda,56,5,2,1,3
1062,1062,Mahesh Khan,48,8,5,1,3
1063,1063,Pooja Desai,30,5,5,1,1
1064,1064,Shreya Hegde,53,7,1,2,2
1065,1065,Sneha Khan,47,8,6,3,2
1066,1066,Aishwarya Kumar,72,4,1,3,2
1067,1067,Arun Bhat,18,4,1,4,2
1068,1068,Rahul Shetty,70,5,4,1,1
1069,1069,Kiran Rao,72,5,1,3,2
1070,1070,Farhan Mulla,46,5,3,5,2
1071,1071,Neha Sharma,47,2,1,5,3
1072,1072,Imran Joshi,67,5,6,3,1
1073,1073,Anil Jain,67,5,6,1,2
1074,1074,Shreya Reddy,43,6,3,3,3
1075,1075,Prakash Nayak,20,8,6,1,2
1076,1076,Aishwarya Gowda,69,7,6,5,2
1077,1077,Manoj Kumar,35,2,1,1,3
1078,1078,Sunil Bhat,37,4,3,3,2
1079,1079,Manoj Pujari,55,5,6,5,3
1080,1080,Sneha Desai,60,8,5,5,2
1081,1081,Sunil Kumar,68,2,5,3,1
1082,1082,Ananya Joshi,29,6,3,5,1
1083,1083,Rahul Shetty,26,2,3,1,1
1084,1084,Deepak Joshi,53,4,5,1,3
1085,1085,Rahul Bhat,51,2,3,2,3
1086,1086,Aishwarya Bhat,71,2,1,1,3
1087,1087,Prakash Sharma,70,5,5,5,2
1088,1088,Arun Patil,70,6,1,1,2
1089,1089,Anil Rao,72,7,5,1,1
1090,1090,Sneha Naik,56,6,2,3,1
1091,1091,Neha Joshi,32,1,2,4,2
1092,1092,Kavya Joshi,75,8,2,1,2
1093,1093,Imran Nayak,25,6,3,2,1
1094,1094,Aishwarya Shetty,64,7,6,3,1
1095,1095,Anil Khan,43,2,3,2,3
1096,1096,Imran Reddy,54,1,4,4,1
1097,1097,Mahesh Nayak,48,2,3,5,2
1098,1098,Sunil Reddy,65,3,1,2,3
1099,1099,Naveen Sharma,68,4,2,4,1
1100,1100,Meera Hegde,32,3,1,2,3
1101,1101,Neha Patil,75,2,5,2,2
1102,1102,Shankar Nayak,50,4,2,1,2
1103,1103,Ravi Bhat,18,3,2,5,2
1104,1104,Neha Jain,49,4,5,1,2
1105,1105,Kiran Hegde,28,7,3,3,2
1106,1106,Aishwarya Jain,26,6,1,5,2
1107,1107,Ravi Mulla,32,7,4,3,3
1108,1108,Pooja Gowda,24,6,2,2,3
1109,1109,Lakshmi Reddy,27,2,5,5,2
1110,1110,Shankar Jain,43,6,2,5,1
1111,1111,Farhan Patil,65,2,6,2,3
1112,1112,Shankar Shetty,54,6,6,4,3
1113,1113,Shankar Hegde,72,7,2,3,1
1114,1114,Ajay Nayak,67,5,3,4,2
1115,1115,Priya Mulla,73,5,1,5,3
1116,1116,Aishwarya Joshi,36,6,6,4,3
1117,1117,Naveen Rao,47,3,5,1,1
1118,1118,Kavya Hegde,23,6,3,4,3
1119,1119,Shreya Desai,36,8,5,2,1
1120,1120,Aishwarya Jain,75,7,5,4,1
1121,1121,Ajay Pujari,43,2,4,5,1
1122,1122,Kavya Reddy,29,7,5,1,3
1123,1123,Shreya Kumar,19,5,4,1,1
1124,1124,Deepak Nayak,59,5,6,2,3
1125,1125,Mahesh Rao,72,6,5,1,2
1126,1126,Aishwarya Rao,50,6,4,5,1
1127,1127,Imran Kulkarni,54,7,2,4,3
1128,1128,Shankar Sharma,75,1,5,3,2
1129,1129,Ajay Naik,28,2,5,1,3
1130,1130,Priya Reddy,66,6,3,1,1
1131,1131,Anil Kumar,68,6,6,2,3
1132,1132,Priya Nayak,70,6,4,5,3
1133,1133,Ravi Kumar,22,7,6,4,3
1134,1134,Imran Jain,27,1,5,2,3
1135,1135,Asha Gowda,48,3,4,5,3
1136,1136,Suresh Desai,51,7,5,5,2
1137,1137,Ananya Sharma,58,2,1,2,2
1138,1138,Mahesh Rao,59,7,3,3,2
1139,1139,Sunil Kulkarni,39,4,3,3,2
1140,1140,Deepak Kumar,30,2,1,2,1
1141,1141,Imran Nayak,62,4,4,4,1
1142,1142,Aishwarya Bhat,24,4,5,5,1
1143,1143,Suresh Pujari,27,1,4,2,1
1144,1144,Neha Mulla,51,5,6,3,2
1145,1145,Sunil Gowda,33,3,3,2,1
1146,1146,Meera Jain,44,2,5,1,2
1147,1147,Neha Naik,21,2,6,4,1
1148,1148,Arun Kumar,29,1,2,4,2
1149,1149,Ajay Bhat,35,6,6,3,1
1150,1150,Sunil Sharma,63,7,2,3,2
1151,1151,Shankar Mulla,26,6,5,1,1
1152,1152,Mahesh Joshi,72,6,1,3,1
1153,1153,Vijay Desai,26,2,5,1,3
1154,1154,Deepak Patil,42,7,5,2,2
1155,1155,Lakshmi Reddy,71,4,5,5,1
1156,1156,Vijay Mulla,61,7,6,3,2
1157,1157,Manoj Kumar,65,8,2,1,2
1158,1158,Sunil Nayak,41,6,1,4,2
1159,1159,Anil Joshi,53,3,1,4,2
1160,1160,Asha Hegde,22,1,4,2,3
1161,1161,Nandini Gowda,28,8,4,5,3
1162,1162,Aishwarya Pujari,50,4,1,1,2
1163,1163,Arun Hegde,66,5,1,1,1
1164,1164,Priya Hegde,38,8,6,5,2
1165,1165,Meera Hegde,29,3,4,1,3
1166,1166,Rahul Kumar,18,1,5,3,1
1167,1167,Neha Mulla,73,2,1,5,2
1168,1168,Deepak Kulkarni,43,3,3,5,2
1169,1169,Ananya Gowda,28,1,1,5,2
1170,1170,Mahesh Shetty,62,2,4,5,1
1171,1171,Manoj Naik,59,8,4,3,1
1172,1172,Pooja Bhat,45,3,2,2,3
1173,1173,Kavya Mulla,21,2,6,2,1
1174,1174,Anil Jain,67,7,5,5,2
1175,1175,Prakash Naik,61,2,2,5,2
1176,1176,Aishwarya Khan,31,4,2,4,3
1177,1177,Nandini Hegde,19,6,4,5,1
1178,1178,Meera Mulla,70,5,3,2,1
1179,1179,Vijay Rao,47,5,3,3,2
1180,1180,Asha Patil,56,8,2,4,3
1181,1181,Rahul Gowda,31,2,2,1,2
1182,1182,Asha Kulkarni,52,7,2,4,2
1183,1183,Prakash Sharma,59,8,1,1,3
1184,1184,Kavya Kulkarni,19,3,3,3,3
1185,1185,Aishwarya Bhat,61,7,4,5,2
1186,1186,Manoj Reddy,68,2,6,5,3
1187,1187,Divya Reddy,35,5,6,4,2
1188,1188,Neha Kumar,38,1,1,3,3
1189,1189,Imran Kumar,59,3,5,3,2
1190,1190,Asha Gowda,67,7,2,3,2
1191,1191,Deepak Gowda,64,2,3,5,1
1192,1192,Prakash Jain,26,1,5,4,3
1193,1193,Kiran Khan,74,2,4,5,3
1194,1194,Shankar Mulla,69,8,2,1,1
1195,1195,Sunil Bhat,59,7,6,3,2
1196,1196,Ravi Naik,35,4,4,2,1
1197,1197,Kiran Bhat,55,8,6,1,1
1198,1198,Mahesh Joshi,42,7,3,5,1
1199,1199,Shankar Khan,68,8,5,4,3
1200,1200,Arun Kulkarni,21,2,3,2,3
1201,1201,Sunil Khan,19,1,4,4,1
1202,1202,Vijay Nayak,43,6,4,3,3
1203,1203,Priya Shetty,59,1,4,3,1
1204,1204,Anil Kumar,29,3,4,1,2
1205,1205,Imran Kumar,22,5,4,1,1
1206,1206,Kavya Rao,53,6,6,2,2
1207,1207,Ajay Patil,42,8,1,1,2
1208,1208,Naveen Shetty,43,4,4,2,3
1209,1209,Anil Gowda,69,8,4,5,3
1210,1210,Imran Hegde,47,4,2,1,3
1211,1211,Vijay Desai,49,1,1,4,1
1212,1212,Imran Patil,34,3,4,5,2
1213,1213,Farhan Sharma,65,6,4,2,1
1214,1214,Manoj Hegde,38,5,1,4,3
1215,1215,Asha Sharma,44,1,1,1,1
1216,1216,Deepak Hegde,36,4,4,1,1
1217,1217,Manoj Desai,49,8,5,1,3
1218,1218,Lakshmi Nayak,62,5,2,4,3
1219,1219,Farhan Khan,57,2,3,5,3
1220,1220,Ravi Joshi,60,4,6,5,2
1221,1221,Aishwarya Bhat,33,1,3,4,3
1222,1222,Imran Kulkarni,35,2,4,4,2
1223,1223,Kavya Bhat,25,7,4,1,3
1224,1224,Divya Sharma,43,7,3,5,2
1225,1225,Naveen Kumar,56,1,1,5,3
1226,1226,Kiran Mulla,48,3,6,5,1
1227,1227,Arun Desai,61,2,1,2,3
1228,1228,Naveen Mulla,49,6,4,4,3
1229,1229,Shankar Kulkarni,58,2,3,1,3
1230,1230,Sneha Reddy,72,6,3,5,3
1231,1231,Ajay Hegde,48,6,2,2,2
1232,1232,Suresh Mulla,19,3,6,5,3
1233,1233,Lakshmi Patil,45,6,4,4,2
1234,1234,Meera Reddy,40,5,1,1,1
1235,1235,Arun Kumar,53,5,6,3,1
1236,1236,Manoj Desai,25,4,3,4,2
1237,1237,Neha Gowda,75,8,1,2,1
1238,1238,Sneha Naik,71,6,6,5,1
1239,1239,Arun Joshi,47,4,6,1,3
1240,1240,Shankar Nayak,46,8,2,1,3
1241,1241,Manoj Mulla,62,5,5,4,1
1242,1242,Asha Patil,67,3,6,5,2
1243,1243,Manoj Kumar,67,1,6,1,3
1244,1244,Pooja Naik,69,1,5,1,1
1245,1245,Nandini Sharma,54,2,3,4,3
1246,1246,Priya Shetty,62,7,5,4,2
1247,1247,Imran Shetty,58,5,6,5,3
1248,1248,Ajay Gowda,61,7,2,3,1
1249,1249,Ajay Reddy,49,1,4,2,3
1250,1250,Aishwarya Gowda,62,8,3,3,3
1251,1251,Sneha Naik,46,1,1,2,2
1252,1252,Asha Patil,29,7,2,2,3
1253,1253,Kiran Sharma,74,7,2,1,1
1254,1254,Suresh Bhat,41,1,3,2,3
1255,1255,Farhan Rao,56,3,3,1,2
1256,1256,Suresh Bhat,24,4,5,3,1
1257,1257,Anil Naik,51,1,4,1,1
1258,1258,Mahesh Nayak,35,8,3,5,2
1259,1259,Suresh Joshi,32,6,5,5,3
1260,1260,Lakshmi Naik,23,2,3,4,1
1261,1261,Kiran Gowda,73,5,6,5,1
1262,1262,Nandini Jain,54,1,6,5,1
1263,1263,Lakshmi Shetty,55,1,6,5,1
1264,1264,Ravi Nayak,48,4,3,4,3
1265,1265,Aishwarya Joshi,26,6,1,3,3
1266,1266,Naveen Naik,46,3,4,2,1
1267,1267,Ajay Shetty,35,5,3,2,3
1268,1268,Divya Gowda,58,7,6,2,1
1269,1269,Kavya Desai,32,6,1,1,2
1270,1270,Ravi Naik,47,4,3,5,3
1271,1271,Asha Desai,21,4,3,4,3
1272,1272,Priya Gowda,70,7,6,3,3
1273,1273,Divya Patil,73,8,4,5,1
1274,1274,Suresh Naik,46,3,4,3,2
1275,1275,Rahul Hegde,26,6,6,4,1
1276,1276,Arun Khan,58,7,4,5,2
1277,1277,Anil Rao,53,4,3,4,2
1278,1278,Sneha Patil,19,3,1,2,2
1279,1279,Nandini Jain,58,2,4,1,1
1280,1280,Kavya Kulkarni,66,5,5,2,3
1281,1281,Divya Kumar,28,7,1,2,1
1282,1282,Arun Khan,50,4,6,5,1
1283,1283,Ajay Reddy,41,7,1,3,2
1284,1284,Vijay Shetty,58,8,6,5,2
1285,1285,Prakash Pujari,71,3,4,2,1
1286,1286,Sunil Jain,71,4,5,5,1
1287,1287,Ravi Mulla,22,4,6,5,2
1288,1288,Shreya Pujari,41,7,6,5,2
1289,1289,Nandini Desai,65,1,1,5,2
1290,1290,Sunil Patil,21,6,4,4,1
1291,1291,Deepak Mulla,74,2,5,3,1
1292,1292,Anil Sharma,25,1,1,1,1
1293,1293,Meera Mulla,64,6,6,4,3
1294,1294,Sunil Nayak,34,5,6,1,2
1295,1295,Rahul Shetty,67,3,6,3,1
1296,1296,Kiran Kumar,33,1,6,1,3
1297,1297,Imran Kulkarni,27,3,5,1,1
1298,1298,Ananya Rao,56,1,3,3,2
1299,1299,Sunil Rao,38,5,4,3,1
1300,1300,Anil Reddy,66,3,6,1,2
1301,1301,Sneha Joshi,41,2,4,3,3
1302,1302,Arun Desai,24,5,4,2,2
1303,1303,Ravi Joshi,52,2,3,4,1
1304,1304,Naveen Gowda,19,6,4,5,3
1305,1305,Farhan Sharma,26,4,3,3,3
1306,1306,Shreya Bhat,73,8,6,1,3
1307,1307,Meera Desai,41,7,4,1,3
1308,1308,Aishwarya Joshi,62,3,1,2,3
1309,1309,Sneha Mulla,29,6,5,4,2
1310,1310,Sunil Sharma,53,7,6,2,2
1311,1311,Sunil Mulla,65,8,3,2,3
1312,1312,Ananya Gowda,43,3,1,4,2
1313,1313,Pooja Reddy,74,8,5,4,1
1314,1314,Farhan Shetty,62,6,6,5,3
1315,1315,Shreya Joshi,49,7,1,2,1
1316,1316,Meera Kumar,41,6,3,2,2
1317,1317,Shreya Joshi,20,4,2,3,1
1318,1318,Ananya Nayak,41,3,4,2,2
1319,1319,Manoj Desai,54,5,5,4,1
1320,1320,Priya Bhat,42,5,6,3,1
1321,1321,Rahul Reddy,26,5,3,5,3
1322,1322,Arun Gowda,18,7,2,4,1
1323,1323,Nandini Khan,46,2,6,5,3
1324,1324,Rahul Joshi,60,1,5,3,3
1325,1325,Lakshmi Pujari,31,3,1,1,1
1326,1326,Arun Naik,45,5,4,4,3
1327,1327,Divya Khan,49,7,2,5,1
1328,1328,Aishwarya Naik,65,2,1,2,1
1329,1329,Deepak Kulkarni,44,1,2,5,2
1330,1330,Deepak Shetty,69,8,6,2,1
1331,1331,Divya Shetty,36,1,1,4,3
1332,1332,Pooja Gowda,36,3,5,4,2
1333,1333,Mahesh Patil,63,7,6,3,1
1334,1334,Mahesh Mulla,44,8,3,1,2
1335,1335,Anil Mulla,23,3,4,1,1
1336,1336,Ajay Pujari,73,2,3,5,1
1337,1337,Rahul Shetty,75,3,2,3,3
1338,1338,Nandini Kumar,69,5,6,1,3
1339,1339,Pooja Patil,68,5,3,1,1
1340,1340,Priya Khan,28,4,6,3,2
1341,1341,Sneha Patil,29,1,1,1,2
1342,1342,Ravi Reddy,50,3,2,3,2
1343,1343,Rahul Rao,75,7,1,5,3
1344,1344,Priya Gowda,32,3,3,2,3
1345,1345,Prakash Jain,45,2,4,3,1
1346,1346,Naveen Mulla,69,2,4,2,1
1347,1347,Deepak Pujari,28,8,3,5,2
1348,1348,Kiran Reddy,68,3,4,1,1
1349,1349,Ravi Rao,63,4,1,3,3
1350,1350,Sneha Mulla,33,6,1,5,1
1351,1351,Nandini Desai,56,1,1,1,2
1352,1352,Divya Gowda,53,6,1,4,2
1353,1353,Vijay Mulla,38,4,1,4,3
1354,1354,Ajay Nayak,62,6,5,5,2
1355,1355,Prakash Reddy,19,4,6,2,3
1356,1356,Ananya Gowda,55,4,3,2,3
1357,1357,Kavya Kulkarni,62,4,6,1,2
1358,1358,Shreya Pujari,58,7,6,5,3
1359,1359,Vijay Reddy,70,2,4,4,3
1360,1360,Shreya Desai,40,8,1,1,1
1361,1361,Mahesh Pujari,35,7,4,1,3
1362,1362,Priya Rao,23,4,2,2,3
1363,1363,Suresh Rao,32,7,6,1,2
1364,1364,Priya Joshi,23,3,3,4,2
1365,1365,Meera Mulla,20,7,1,3,2
1366,1366,Suresh Patil,22,6,3,3,1
1367,1367,Ajay Pujari,64,1,2,4,2
1368,1368,Sneha Patil,18,6,5,4,3
1369,1369,Sneha Kumar,32,2,3,4,1
1370,1370,Pooja Reddy,29,6,1,1,3
1371,1371,Imran Jain,40,3,4,3,2
1372,1372,Ravi Desai,54,2,1,1,3
1373,1373,Divya Kumar,39,1,1,2,3
1374,1374,Farhan Joshi,51,8,2,3,1
1375,1375,Lakshmi Shetty,20,8,4,5,2
1376,1376,Rahul Shetty,29,5,1,3,3
1377,1377,Mahesh Khan,24,6,5,4,3
1378,1378,Lakshmi Nayak,75,1,3,2,2
1379,1379,Pooja Joshi,31,6,1,1,1
1380,1380,Vijay Kumar,56,4,4,1,2
1381,1381,Arun Patil,53,4,5,3,2
1382,1382,Ajay Mulla,22,4,4,3,3
1383,1383,Mahesh Gowda,61,8,6,2,2
1384,1384,Ravi Bhat,59,1,1,5,2
1385,1385,Shankar Kulkarni,73,8,1,2,2
1386,1386,Shreya Shetty,45,1,1,2,1
1387,1387,Sneha Khan,68,8,1,2,2
1388,1388,Sunil Pujari,56,6,6,5,2
1389,1389,Arun Naik,66,6,2,5,2
1390,1390,Farhan Rao,28,5,5,3,3
1391,1391,Ravi Mulla,46,8,5,5,2
1392,1392,Anil Desai,44,8,6,4,3
1393,1393,Sneha Desai,74,5,2,3,2
1394,1394,Sneha Pujari,47,1,4,5,2
1395,1395,Mahesh Sharma,36,7,1,2,1
1396,1396,Kavya Rao,58,2,4,1,3
1397,1397,Rahul Kumar,23,8,3,5,2
1398,1398,Neha Mulla,41,8,1,5,3
1399,1399,Ajay Patil,75,6,1,5,2
1400,1400,Aishwarya Sharma,69,4,4,3,1
1401,1401,Arun Bhat,34,6,4,4,2
1402,1402,Kiran Kumar,37,6,2,4,3
1403,1403,Nandini Patil,40,6,3,2,3
1404,1404,Pooja Desai,25,6,6,1,3
1405,1405,Neha Gowda,54,1,1,1,3
1406,1406,Ananya Kumar,46,6,6,4,1
1407,1407,Rahul Patil,55,8,6,1,1
1408,1408,Divya Gowda,25,4,4,4,1
1409,1409,Sunil Sharma,67,3,5,5,3
1410,1410,Shankar Hegde,51,3,6,1,2
1411,1411,Naveen Patil,73,8,5,3,3
1412,1412,Vijay Kumar,51,7,2,5,2
1413,1413,Pooja Kulkarni,22,6,1,2,2
1414,1414,Manoj Jain,22,7,2,2,3
1415,1415,Imran Nayak,48,3,6,1,1
1416,1416,Manoj Bhat,28,1,6,3,1
1417,1417,Kavya Naik,65,5,2,3,2
1418,1418,Anil Kumar,74,8,3,5,1
1419,1419,Lakshmi Kumar,67,4,4,3,2
1420,1420,Shreya Naik,40,3,3,3,2
1421,1421,Manoj Kulkarni,31,8,5,2,3
1422,1422,Prakash Naik,27,7,4,3,3
1423,1423,Ananya Desai,20,3,3,4,3
1424,1424,Pooja Jain,72,8,3,5,3
1425,1425,Kiran Sharma,24,7,3,4,3
1426,1426,Arun Rao,75,2,6,5,2
1427,1427,Pooja Nayak,64,4,6,4,1
1428,1428,Ananya Patil,19,1,5,3,2
1429,1429,Ravi Bhat,42,6,1,1,2
1430,1430,Farhan Gowda,27,3,5,1,1
1431,1431,Kiran Shetty,33,5,2,1,2
1432,1432,Priya Kulkarni,34,5,4,3,1
1433,1433,Anil Bhat,58,3,3,5,3
1434,1434,Pooja Reddy,32,7,6,1,3
1435,1435,Manoj Naik,62,7,6,4,3
1436,1436,Ajay Hegde,73,7,4,4,2
1437,1437,Shreya Shetty,21,1,3,2,2
1438,1438,Divya Shetty,19,8,3,5,3
1439,1439,Sunil Kumar,22,6,2,2,1
1440,1440,Kavya Joshi,32,1,3,2,1
1441,1441,Neha Sharma,75,5,3,1,3
1442,1442,Naveen Rao,31,8,4,3,3
1443,1443,Priya Kulkarni,39,1,4,1,2
1444,1444,Arun Rao,26,4,1,1,1
1445,1445,Anil Nayak,60,3,4,5,1
1446,1446,Ravi Pujari,39,1,5,4,3
1447,1447,Mahesh Bhat,40,7,5,4,2
1448,1448,Ravi Sharma,23,5,1,2,1
1449,1449,Manoj Shetty,74,7,6,2,2
1450,1450,Deepak Joshi,73,5,2,1,2
1451,1451,Priya Khan,41,7,5,1,3
1452,1452,Imran Pujari,73,4,5,4,3
1453,1453,Ajay Patil,48,2,6,3,2
1454,1454,Sneha Hegde,32,3,2,3,3
1455,1455,Divya Shetty,20,5,5,2,1
1456,1456,Vijay Hegde,24,6,6,4,3
1457,1457,Shankar Kumar,63,7,3,5,1
1458,1458,Mahesh Rao,45,1,5,5,3
1459,1459,Asha Hegde,39,7,2,2,2
1460,1460,Anil Jain,33,4,1,4,3
1461,1461,Kavya Bhat,51,7,1,2,2
1462,1462,Ajay Kumar,32,8,2,2,1
1463,1463,Lakshmi Reddy,56,2,2,4,3
1464,1464,Suresh Reddy,35,4,2,2,3
1465,1465,Shreya Reddy,38,1,6,1,2
1466,1466,Deepak Jain,37,3,5,2,1
1467,1467,Ananya Sharma,57,3,6,5,3
1468,1468,Shreya Naik,49,2,2,5,3
1469,1469,Shankar Kulkarni,67,1,3,1,2
1470,1470,Aishwarya Nayak,41,3,4,1,2
1471,1471,Shreya Naik,55,7,2,2,3
1472,1472,Ravi Kulkarni,63,8,2,5,2
1473,1473,Asha Khan,32,8,3,1,3
1474,1474,Ajay Naik,25,7,2,5,1
1475,1475,Meera Joshi,67,1,4,3,3
1476,1476,Imran Hegde,48,1,2,2,3
1477,1477,Ajay Pujari,39,7,4,3,2
1478,1478,Vijay Rao,35,4,2,1,2
1479,1479,Rahul Mulla,25,5,1,2,1
1480,1480,Kavya Joshi,23,1,3,1,2
1481,1481,Kavya Khan,72,7,4,1,2
1482,1482,Arun Mulla,44,8,5,3,3
1483,1483,Kavya Kulkarni,23,3,4,3,3
1484,1484,Meera Kumar,52,4,5,2,1
1485,1485,Divya Rao,34,4,6,2,1
1486,1486,Naveen Mulla,55,1,5,2,1
1487,1487,Sunil Gowda,73,7,3,3,3
1488,1488,Lakshmi Shetty,34,6,5,3,2
1489,1489,Arun Patil,46,7,3,3,1
1490,1490,Asha Rao,53,3,6,2,2
1491,1491,Kavya Shetty,44,3,3,1,3
1492,1492,Mahesh Khan,62,5,5,3,1
1493,1493,Meera Patil,60,3,4,5,1
1494,1494,Priya Desai,30,4,5,1,2
1495,1495,Lakshmi Khan,35,1,3,5,1
1496,1496,Asha Hegde,70,8,5,2,1
1497,1497,Mahesh Reddy,53,1,3,5,3
1498,1498,Deepak Kumar,48,2,5,1,2
1499,1499,Meera Joshi,36,6,2,1,2
1500,1500,Aishwarya Joshi,63,7,5,2,1
1501,1501,Mahesh Mulla,20,8,1,3,2
1502,1502,Sneha Gowda,27,5,3,3,2
1503,1503,Naveen Joshi,70,7,2,1,3
1504,1504,Pooja Jain,60,1,4,1,3
1505,1505,Lakshmi Rao,28,3,5,4,2
1506,1506,Manoj Reddy,70,2,3,5,2
1507,1507,Priya Mulla,51,7,6,2,2
1508,1508,Shreya Mulla,28,6,5,1,3
1509,1509,Pooja Gowda,68,1,3,1,2
1510,1510,Ananya Hegde,39,8,2,1,1
1511,1511,Anil Bhat,59,8,1,5,1
1512,1512,Rahul Jain,63,4,3,2,3
1513,1513,Mahesh Gowda,44,3,6,3,1
1514,1514,Divya Pujari,20,7,4,1,1
1515,1515,Rahul Joshi,70,4,5,2,2
1516,1516,Suresh Rao,31,6,3,5,1
1517,1517,Naveen Jain,56,7,2,3,3
1518,1518,Mahesh Joshi,28,8,4,5,1
1519,1519,Prakash Nayak,49,7,1,5,3
1520,1520,Kavya Nayak,65,6,1,2,1
1521,1521,Divya Jain,51,3,1,5,1
1522,1522,Sunil Jain,28,8,6,4,3
1523,1523,Rahul Khan,20,5,6,2,3
1524,1524,Ajay Kulkarni,48,1,2,4,2
1525,1525,Priya Hegde,60,3,5,4,3
1526,1526,Vijay Naik,69,4,2,5,2
1527,1527,Sunil Gowda,51,1,6,2,3
1528,1528,Divya Shetty,60,4,1,4,1
1529,1529,Rahul Kulkarni,36,7,5,3,3
1530,1530,Prakash Gowda,23,2,4,1,3
1531,1531,Farhan Nayak,43,4,4,4,2
1532,1532,Ravi Bhat,64,7,6,1,2
1533,1533,Imran Naik,62,5,1,5,2
1534,1534,Kiran Khan,31,8,1,3,1
1535,1535,Suresh Bhat,39,6,5,5,3
1536,1536,Asha Joshi,44,6,1,5,1
1537,1537,Priya Bhat,68,6,6,1,1
1538,1538,Arun Sharma,46,3,2,1,1
1539,1539,Kiran Pujari,39,3,1,1,3
1540,1540,Manoj Sharma,38,8,3,4,2
1541,1541,Mahesh Hegde,71,5,2,2,2
1542,1542,Arun Khan,58,6,3,3,3
1543,1543,Ajay Reddy,50,4,2,4,2
1544,1544,Sneha Desai,60,8,2,4,2
1545,1545,Neha Hegde,61,4,2,4,2
1546,1546,Kavya Jain,51,1,5,4,3
1547,1547,Ananya Kumar,26,8,5,4,3
1548,1548,Shankar Bhat,29,1,1,3,1
1549,1549,Ajay Jain,18,2,2,5,3
1550,1550,Divya Reddy,55,2,3,3,3
1551,1551,Rahul Naik,41,1,4,1,2
1552,1552,Divya Nayak,32,8,3,2,2
1553,1553,Kavya Bhat,53,6,1,3,2
1554,1554,Imran Nayak,22,7,3,3,2
1555,1555,Suresh Pujari,50,5,5,4,1
1556,1556,Shreya Rao,36,5,5,5,1
1557,1557,Ajay Shetty,22,5,6,2,1
1558,1558,Sneha Pujari,23,3,5,1,2
1559,1559,Kiran Nayak,70,6,1,5,2
1560,1560,Deepak Kulkarni,38,6,6,4,2
1561,1561,Ajay Naik,63,3,1,3,3
1562,1562,Shankar Desai,49,5,4,5,2
1563,1563,Manoj Naik,74,3,4,2,2
1564,1564,Imran Reddy,70,3,5,4,3
1565,1565,Meera Gowda,74,6,5,1,3
1566,1566,Shankar Gowda,52,4,5,1,2
1567,1567,Prakash Bhat,63,2,6,2,2
1568,1568,Vijay Jain,32,4,5,2,3
1569,1569,Imran Rao,75,8,1,2,1
1570,1570,Shankar Desai,66,5,6,4,2
1571,1571,Shankar Naik,33,1,3,4,3
1572,1572,Nandini Pujari,18,4,3,4,2
1573,1573,Shankar Khan,53,7,2,3,2
1574,1574,Ravi Khan,57,3,6,4,2
1575,1575,Imran Kulkarni,42,7,6,2,2
1576,1576,Anil Nayak,69,7,2,1,3
1577,1577,Nandini Joshi,75,6,2,5,2
1578,1578,Ravi Khan,45,5,4,4,1
1579,1579,Vijay Bhat,39,3,2,5,1
1580,1580,Sneha Sharma,28,4,5,5,3
1581,1581,Naveen Hegde,39,6,6,3,3
1582,1582,Anil Reddy,52,2,3,1,2
1583,1583,Kiran Joshi,36,3,1,3,2
1584,1584,Naveen Bhat,42,3,4,1,1
1585,1585,Shankar Sharma,65,6,4,2,1
1586,1586,Ravi Patil,25,6,6,1,3
1587,1587,Kiran Reddy,46,1,1,4,3
1588,1588,Pooja Desai,19,4,2,2,1
1589,1589,Arun Pujari,65,2,2,2,3
1590,1590,Divya Mulla,45,7,4,4,3
1591,1591,Pooja Bhat,46,5,2,2,1
1592,1592,Nandini Desai,18,3,4,2,3
1593,1593,Mahesh Bhat,28,3,1,2,3
1594,1594,Sunil Patil,42,6,6,5,1
1595,1595,Ananya Shetty,73,6,1,2,3
1596,1596,Anil Desai,26,3,6,4,3
1597,1597,Anil Hegde,40,6,6,5,1
1598,1598,Sneha Desai,48,5,4,3,2
1599,1599,Ravi Nayak,29,1,6,2,1
1600,1600,Aishwarya Kulkarni,27,4,3,2,1
1601,1601,Sneha Nayak,33,2,4,4,1
1602,1602,Priya Mulla,49,3,5,1,2
1603,1603,Anil Jain,50,7,4,4,1
1604,1604,Lakshmi Mulla,25,4,5,5,3
1605,1605,Deepak Jain,40,3,1,2,3
1606,1606,Imran Reddy,31,3,5,3,2
1607,1607,Arun Rao,42,3,4,1,1
1608,1608,Ravi Joshi,26,5,5,4,3
1609,1609,Kiran Nayak,27,8,5,2,3
1610,1610,Manoj Rao,31,4,2,1,3
1611,1611,Imran Shetty,29,6,4,3,2
1612,1612,Prakash Mulla,21,5,6,5,1
1613,1613,Rahul Reddy,54,6,3,2,2
1614,1614,Rahul Mulla,37,6,2,2,2
1615,1615,Kiran Mulla,58,7,2,3,2
1616,1616,Vijay Gowda,36,4,2,2,3
1617,1617,Meera Bhat,37,3,2,2,1
1618,1618,Imran Gowda,30,2,4,3,2
1619,1619,Kavya Kumar,38,5,1,4,1
1620,1620,Shankar Reddy,40,7,5,3,2
1621,1621,Arun Hegde,68,6,6,5,1
1622,1622,Nandini Kulkarni,34,1,2,5,2
1623,1623,Ravi Desai,56,7,5,3,1
1624,1624,Ajay Shetty,37,1,2,3,2
1625,1625,Kavya Reddy,26,4,3,1,1
1626,1626,Sneha Khan,62,8,6,4,1
1627,1627,Rahul Rao,33,7,4,4,3
1628,1628,Shankar Kumar,54,8,3,5,1
1629,1629,Sneha Bhat,28,7,1,4,3
1630,1630,Sunil Desai,67,2,5,3,2
1631,1631,Shreya Mulla,32,2,6,3,2
1632,1632,Imran Joshi,70,4,4,5,3
1633,1633,Arun Hegde,68,7,1,3,1
1634,1634,Ravi Pujari,44,8,4,5,1
1635,1635,Ananya Hegde,67,4,3,3,2
1636,1636,Prakash Kulkarni,51,5,4,4,3
1637,1637,Vijay Kulkarni,22,5,3,5,2
1638,1638,Manoj Bhat,28,6,2,4,3
1639,1639,Shreya Patil,27,3,5,4,2
1640,1640,Shreya Jain,32,2,2,4,2
1641,1641,Anil Gowda,42,4,1,4,2
1642,1642,Shankar Sharma,54,7,6,3,3
1643,1643,Meera Mulla,57,2,5,5,3
1644,1644,Rahul Sharma,57,2,3,2,2
1645,1645,Shankar Jain,73,1,4,1,2
1646,1646,Imran Naik,25,6,3,5,3
1647,1647,Divya Patil,27,1,6,4,3
1648,1648,Aishwarya Shetty,24,6,6,4,2
1649,1649,Sneha Reddy,25,6,5,5,1
1650,1650,Deepak Pujari,51,2,5,5,1
1651,1651,Shreya Kumar,37,3,1,3,2
1652,1652,Imran Pujari,57,3,3,1,2
1653,1653,Prakash Reddy,49,7,2,2,2
1654,1654,Priya Rao,33,6,5,3,1
1655,1655,Kavya Bhat,38,2,5,3,1
1656,1656,Arun Reddy,69,2,6,4,1
1657,1657,Meera Jain,63,7,6,1,2
1658,1658,Ravi Kumar,30,6,4,5,3
1659,1659,Shankar Pujari,29,3,1,1,3
1660,1660,Aishwarya Bhat,68,4,4,3,3
1661,1661,Shankar Desai,33,3,3,3,3
1662,1662,Suresh Rao,40,3,2,3,1
1663,1663,Ravi Joshi,23,3,6,1,2
1664,1664,Ananya Kulkarni,54,3,4,4,1
1665,1665,Ravi Khan,40,2,2,4,3
1666,1666,Asha Khan,68,1,5,1,1
1667,1667,Sunil Reddy,33,5,6,4,3
1668,1668,Imran Patil,35,5,6,5,3
1669,1669,Divya Kumar,21,8,5,1,2
1670,1670,Rahul Gowda,53,7,3,4,3
1671,1671,Prakash Rao,30,2,3,5,2
1672,1672,Nandini Pujari,51,7,5,1,1
1673,1673,Rahul Khan,19,7,6,4,2
1674,1674,Deepak Hegde,46,6,3,2,1
1675,1675,Meera Sharma,27,3,3,3,2
1676,1676,Vijay Naik,55,7,2,4,3
1677,1677,Sunil Joshi,30,8,6,1,3
1678,1678,Aishwarya Hegde,72,4,4,1,2
1679,1679,Ravi Nayak,58,2,2,3,3
1680,1680,Ajay Mulla,49,1,4,2,1
1681,1681,Nandini Reddy,41,2,5,5,1
1682,1682,Vijay Bhat,63,7,5,5,1
1683,1683,Rahul Reddy,35,1,3,2,1
1684,1684,Sunil Patil,58,3,2,2,3
1685,1685,Pooja Pujari,72,1,1,3,2
1686,1686,Imran Kulkarni,36,8,2,5,1
1687,1687,Prakash Pujari,45,3,1,3,3
1688,1688,Shreya Patil,44,8,5,3,2
1689,1689,Priya Nayak,74,5,5,4,1
1690,1690,Imran Hegde,45,1,3,2,3
1691,1691,Kiran Mulla,21,3,6,3,3
1692,1692,Imran Hegde,63,3,5,5,2
1693,1693,Kiran Desai,74,4,3,2,3
1694,1694,Shankar Gowda,62,1,4,1,1
1695,1695,Aishwarya Hegde,58,2,1,4,2
1696,1696,Nandini Jain,34,6,1,3,3
1697,1697,Priya Kumar,67,7,5,1,3
1698,1698,Kavya Reddy,55,4,6,2,2
1699,1699,Sneha Khan,21,5,5,1,2
1700,1700,Ananya Kumar,50,3,2,2,2
1701,1701,Kavya Kumar,49,2,2,1,3
1702,1702,Pooja Kumar,18,3,1,5,3
1703,1703,Pooja Reddy,47,5,5,2,1
1704,1704,Naveen Kulkarni,18,2,2,2,2
1705,1705,Meera Joshi,51,4,3,3,3
1706,1706,Nandini Patil,44,1,2,4,3
1707,1707,Mahesh Pujari,62,3,1,2,1
1708,1708,Asha Rao,53,6,6,4,2
1709,1709,Nandini Bhat,68,3,3,3,2
1710,1710,Manoj Sharma,30,5,6,5,2
1711,1711,Naveen Reddy,32,2,6,3,3
1712,1712,Naveen Hegde,49,4,2,2,2
1713,1713,Ananya Mulla,53,5,5,4,2
1714,1714,Arun Mulla,41,1,4,5,2
1715,1715,Meera Jain,45,2,4,2,2
1716,1716,Shankar Rao,55,1,6,4,3
1717,1717,Lakshmi Patil,24,8,1,5,3
1718,1718,Vijay Hegde,49,7,3,1,1
1719,1719,Vijay Kulkarni,64,8,2,3,3
1720,1720,Asha Patil,69,8,6,5,1
1721,1721,Sunil Pujari,23,7,1,2,1
1722,1722,Shreya Bhat,22,7,3,3,3
1723,1723,Naveen Nayak,51,7,3,2,2
1724,1724,Nandini Kumar,37,2,5,3,1
1725,1725,Ajay Khan,23,3,4,3,1
1726,1726,Manoj Jain,30,4,3,4,1
1727,1727,Rahul Patil,65,8,3,4,3
1728,1728,Ananya Jain,28,2,2,5,1
1729,1729,Kiran Desai,19,8,1,5,2
1730,1730,Farhan Joshi,62,2,6,5,1
1731,1731,Shankar Bhat,53,3,1,4,3
1732,1732,Prakash Bhat,67,7,6,1,3
1733,1733,Priya Kulkarni,66,3,3,3,1
1734,1734,Anil Mulla,22,6,5,4,3
1735,1735,Naveen Naik,35,2,5,4,2
1736,1736,Sneha Desai,70,1,2,5,1
1737,1737,Ajay Naik,43,1,4,2,2
1738,1738,Shreya Kulkarni,67,6,3,3,2
1739,1739,Pooja Hegde,74,1,6,2,1
1740,1740,Asha Gowda,24,4,2,5,3
1741,1741,Asha Desai,39,5,3,2,1
1742,1742,Shreya Mulla,25,5,5,5,2
1743,1743,Sunil Rao,37,4,6,4,3
1744,1744,Farhan Hegde,22,3,3,1,1
1745,1745,Nandini Rao,56,5,6,1,3
1746,1746,Rahul Jain,65,3,2,1,3
1747,1747,Divya Pujari,51,8,5,5,2
1748,1748,Farhan Hegde,28,1,6,3,2
1749,1749,Imran Bhat,20,2,6,4,1
1750,1750,Lakshmi Kulkarni,25,1,4,5,1
1751,1751,Arun Jain,48,1,3,2,2
1752,1752,Rahul Mulla,35,6,1,3,3
1753,1753,Lakshmi Hegde,24,2,6,1,2
1754,1754,Arun Mulla,67,3,5,4,1
1755,1755,Vijay Jain,31,7,5,4,2
1756,1756,Aishwarya Nayak,28,8,4,3,3
1757,1757,Vijay Kulkarni,62,8,6,3,3
1758,1758,Shankar Kulkarni,52,4,3,4,1
1759,1759,Sneha Joshi,32,4,3,2,1
1760,1760,Pooja Joshi,35,4,5,2,2
1761,1761,Deepak Jain,63,1,1,2,2
1762,1762,Prakash Reddy,54,3,1,2,3
1763,1763,Manoj Pujari,63,8,6,4,3
1764,1764,Rahul Mulla,32,3,1,4,2
1765,1765,Deepak Gowda,67,1,5,5,3
1766,1766,Lakshmi Nayak,56,7,2,1,3
1767,1767,Kiran Kulkarni,24,2,2,5,2
1768,1768,Prakash Rao,51,4,1,4,1
1769,1769,Deepak Kumar,34,4,4,2,3
1770,1770,Ajay Kumar,46,3,6,3,3
1771,1771,Sunil Jain,45,6,6,5,2
1772,1772,Anil Kumar,51,1,5,2,3
1773,1773,Shreya Mulla,35,5,4,2,1
1774,1774,Naveen Sharma,52,5,2,1,2
1775,1775,Deepak Hegde,31,3,1,3,3
1776,1776,Asha Desai,28,5,5,5,2
1777,1777,Meera Nayak,52,7,1,3,3
1778,1778,Vijay Mulla,61,8,6,1,2
1779,1779,Divya Reddy,55,5,5,3,1
1780,1780,Suresh Nayak,33,2,3,3,2
1781,1781,Ajay Khan,63,7,2,4,1
1782,1782,Vijay Patil,39,1,2,1,2
1783,1783,Meera Joshi,35,4,3,2,2
1784,1784,Ravi Jain,39,5,1,3,3
1785,1785,Rahul Mulla,54,7,4,4,3
1786,1786,Mahesh Desai,40,7,6,2,2
1787,1787,Manoj Patil,71,2,3,5,1
1788,1788,Meera Rao,21,6,1,2,3
1789,1789,Kiran Patil,44,5,2,4,3
1790,1790,Naveen Bhat,53,3,4,4,2
1791,1791,Nandini Patil,24,2,1,1,3
1792,1792,Meera Reddy,62,5,1,3,3
1793,1793,Naveen Sharma,46,6,4,4,3
1794,1794,Nandini Reddy,37,3,4,4,3
1795,1795,Shreya Naik,72,1,3,2,2
1796,1796,Farhan Kulkarni,60,6,2,3,2
1797,1797,Lakshmi Shetty,28,2,6,1,1
1798,1798,Priya Naik,50,5,6,2,2
1799,1799,Nandini Patil,73,6,2,1,2
1800,1800,Meera Khan,28,7,1,1,2
1801,1801,Priya Hegde,57,3,5,1,2
1802,1802,Sunil Bhat,74,3,2,2,1
1803,1803,Anil Patil,35,4,6,3,2
1804,1804,Sunil Reddy,29,5,5,2,1
1805,1805,Neha Naik,61,1,1,4,2
1806,1806,Deepak Khan,30,4,5,3,3
1807,1807,Manoj Desai,24,1,4,1,3
1808,1808,Neha Desai,48,6,2,3,2
1809,1809,Kiran Shetty,35,8,2,5,2
1810,1810,Meera Rao,25,2,2,2,2
1811,1811,Prakash Jain,68,7,2,4,3
1812,1812,Farhan Gowda,25,3,5,3,1
1813,1813,Shreya Mulla,38,4,5,1,2
1814,1814,Nandini Jain,74,1,6,1,2
1815,1815,Divya Joshi,65,2,6,4,2
1816,1816,Priya Kumar,19,5,1,3,1
1817,1817,Mahesh Gowda,22,4,6,4,1
1818,1818,Imran Nayak,28,2,5,5,1
1819,1819,Mahesh Joshi,71,5,5,1,1
1820,1820,Rahul Pujari,21,6,3,5,1
1821,1821,Ananya Sharma,30,6,1,3,2
1822,1822,Priya Kumar,38,5,3,4,2
1823,1823,Lakshmi Kumar,68,8,2,4,1
1824,1824,Kiran Naik,50,3,3,2,2
1825,1825,Arun Pujari,45,5,6,1,1
1826,1826,Priya Shetty,26,6,1,3,2
1827,1827,Rahul Desai,49,8,2,5,3
1828,1828,Aishwarya Kulkarni,65,2,2,4,2
1829,1829,Ananya Patil,37,3,5,1,2
1830,1830,Anil Patil,22,4,3,4,3
1831,1831,Vijay Kulkarni,46,3,1,5,3
1832,1832,Prakash Bhat,32,8,6,4,3
1833,1833,Nandini Nayak,58,1,6,3,3
1834,1834,Ravi Bhat,25,8,6,5,3
1835,1835,Sneha Sharma,29,5,5,5,2
1836,1836,Deepak Kulkarni,38,4,1,5,3
1837,1837,Pooja Shetty,41,6,1,5,2
1838,1838,Ananya Khan,22,6,2,5,3
1839,1839,Farhan Nayak,42,8,1,2,3
1840,1840,Priya Joshi,51,2,1,5,3
1841,1841,Divya Pujari,37,6,1,4,1
1842,1842,Sunil Khan,42,3,3,2,3
1843,1843,Kavya Joshi,35,7,4,4,2
1844,1844,Naveen Joshi,36,3,3,4,3
1845,1845,Neha Bhat,42,5,4,2,2
1846,1846,Deepak Patil,72,3,6,4,1
1847,1847,Ananya Naik,35,6,3,2,1
1848,1848,Arun Mulla,57,4,3,2,3
1849,1849,Deepak Joshi,54,4,5,5,2
1850,1850,Mahesh Bhat,58,1,2,2,2
1851,1851,Naveen Rao,38,3,5,5,1
1852,1852,Divya Naik,20,2,4,4,1
1853,1853,Suresh Shetty,27,1,4,2,2
1854,1854,Asha Desai,75,4,4,3,3
1855,1855,Divya Desai,43,4,6,1,2
1856,1856,Anil Sharma,74,6,3,5,3
1857,1857,Kiran Naik,53,8,5,5,2
1858,1858,Lakshmi Naik,22,2,2,4,2
1859,1859,Vijay Shetty,19,1,2,4,3
1860,1860,Deepak Naik,19,2,6,5,3
1861,1861,Aishwarya Naik,56,1,3,5,1
1862,1862,Suresh Pujari,33,6,1,1,2
1863,1863,Aishwarya Joshi,65,2,3,4,3
1864,1864,Suresh Jain,75,1,6,5,2
1865,1865,Suresh Kumar,41,8,4,4,1
1866,1866,Farhan Gowda,47,3,3,4,3
1867,1867,Sunil Desai,33,3,5,1,3
1868,1868,Rahul Gowda,64,2,4,5,2
1869,1869,Prakash Shetty,73,1,1,5,2
1870,1870,Pooja Khan,33,2,2,2,3
1871,1871,Mahesh Sharma,20,3,4,2,3
1872,1872,Sunil Khan,37,2,3,2,1
1873,1873,Priya Reddy,70,3,3,1,2
1874,1874,Lakshmi Jain,54,4,5,3,3
1875,1875,Ajay Sharma,23,1,3,3,3
1876,1876,Shankar Jain,72,7,5,1,1
1877,1877,Kavya Pujari,42,1,4,2,2
1878,1878,Sneha Kulkarni,25,3,1,1,2
1879,1879,Prakash Khan,63,6,5,3,1
1880,1880,Naveen Sharma,38,7,3,4,1
1881,1881,Pooja Joshi,73,6,4,5,2
1882,1882,Vijay Kulkarni,37,8,1,1,2
1883,1883,Prakash Rao,50,3,1,2,2
1884,1884,Neha Kulkarni,31,6,6,1,3
1885,1885,Aishwarya Pujari,55,5,4,2,2
1886,1886,Shankar Naik,65,2,1,5,2
1887,1887,Neha Reddy,54,6,3,5,2
1888,1888,Mahesh Rao,69,2,6,1,3
1889,1889,Ajay Hegde,65,3,6,1,2
1890,1890,Divya Bhat,54,7,5,1,1
1891,1891,Naveen Sharma,30,2,5,2,2
1892,1892,Divya Reddy,27,3,3,4,2
1893,1893,Kiran Bhat,52,3,3,1,3
1894,1894,Ravi Hegde,72,6,3,3,3
1895,1895,Kiran Mulla,25,7,3,4,1
1896,1896,Ravi Kumar,29,7,4,4,2
1897,1897,Kavya Gowda,71,3,6,5,2
1898,1898,Rahul Khan,75,1,5,1,2
1899,1899,Meera Sharma,45,6,5,5,2
1900,1900,Farhan Mulla,67,3,3,5,3
1901,1901,Lakshmi Rao,35,8,3,5,1
1902,1902,Farhan Pujari,22,7,2,4,3
1903,1903,Suresh Naik,23,3,5,4,1
1904,1904,Sunil Rao,51,5,1,4,1
1905,1905,Vijay Jain,53,6,6,2,1
1906,1906,Sneha Khan,52,4,3,4,1
1907,1907,Sunil Hegde,20,8,6,2,1
1908,1908,Aishwarya Joshi,61,2,4,4,3
1909,1909,Divya Kumar,23,5,4,3,2
1910,1910,Sneha Kumar,32,2,3,4,1
1911,1911,Farhan Rao,35,6,2,1,3
1912,1912,Arun Gowda,48,6,3,5,3
1913,1913,Naveen Shetty,43,4,6,1,3
1914,1914,Shreya Patil,60,5,1,5,3
1915,1915,Ajay Bhat,30,5,4,5,3
1916,1916,Sneha Pujari,53,8,6,2,1
1917,1917,Imran Gowda,45,8,6,2,1
1918,1918,Shreya Joshi,69,7,2,2,1
1919,1919,Shreya Khan,57,7,4,3,3
1920,1920,Prakash Rao,47,8,1,2,2
1921,1921,Sneha Nayak,68,1,1,2,1
1922,1922,Neha Pujari,53,1,4,5,3
1923,1923,Rahul Khan,42,5,4,2,1
1924,1924,Rahul Khan,43,5,3,2,2
1925,1925,Imran Rao,53,5,3,5,1
1926,1926,Naveen Naik,29,5,2,3,1
1927,1927,Priya Pujari,20,7,4,2,2
1928,1928,Meera Desai,45,4,6,4,3
1929,1929,Aishwarya Sharma,46,6,5,3,2
1930,1930,Suresh Naik,43,4,6,3,3
1931,1931,Arun Jain,51,5,4,3,3
1932,1932,Neha Pujari,32,2,4,4,2
1933,1933,Meera Rao,51,5,4,2,2
1934,1934,Ananya Kumar,21,1,3,4,3
1935,1935,Prakash Jain,66,7,2,1,3
1936,1936,Manoj Desai,39,7,6,5,1
1937,1937,Rahul Kumar,39,1,2,4,3
1938,1938,Priya Mulla,48,7,3,3,3
1939,1939,Vijay Khan,68,1,3,4,1
1940,1940,Priya Kulkarni,49,2,4,3,1
1941,1941,Prakash Bhat,65,6,1,1,1
1942,1942,Shreya Rao,44,3,3,2,2
1943,1943,Kiran Reddy,44,6,2,2,3
1944,1944,Suresh Reddy,55,1,2,5,1
1945,1945,Lakshmi Pujari,24,4,2,5,2
1946,1946,Mahesh Desai,31,1,6,1,1
1947,1947,Rahul Nayak,74,4,4,4,3
1948,1948,Ananya Joshi,25,4,4,4,2
1949,1949,Pooja Desai,22,7,2,2,3
1950,1950,Shreya Naik,40,4,2,2,3
1951,1951,Asha Shetty,49,3,1,1,2
1952,1952,Shankar Gowda,54,2,2,3,2
1953,1953,Arun Mulla,38,5,6,3,3
1954,1954,Naveen Shetty,41,7,2,4,2
1955,1955,Ananya Kulkarni,46,1,3,4,3
1956,1956,Sneha Gowda,60,6,6,3,1
1957,1957,Aishwarya Pujari,71,7,1,1,2
1958,1958,Arun Jain,49,8,3,1,1
1959,1959,Rahul Reddy,41,6,5,1,2
1960,1960,Suresh Gowda,73,8,3,5,2
1961,1961,Mahesh Naik,37,3,1,2,3
1962,1962,Nandini Mulla,45,3,4,4,1
1963,1963,Vijay Khan,50,7,4,5,2
1964,1964,Neha Joshi,69,3,5,3,3
1965,1965,Lakshmi Sharma,51,3,5,5,1
1966,1966,Rahul Patil,64,1,3,4,1
1967,1967,Deepak Sharma,63,1,5,1,2
1968,1968,Vijay Rao,69,4,4,3,1
1969,1969,Asha Joshi,41,2,3,3,1
1970,1970,Suresh Reddy,69,4,5,5,3
1971,1971,Ananya Hegde,28,7,1,2,1
1972,1972,Imran Kumar,36,2,1,3,1
1973,1973,Imran Nayak,48,6,2,2,3
1974,1974,Meera Sharma,48,3,1,3,1
1975,1975,Shankar Pujari,60,6,2,3,3
1976,1976,Nandini Pujari,22,7,5,4,3
1977,1977,Ajay Patil,73,6,3,1,3
1978,1978,Farhan Hegde,54,4,5,4,3
1979,1979,Deepak Naik,39,3,5,1,3
1980,1980,Lakshmi Kumar,52,4,4,5,3
1981,1981,Shreya Sharma,70,6,5,3,3
1982,1982,Anil Kumar,46,6,3,5,3
1983,1983,Rahul Nayak,32,8,5,2,1
1984,1984,Naveen Hegde,18,3,1,2,3
1985,1985,Lakshmi Pujari,33,5,3,2,3
1986,1986,Suresh Shetty,52,1,2,5,1
1987,1987,Suresh Joshi,56,6,6,1,1
1988,1988,Rahul Naik,42,4,3,2,3
1989,1989,Meera Nayak,59,1,6,1,1
1990,1990,Manoj Khan,60,4,5,3,3
1991,1991,Ravi Shetty,21,6,3,3,1
1992,1992,Rahul Patil,20,6,4,2,3
1993,1993,Deepak Patil,34,2,3,3,3
1994,1994,Neha Desai,26,2,2,4,3
1995,1995,Ananya Desai,34,3,2,5,2
1996,1996,Imran Joshi,19,8,5,5,2
1997,1997,Imran Mulla,66,3,6,3,2
1998,1998,Deepak Joshi,26,2,6,5,3
1999,1999,Aishwarya Sharma,43,8,3,4,3
2000,2000,Rahul Reddy,22,3,6,4,1
2001,2001,Priya Rao,70,1,6,3,2
2002,2002,Farhan Kulkarni,27,8,6,4,3
2003,2003,Pooja Patil,47,5,4,1,2
2004,2004,Lakshmi Kumar,23,1,5,5,3
2005,2005,Asha Nayak,56,2,5,2,2
2006,2006,Deepak Shetty,65,1,3,5,2
2007,2007,Ajay Reddy,33,3,5,2,3
2008,2008,Shankar Gowda,28,8,1,2,3
2009,2009,Imran Naik,58,8,4,5,3
2010,2010,Sneha Khan,39,2,1,2,1
2011,2011,Prakash Mulla,35,7,5,2,1
2012,2012,Shankar Nayak,44,7,1,2,1
2013,2013,Prakash Rao,57,5,4,1,3
2014,2014,Mahesh Bhat,57,8,1,4,1
2015,2015,Shankar Shetty,41,8,2,3,2
2016,2016,Kiran Mulla,69,5,1,5,2
2017,2017,Divya Khan,34,3,2,1,2
2018,2018,Neha Hegde,45,3,6,4,1
2019,2019,Kiran Joshi,73,7,3,4,3
2020,2020,Aishwarya Naik,44,5,6,4,2
2021,2021,Ananya Patil,54,5,1,2,3
2022,2022,Lakshmi Reddy,20,3,4,5,2
2023,2023,Sneha Patil,38,4,3,5,3
2024,2024,Imran Kulkarni,72,3,6,5,3
2025,2025,Meera Desai,41,3,1,2,1
2026,2026,Sneha Khan,42,6,1,5,1
2027,2027,Aishwarya Hegde,57,7,2,2,2
2028,2028,Sunil Patil,38,6,6,4,2
2029,2029,Lakshmi Patil,54,6,1,1,2
2030,2030,Pooja Sharma,72,2,1,3,2
2031,2031,Anil Reddy,37,5,6,2,2
2032,2032,Shankar Nayak,63,6,6,3,2
2033,2033,Shreya Pujari,36,7,2,2,1
2034,2034,Naveen Pujari,27,4,2,4,2
2035,2035,Pooja Hegde,45,1,2,2,1
2036,2036,Ravi Kulkarni,18,4,1,5,3
2037,2037,Sneha Mulla,25,7,2,2,2
2038,2038,Farhan Jain,29,8,1,4,3
2039,2039,Manoj Kumar,58,2,2,1,2
2040,2040,Sneha Rao,44,3,3,2,2
2041,2041,Farhan Mulla,60,2,2,4,2
2042,2042,Vijay Shetty,60,4,1,2,2
2043,2043,Suresh Kumar,75,5,6,1,3
2044,2044,Vijay Reddy,28,8,5,4,1
2045,2045,Imran Sharma,37,6,6,5,1
2046,2046,Kiran Bhat,74,3,2,5,1
2047,2047,Nandini Kulkarni,55,8,4,5,2
2048,2048,Shankar Rao,44,7,2,1,2
2049,2049,Mahesh Hegde,19,3,2,3,3
2050,2050,Asha Bhat,53,6,2,5,3
2051,2051,Divya Pujari,51,3,1,4,1
2052,2052,Manoj Rao,21,6,4,3,1
2053,2053,Naveen Reddy,51,7,5,4,3
2054,2054,Manoj Desai,64,4,3,2,2
2055,2055,Priya Desai,46,6,5,5,2
2056,2056,Ravi Reddy,67,7,1,5,3
2057,2057,Meera Kumar,18,4,2,1,3
2058,2058,Arun Kulkarni,25,8,5,2,3
2059,2059,Shreya Rao,39,1,5,5,2
2060,2060,Vijay Kulkarni,69,3,3,5,2
2061,2061,Deepak Shetty,60,4,5,3,2
2062,2062,Ajay Gowda,21,5,3,5,3
2063,2063,Kiran Khan,39,5,4,1,3
2064,2064,Divya Jain,42,8,1,3,3
2065,2065,Meera Patil,45,4,5,1,3
2066,2066,Imran Nayak,59,5,3,5,1
2067,2067,Suresh Jain,72,5,3,4,1
2068,2068,Aishwarya Mulla,58,2,2,2,2
2069,2069,Shreya Bhat,41,3,2,4,1
2070,2070,Sneha Nayak,52,7,3,1,3
2071,2071,Manoj Naik,40,2,6,1,2
2072,2072,Prakash Khan,66,4,3,4,3
2073,2073,Shreya Kumar,71,4,4,3,3
2074,2074,Kavya Joshi,41,6,1,4,3
2075,2075,Ajay Kulkarni,71,8,3,2,3
2076,2076,Anil Mulla,44,7,3,5,3
2077,2077,Mahesh Hegde,34,6,6,3,3
2078,2078,Farhan Gowda,53,1,4,1,1
2079,2079,Aishwarya Nayak,26,3,4,5,2
2080,2080,Asha Jain,55,7,3,2,1
2081,2081,Deepak Pujari,22,3,6,1,1
2082,2082,Manoj Reddy,32,5,5,3,2
2083,2083,Meera Bhat,60,3,5,2,1
2084,2084,Ravi Hegde,68,6,6,3,2
2085,2085,Nandini Joshi,26,1,6,1,2
2086,2086,Prakash Shetty,46,5,4,1,2
2087,2087,Lakshmi Patil,64,2,4,4,3
2088,2088,Pooja Sharma,48,4,3,1,2
2089,2089,Manoj Jain,62,6,5,1,2
2090,2090,Ravi Kulkarni,28,5,2,5,3
2091,2091,Ravi Naik,71,1,1,5,2
2092,2092,Ajay Rao,62,3,5,4,1
2093,2093,Priya Kumar,32,7,5,1,2
2094,2094,Priya Rao,67,1,2,2,1
2095,2095,Shreya Rao,38,7,5,5,1
2096,2096,Shankar Patil,73,8,2,1,2
2097,2097,Manoj Sharma,20,3,2,4,3
2098,2098,Rahul Sharma,46,1,4,1,1
2099,2099,Anil Kumar,30,7,1,1,2
2100,2100,Divya Rao,68,3,4,4,3
2101,2101,Anil Sharma,30,4,6,1,3
2102,2102,Priya Desai,47,3,4,3,3
2103,2103,Sunil Kumar,33,6,1,4,3
2104,2104,Prakash Naik,74,1,4,4,3
2105,2105,Imran Nayak,37,3,5,1,2
2106,2106,Kavya Desai,75,7,4,4,3
2107,2107,Shankar Kulkarni,31,2,4,3,2
2108,2108,Anil Nayak,66,8,6,3,3
2109,2109,Neha Naik,60,6,6,4,3
2110,2110,Pooja Jain,28,3,1,4,1
2111,2111,Meera Patil,45,7,2,1,1
2112,2112,Ravi Khan,61,6,4,2,3
2113,2113,Lakshmi Patil,59,1,6,4,1
2114,2114,Divya Sharma,42,8,3,5,3
2115,2115,Lakshmi Patil,27,2,6,4,1
2116,2116,Priya Naik,54,8,6,5,1
2117,2117,Manoj Joshi,37,4,5,3,2
2118,2118,Pooja Reddy,62,1,4,1,1
2119,2119,Priya Naik,48,3,6,1,2
2120,2120,Deepak Kulkarni,52,2,2,3,3
2121,2121,Ravi Gowda,63,5,5,1,2
2122,2122,Anil Rao,38,7,2,4,1
2123,2123,Lakshmi Jain,34,8,2,4,3
2124,2124,Pooja Patil,33,4,6,4,1
2125,2125,Asha Rao,25,3,1,5,1
2126,2126,Prakash Bhat,47,8,6,1,2
2127,2127,Anil Shetty,18,2,2,4,1
2128,2128,Lakshmi Hegde,71,2,1,1,3
2129,2129,Sneha Naik,75,7,2,5,3
2130,2130,Prakash Gowda,41,4,2,2,3
2131,2131,Farhan Desai,33,7,5,4,2
2132,2132,Meera Khan,33,2,5,3,1
2133,2133,Shreya Sharma,18,6,3,4,2
2134,2134,Ajay Patil,51,5,2,1,3
2135,2135,Rahul Mulla,37,2,3,1,2
2136,2136,Prakash Kumar,53,7,1,4,3
2137,2137,Arun Gowda,67,6,5,4,3
2138,2138,Arun Gowda,38,5,4,1,2
2139,2139,Shreya Nayak,18,7,3,1,1
2140,2140,Sunil Rao,67,4,6,4,3
2141,2141,Sneha Joshi,62,3,6,2,3
2142,2142,Ananya Desai,38,3,2,1,3
2143,2143,Pooja Bhat,30,5,2,5,3
2144,2144,Meera Pujari,75,4,5,3,1
2145,2145,Vijay Reddy,22,4,4,1,2
2146,2146,Anil Reddy,56,1,6,5,1
2147,2147,Meera Khan,63,1,5,2,1
2148,2148,Kiran Kulkarni,25,5,4,3,2
2149,2149,Ananya Kumar,71,4,3,5,2
2150,2150,Shreya Shetty,41,8,1,1,3
2151,2151,Deepak Nayak,71,7,6,5,2
2152,2152,Kavya Kumar,43,5,4,5,2
2153,2153,Ravi Jain,52,7,1,1,2
2154,2154,Kiran Sharma,63,1,2,3,2
2155,2155,Suresh Desai,70,7,3,2,3
2156,2156,Deepak Joshi,69,1,2,5,2
2157,2157,Farhan Mulla,28,1,4,2,1
2158,2158,Shreya Mulla,71,5,5,2,1
2159,2159,Aishwarya Jain,71,4,4,5,2
2160,2160,Meera Naik,67,8,3,4,3
2161,2161,Imran Pujari,26,7,1,5,1
2162,2162,Shankar Patil,47,6,3,3,1
2163,2163,Sunil Shetty,37,5,3,4,3
2164,2164,Priya Bhat,51,5,3,5,1
2165,2165,Naveen Gowda,23,8,3,4,1
2166,2166,Pooja Hegde,44,4,5,4,3
2167,2167,Nandini Pujari,37,7,4,4,2
2168,2168,Nandini Rao,31,2,6,2,3
2169,2169,Anil Patil,70,3,5,4,2
2170,2170,Ajay Shetty,59,8,5,2,2
2171,2171,Deepak Joshi,62,7,3,4,1
2172,2172,Prakash Khan,31,2,1,1,3
2173,2173,Divya Naik,44,1,6,3,2
2174,2174,Deepak Nayak,31,8,1,1,3
2175,2175,Kiran Gowda,69,5,2,1,1
2176,2176,Mahesh Naik,43,7,6,3,3
2177,2177,Deepak Hegde,28,4,4,4,3
2178,2178,Aishwarya Naik,65,2,1,5,3
2179,2179,Nandini Desai,57,8,6,2,3
2180,2180,Manoj Kumar,31,6,4,2,3
2181,2181,Deepak Reddy,33,7,6,5,2
2182,2182,Mahesh Kumar,38,8,5,2,2
2183,2183,Shreya Reddy,73,6,1,1,1
2184,2184,Kavya Mulla,57,7,4,2,2
2185,2185,Shreya Nayak,63,6,1,2,1
2186,2186,Priya Rao,24,7,4,3,1
2187,2187,Mahesh Naik,36,7,2,5,2
2188,2188,Lakshmi Rao,72,1,1,4,1
2189,2189,Deepak Pujari,37,4,5,3,3
2190,2190,Sunil Kumar,73,5,6,3,1
2191,2191,Manoj Rao,42,4,2,5,2
2192,2192,Suresh Rao,65,1,2,1,2
2193,2193,Manoj Rao,54,6,5,1,3
2194,2194,Ananya Pujari,18,2,1,5,1
2195,2195,Asha Shetty,73,3,2,4,3
2196,2196,Suresh Khan,31,6,3,4,1
2197,2197,Suresh Sharma,32,5,6,3,3
2198,2198,Sunil Patil,43,2,5,3,2
2199,2199,Priya Naik,55,6,5,2,1
2200,2200,Arun Gowda,36,3,3,3,1
2201,2201,Pooja Bhat,27,7,4,3,3
2202,2202,Ravi Patil,20,5,3,5,2
2203,2203,Lakshmi Gowda,74,8,4,5,1
2204,2204,Deepak Pujari,70,1,5,4,2
2205,2205,Rahul Sharma,64,1,3,3,1
2206,2206,Farhan Khan,21,4,3,5,1
2207,2207,Meera Hegde,45,2,2,1,1
2208,2208,Farhan Bhat,64,5,6,5,1
2209,2209,Suresh Rao,38,4,2,4,2
2210,2210,Manoj Naik,32,7,5,4,2
2211,2211,Priya Joshi,72,4,6,3,1
2212,2212,Farhan Naik,18,7,4,1,1
2213,2213,Divya Joshi,35,3,4,3,3
2214,2214,Shankar Reddy,33,3,3,2,3
2215,2215,Deepak Jain,39,5,6,5,2
2216,2216,Meera Reddy,40,4,6,5,2
2217,2217,Divya Kulkarni,75,8,3,4,3
2218,2218,Shreya Sharma,39,5,1,4,2
2219,2219,Anil Gowda,43,1,2,3,2
2220,2220,Shankar Rao,69,5,2,4,2
2221,2221,Ananya Jain,74,8,4,4,3
2222,2222,Meera Gowda,52,7,5,4,3
2223,2223,Anil Joshi,25,4,2,5,2
2224,2224,Prakash Desai,46,8,6,1,1
2225,2225,Lakshmi Hegde,47,4,4,3,2
2226,2226,Prakash Sharma,64,5,1,2,2
2227,2227,Rahul Shetty,42,4,5,3,3
2228,2228,Ananya Naik,71,4,2,3,2
2229,2229,Mahesh Bhat,69,6,6,1,1
2230,2230,Divya Naik,73,6,5,1,2
2231,2231,Naveen Kumar,20,6,1,2,3
2232,2232,Kiran Pujari,71,1,1,5,2
2233,2233,Neha Sharma,21,6,4,2,3
2234,2234,Meera Desai,50,4,2,2,2
2235,2235,Aishwarya Pujari,24,1,1,5,2
2236,2236,Ravi Nayak,38,2,5,3,2
2237,2237,Rahul Shetty,45,6,3,4,2
2238,2238,Kavya Sharma,67,1,4,1,1
2239,2239,Meera Patil,39,4,5,3,3
2240,2240,Meera Patil,31,8,5,3,1
2241,2241,Pooja Kulkarni,56,3,1,4,3
2242,2242,Deepak Sharma,49,5,6,4,2
2243,2243,Pooja Mulla,64,1,6,2,1
2244,2244,Ananya Gowda,23,2,5,5,3
2245,2245,Anil Reddy,18,5,4,1,2
2246,2246,Vijay Nayak,21,4,2,1,3
2247,2247,Farhan Kumar,23,1,2,4,1
2248,2248,Kiran Gowda,72,3,6,1,3
2249,2249,Kavya Bhat,43,2,5,5,1
2250,2250,Shankar Desai,20,6,2,3,3
2251,2251,Naveen Jain,37,2,4,3,2
2252,2252,Kavya Gowda,60,2,6,3,1
2253,2253,Rahul Sharma,42,1,1,4,3
2254,2254,Anil Kulkarni,50,5,4,2,2
2255,2255,Anil Desai,35,5,1,1,2
2256,2256,Kavya Desai,21,7,1,3,1
2257,2257,Divya Bhat,71,8,3,2,2
2258,2258,Mahesh Nayak,62,2,3,3,3
2259,2259,Ananya Gowda,28,7,6,1,1
2260,2260,Ravi Mulla,18,5,5,4,1
2261,2261,Rahul Desai,52,6,1,2,2
2262,2262,Meera Rao,43,1,5,3,2
2263,2263,Sunil Rao,50,1,2,4,1
2264,2264,Suresh Gowda,70,7,1,2,2
2265,2265,Pooja Kulkarni,49,2,5,3,2
2266,2266,Sneha Hegde,56,6,2,2,3
2267,2267,Prakash Rao,36,2,5,5,3
2268,2268,Arun Patil,39,8,5,1,3
2269,2269,Rahul Gowda,20,5,5,5,3
2270,2270,Imran Patil,70,4,2,3,1
2271,2271,Prakash Reddy,44,8,4,3,1
2272,2272,Sneha Rao,30,4,6,3,1
2273,2273,Kavya Naik,60,4,6,5,2
2274,2274,Vijay Kulkarni,51,8,1,5,1
2275,2275,Kiran Shetty,53,1,1,5,2
2276,2276,Arun Gowda,30,8,6,3,1
2277,2277,Kiran Kulkarni,58,7,1,4,2
2278,2278,Shreya Shetty,42,4,6,2,3
2279,2279,Meera Khan,50,1,3,5,1
2280,2280,Shankar Kulkarni,64,4,5,2,2
2281,2281,Arun Naik,42,6,3,2,3
2282,2282,Pooja Joshi,74,4,5,3,1
2283,2283,Imran Mulla,28,7,5,1,1
2284,2284,Asha Mulla,41,5,3,3,2
2285,2285,Shankar Bhat,24,7,3,1,2
2286,2286,Ananya Jain,73,4,5,5,1
2287,2287,Sneha Joshi,25,6,5,5,2
2288,2288,Anil Hegde,61,7,1,3,1
2289,2289,Shreya Mulla,69,1,6,3,1
2290,2290,Priya Mulla,53,2,6,1,1
2291,2291,Suresh Sharma,59,7,1,3,3
2292,2292,Ajay Naik,52,5,1,5,3
2293,2293,Kavya Jain,31,5,2,4,2
2294,2294,Anil Jain,38,4,2,5,2
2295,2295,Pooja Kulkarni,61,5,3,4,3
2296,2296,Rahul Reddy,26,4,1,5,2
2297,2297,Asha Reddy,63,6,2,4,3
2298,2298,Anil Rao,72,7,5,5,2
2299,2299,Sunil Kulkarni,68,7,2,3,2
2300,2300,Imran Khan,46,3,3,4,1
2301,2301,Shreya Bhat,40,6,5,4,1
2302,2302,Kavya Kumar,58,2,2,4,2
2303,2303,Divya Sharma,32,3,1,1,3
2304,2304,Neha Kulkarni,74,4,2,3,1
2305,2305,Neha Jain,54,2,6,5,1
2306,2306,Shankar Shetty,50,4,1,2,3
2307,2307,Nandini Kulkarni,29,8,1,3,3
2308,2308,Sneha Kumar,54,1,1,5,2
2309,2309,Pooja Bhat,58,4,2,5,1
2310,2310,Sneha Pujari,75,1,5,5,3
2311,2311,Ravi Bhat,71,4,5,5,1
2312,2312,Sneha Jain,73,6,2,2,3
2313,2313,Prakash Desai,68,1,4,2,2
2314,2314,Divya Joshi,43,7,5,5,2
2315,2315,Suresh Gowda,62,1,1,3,1
2316,2316,Arun Desai,45,8,6,2,3
2317,2317,Asha Naik,26,1,4,1,1
2318,2318,Ravi Shetty,19,3,3,2,3
2319,2319,Anil Mulla,57,8,1,4,2
2320,2320,Divya Sharma,60,2,2,5,3
2321,2321,Sneha Kumar,43,5,3,5,1
2322,2322,Ajay Khan,49,4,5,3,1
2323,2323,Prakash Jain,58,3,5,2,1
2324,2324,Kavya Jain,32,1,3,4,2
2325,2325,Sunil Shetty,42,6,2,5,3
2326,2326,Mahesh Kulkarni,33,6,5,2,3
2327,2327,Prakash Kulkarni,59,1,6,2,2
2328,2328,Meera Gowda,63,7,4,5,2
2329,2329,Ravi Kulkarni,74,7,5,2,2
2330,2330,Meera Nayak,44,3,5,1,3
2331,2331,Nandini Rao,64,8,3,1,3
2332,2332,Priya Gowda,49,2,1,1,2
2333,2333,Arun Jain,68,1,1,1,3
2334,2334,Shreya Sharma,20,5,1,2,1
2335,2335,Farhan Reddy,44,3,1,1,2
2336,2336,Vijay Desai,75,8,2,5,3
2337,2337,Neha Naik,50,5,6,5,2
2338,2338,Kavya Shetty,72,4,2,1,1
2339,2339,Prakash Patil,24,1,4,4,3
2340,2340,Ananya Kulkarni,66,1,4,1,2
2341,2341,Naveen Nayak,52,7,4,1,3
2342,2342,Ajay Nayak,45,1,5,3,3
2343,2343,Imran Jain,49,8,5,2,1
2344,2344,Naveen Joshi,35,4,4,1,2
2345,2345,Suresh Kulkarni,43,4,4,5,3
2346,2346,Ravi Patil,43,2,1,3,2
2347,2347,Manoj Naik,47,6,4,4,3
2348,2348,Deepak Kumar,21,6,3,2,2
2349,2349,Priya Desai,40,2,6,3,2
2350,2350,Imran Shetty,69,1,3,2,2
2351,2351,Shankar Kumar,43,1,6,5,2
2352,2352,Asha Joshi,46,4,3,1,2
2353,2353,Vijay Pujari,70,6,1,3,3
2354,2354,Ananya Gowda,60,8,2,5,2
2355,2355,Asha Kulkarni,50,2,4,5,2
2356,2356,Shreya Desai,71,7,2,2,2
2357,2357,Priya Joshi,40,8,1,2,3
2358,2358,Ajay Hegde,28,4,2,1,3
2359,2359,Ravi Joshi,25,4,5,4,3
2360,2360,Priya Bhat,30,5,5,5,2
2361,2361,Divya Kulkarni,49,2,1,4,1
2362,2362,Aishwarya Gowda,21,8,1,3,1
2363,2363,Priya Pujari,66,2,5,3,2
2364,2364,Sunil Desai,68,5,3,1,2
2365,2365,Lakshmi Khan,58,5,3,3,3
2366,2366,Lakshmi Bhat,39,5,1,2,2
2367,2367,Deepak Nayak,62,2,4,5,2
2368,2368,Neha Rao,45,7,3,1,2
2369,2369,Rahul Sharma,42,5,2,4,2
2370,2370,Divya Joshi,27,3,6,2,2
2371,2371,Vijay Reddy,39,4,4,2,2
2372,2372,Shreya Desai,26,1,1,4,1
2373,2373,Aishwarya Rao,71,6,6,4,3
2374,2374,Ravi Nayak,45,4,5,1,3
2375,2375,Ravi Nayak,60,1,6,3,3
2376,2376,Ananya Khan,66,3,1,5,1
2377,2377,Shreya Pujari,68,7,4,5,1
2378,2378,Kavya Bhat,56,1,1,4,2
2379,2379,Farhan Reddy,64,4,5,1,1
2380,2380,Neha Desai,18,2,1,3,3
2381,2381,Sneha Khan,59,3,4,5,2
2382,2382,Lakshmi Mulla,65,6,3,5,1
2383,2383,Aishwarya Mulla,67,1,2,5,2
2384,2384,Asha Naik,57,5,4,3,1
2385,2385,Sneha Desai,41,5,2,5,3
2386,2386,Naveen Kumar,69,7,1,3,3
2387,2387,Arun Gowda,67,2,3,2,3
2388,2388,Imran Hegde,24,6,3,5,1
2389,2389,Pooja Pujari,25,7,4,5,2
2390,2390,Prakash Shetty,59,2,5,3,2
2391,2391,Ananya Shetty,73,8,5,2,1
2392,2392,Shankar Bhat,46,1,3,5,3
2393,2393,Kavya Jain,20,6,6,1,1
2394,2394,Nandini Jain,45,6,5,3,1
2395,2395,Ravi Rao,73,1,1,2,1
2396,2396,Prakash Reddy,31,1,5,2,2
2397,2397,Rahul Bhat,28,7,1,4,2
2398,2398,Aishwarya Patil,22,1,2,2,1
2399,2399,Kavya Joshi,22,7,6,4,2
2400,2400,Suresh Joshi,67,2,4,4,3
2401,2401,Anil Pujari,49,1,2,2,2
2402,2402,Mahesh Nayak,50,1,6,1,1
2403,2403,Asha Shetty,29,2,3,3,1
2404,2404,Deepak Nayak,50,1,6,3,2
2405,2405,Mahesh Hegde,30,8,6,1,1
2406,2406,Neha Sharma,66,2,2,1,3
2407,2407,Farhan Bhat,64,4,2,1,1
2408,2408,Divya Naik,53,6,3,4,2
2409,2409,Meera Khan,38,1,6,5,1
2410,2410,Aishwarya Nayak,25,1,6,3,1
2411,2411,Ananya Hegde,71,7,6,4,3
2412,2412,Sneha Patil,37,4,4,3,1
2413,2413,Mahesh Mulla,23,8,1,3,2
2414,2414,Meera Sharma,38,2,2,2,1
2415,2415,Rahul Bhat,72,1,6,5,2
2416,2416,Anil Hegde,56,3,4,4,1
2417,2417,Priya Jain,52,4,6,1,2
2418,2418,Vijay Nayak,41,2,1,4,2
2419,2419,Anil Mulla,26,3,1,1,3
2420,2420,Lakshmi Desai,60,2,4,1,2
2421,2421,Sunil Reddy,33,2,1,1,3
2422,2422,Naveen Pujari,47,5,5,3,3
2423,2423,Ajay Kulkarni,34,4,6,3,3
2424,2424,Shreya Pujari,53,8,4,3,3
2425,2425,Ravi Joshi,48,1,6,3,3
2426,2426,Mahesh Pujari,70,6,3,5,3
2427,2427,Shankar Rao,67,5,3,5,3
2428,2428,Nandini Shetty,35,6,6,2,2
2429,2429,Neha Rao,27,5,2,5,1
2430,2430,Sneha Jain,22,7,3,1,2
2431,2431,Sneha Joshi,63,3,5,4,1
2432,2432,Kavya Sharma,37,6,2,5,1
2433,2433,Lakshmi Sharma,47,1,2,5,1
2434,2434,Priya Kulkarni,72,7,6,5,2
2435,2435,Aishwarya Sharma,26,6,1,5,3
2436,2436,Lakshmi Hegde,47,1,3,5,3
2437,2437,Ravi Hegde,29,4,3,4,1
2438,2438,Ravi Khan,20,1,5,4,1
2439,2439,Meera Desai,21,7,3,4,1
2440,2440,Anil Hegde,46,5,4,3,2
2441,2441,Suresh Joshi,53,3,4,4,3
2442,2442,Sunil Mulla,74,1,1,4,3
2443,2443,Manoj Jain,49,2,3,1,3
2444,2444,Ravi Khan,42,2,6,1,2
2445,2445,Priya Bhat,35,2,6,2,3
2446,2446,Asha Joshi,56,4,1,3,3
2447,2447,Shankar Sharma,52,4,1,4,3
2448,2448,Mahesh Gowda,72,5,3,4,2
2449,2449,Prakash Bhat,75,2,1,1,2
2450,2450,Kavya Shetty,61,2,5,5,1
2451,2451,Kavya Reddy,70,8,3,5,1
2452,2452,Priya Rao,29,8,6,5,2
2453,2453,Farhan Jain,41,6,1,5,1
2454,2454,Naveen Nayak,21,2,3,4,2
2455,2455,Ananya Bhat,64,7,1,1,2
2456,2456,Imran Desai,73,2,1,4,3
2457,2457,Sneha Joshi,71,3,3,2,2
2458,2458,Shankar Sharma,25,4,2,3,2
2459,2459,Ajay Gowda,24,4,3,2,2
2460,2460,Pooja Shetty,70,3,3,5,3
2461,2461,Suresh Pujari,39,3,6,1,2
2462,2462,Anil Sharma,56,3,4,2,3
2463,2463,Lakshmi Pujari,23,2,4,4,3
2464,2464,Shreya Reddy,50,5,1,3,2
2465,2465,Meera Rao,32,1,5,3,1
2466,2466,Shreya Jain,67,2,1,3,1
2467,2467,Arun Gowda,62,4,2,4,3
2468,2468,Rahul Rao,70,5,4,2,2
2469,2469,Sunil Jain,66,6,4,5,3
2470,2470,Mahesh Patil,26,7,6,3,3
2471,2471,Rahul Hegde,65,1,3,3,3
2472,2472,Suresh Pujari,70,4,4,5,2
2473,2473,Mahesh Patil,52,1,3,2,2
2474,2474,Mahesh Khan,51,5,5,1,3
2475,2475,Ananya Nayak,25,6,3,4,2
2476,2476,Priya Nayak,23,4,1,5,3
2477,2477,Asha Rao,22,7,6,4,3
2478,2478,Nandini Hegde,56,7,2,3,1
2479,2479,Ananya Desai,26,6,4,5,1
2480,2480,Meera Gowda,25,1,2,2,2
2481,2481,Mahesh Jain,57,7,1,4,2
2482,2482,Ravi Naik,40,1,3,5,2
2483,2483,Sneha Jain,63,4,3,3,1
2484,2484,Meera Patil,23,4,6,3,3
2485,2485,Sneha Sharma,46,4,1,3,2
2486,2486,Ravi Nayak,67,3,2,1,1
2487,2487,Aishwarya Shetty,73,2,2,5,3
2488,2488,Mahesh Khan,52,6,6,4,2
2489,2489,Farhan Shetty,61,5,4,4,1
2490,2490,Imran Gowda,44,7,5,5,3
2491,2491,Imran Kumar,27,3,5,5,1
2492,2492,Aishwarya Mulla,49,6,5,5,2
2493,2493,Sunil Naik,35,4,3,1,2
2494,2494,Divya Hegde,52,7,2,1,3
2495,2495,Shreya Shetty,61,4,6,5,3
2496,2496,Sneha Khan,62,2,5,2,3
2497,2497,Farhan Pujari,30,7,5,3,2
2498,2498,Aishwarya Rao,54,3,1,5,2
2499,2499,Priya Khan,35,6,3,4,2
2500,2500,Anil Reddy,53,4,1,3,2
