EmployeeID,DistrictID,UnitID,RankID,DesignationID,KGID,FirstName,EmployeeDOB,GenderID,BloodGroupID,PhysicallyChallenged,AppointmentDate
5001,6,1052,2,2,KGID5001,Imran,1993-08-15,1,5,0,1999-12-20
5002,4,1033,3,1,KGID5002,Sunil,1987-08-01,1,2,0,1995-12-15
5003,8,1077,1,1,KGID5003,Aishwarya,1972-03-29,1,2,0,1997-07-05
5004,20,1195,5,1,KGID5004,Divya,1972-07-13,1,4,0,2002-12-23
5005,22,1220,1,3,KGID5005,Deepak,1991-10-19,2,6,0,2015-03-25
5006,3,1028,1,2,KGID5006,Divya,1979-06-16,1,7,0,1992-02-03
5007,3,1022,1,3,KGID5007,Neha,1965-03-28,2,8,0,1999-12-05
5008,26,1255,2,2,KGID5008,Vijay,1994-05-09,2,2,0,2010-05-19
5009,7,1063,4,2,KGID5009,Arun,1987-07-26,1,6,0,1994-04-27
5010,23,1222,3,2,KGID5010,Prakash,1986-01-31,2,3,0,2001-05-07
5011,22,1218,3,2,KGID5011,Aishwarya,1976-04-20,1,4,0,1994-11-13
5012,20,1193,5,2,KGID5012,Naveen,1969-12-19,2,5,0,2018-12-15
5013,8,1071,4,2,KGID5013,Farhan,1985-10-11,1,6,0,2016-05-13
5014,11,1106,2,2,KGID5014,Ravi,1969-06-12,2,4,0,2002-06-15
5015,26,1258,3,4,KGID5015,Anil,1968-06-20,1,7,0,2004-04-13
5016,21,1209,1,4,KGID5016,Vijay,1997-12-16,1,1,0,2012-11-16
5017,21,1206,1,4,KGID5017,Ravi,1967-05-03,2,2,0,1992-08-10
5018,13,1129,4,4,KGID5018,Naveen,1968-11-16,1,5,0,1999-09-26
5019,2,1015,1,3,KGID5019,Neha,1993-08-02,1,5,0,2007-12-23
5020,4,1040,4,2,KGID5020,Shreya,1980-11-10,1,5,0,2006-03-13
5021,6,1058,1,2,KGID5021,Farhan,1985-11-07,1,5,0,2000-12-21
5022,24,1240,3,2,KGID5022,Asha,1988-09-22,2,5,0,1993-06-02
5023,21,1201,3,3,KGID5023,Vijay,1991-09-25,1,3,0,2006-03-31
5024,7,1067,3,2,KGID5024,Aishwarya,1989-04-12,2,2,0,2015-03-02
5025,30,1298,3,2,KGID5025,Sneha,1996-09-18,1,5,0,2019-07-13
5026,3,1026,2,2,KGID5026,Sunil,1968-10-25,1,8,0,1992-08-20
5027,1,1002,3,4,KGID5027,Anil,1978-04-23,1,8,0,2006-08-22
5028,31,1308,3,3,KGID5028,Prakash,1966-03-10,1,2,0,1997-04-10
5029,25,1246,2,2,KGID5029,Kiran,1980-05-25,1,5,0,1993-11-13
5030,2,1020,2,2,KGID5030,Ajay,1993-07-13,1,2,0,2002-12-14
5031,14,1134,1,2,KGID5031,Suresh,1991-12-25,2,5,0,2000-12-15
5032,3,1024,5,2,KGID5032,Kavya,1973-08-16,1,5,0,1995-02-04
5033,12,1120,2,4,KGID5033,Pooja,1993-03-16,1,6,0,1990-12-29
5034,6,1055,2,2,KGID5034,Kiran,1968-12-25,2,1,0,2002-11-21
5035,12,1118,2,2,KGID5035,Rahul,1999-06-17,1,7,0,1999-01-08
5036,7,1069,1,4,KGID5036,Sneha,1973-07-11,2,8,0,1994-11-10
5037,6,1060,4,1,KGID5037,Lakshmi,1968-01-25,1,1,0,2008-08-30
5038,10,1094,4,3,KGID5038,Farhan,1972-03-29,2,4,0,2015-08-28
5039,26,1253,1,2,KGID5039,Asha,1973-12-26,1,5,0,2011-01-14
5040,24,1240,2,2,KGID5040,Meera,1972-12-31,2,5,0,1999-07-23
5041,3,1030,2,3,KGID5041,Shreya,1980-01-21,1,6,0,1998-04-16
5042,13,1124,1,2,KGID5042,Arun,1988-03-08,1,5,0,1991-11-21
5043,25,1243,3,3,KGID5043,Shankar,1993-03-27,1,5,0,1994-08-20
5044,15,1141,2,3,KGID5044,Sneha,1984-07-31,1,1,0,2017-11-12
5045,27,1262,4,3,KGID5045,Anil,1990-03-03,2,8,0,2008-02-14
5046,7,1062,1,2,KGID5046,Pooja,1986-04-14,1,3,0,2009-06-08
5047,31,1304,3,2,KGID5047,Vijay,1967-04-11,1,6,0,2007-06-25
5048,14,1131,1,3,KGID5048,Imran,1977-08-21,1,5,0,2018-03-06
5049,8,1074,3,2,KGID5049,Shreya,1987-02-16,1,8,0,2018-11-24
5050,25,1242,4,2,KGID5050,Imran,1991-06-15,2,7,0,2003-10-29
5051,22,1217,5,4,KGID5051,Divya,1986-03-02,1,4,0,2016-01-20
5052,23,1221,1,2,KGID5052,Vijay,1997-04-18,1,1,0,2007-03-19
5053,11,1107,1,2,KGID5053,Anil,1983-01-11,1,6,0,2006-06-14
5054,22,1219,2,4,KGID5054,Suresh,1977-01-26,2,2,0,2012-05-01
5055,29,1281,5,2,KGID5055,Aishwarya,1995-10-05,1,8,0,2010-02-24
5056,4,1040,2,3,KGID5056,Ananya,1990-12-16,1,4,0,2016-05-19
5057,18,1179,3,2,KGID5057,Anil,1996-04-04,1,3,0,1995-03-28
5058,2,1012,3,2,KGID5058,Ajay,1972-09-21,2,3,0,1999-08-07
5059,29,1290,4,2,KGID5059,Imran,1965-11-28,1,8,0,1997-11-10
5060,23,1226,4,3,KGID5060,Sneha,1993-07-28,1,5,0,2013-03-25
5061,6,1054,2,2,KGID5061,Vijay,1988-11-12,1,3,0,1997-04-15
5062,16,1153,3,2,KGID5062,Divya,1995-06-22,1,5,0,2012-05-27
5063,25,1248,3,2,KGID5063,Priya,1968-04-20,1,7,0,2014-04-01
5064,21,1207,3,2,KGID5064,Sunil,1993-10-14,1,8,0,2013-05-30
5065,16,1151,2,2,KGID5065,Rahul,1973-06-15,1,3,0,1992-05-20
5066,30,1292,4,2,KGID5066,Sunil,1991-04-04,1,1,0,1991-03-12
5067,11,1110,1,2,KGID5067,Shankar,1976-06-15,2,4,0,1994-07-08
5068,31,1301,2,2,KGID5068,Lakshmi,1999-10-23,2,2,0,2010-12-02
5069,10,1094,2,2,KGID5069,Rahul,1980-05-27,1,8,0,2007-11-07
5070,24,1238,5,2,KGID5070,Ajay,1971-02-20,2,4,0,1991-11-07
5071,3,1030,2,2,KGID5071,Shreya,1994-07-17,1,3,0,1996-12-19
5072,24,1238,4,2,KGID5072,Prakash,1998-10-17,1,1,0,2001-04-08
5073,8,1072,1,2,KGID5073,Suresh,1981-12-23,1,7,0,2005-11-24
5074,25,1241,1,1,KGID5074,Divya,1968-08-27,1,5,0,2003-08-09
5075,12,1112,1,2,KGID5075,Shreya,1986-04-01,2,4,0,2001-11-11
5076,11,1105,4,2,KGID5076,Shankar,1993-03-11,1,7,0,2001-07-10
5077,5,1041,2,3,KGID5077,Meera,1984-03-11,1,1,0,1993-10-14
5078,22,1211,3,2,KGID5078,Ananya,1987-08-26,1,1,0,2006-09-24
5079,14,1140,4,4,KGID5079,Ajay,1965-03-16,1,3,0,2003-06-15
5080,25,1245,3,2,KGID5080,Imran,1976-08-17,1,3,0,2001-09-03
5081,21,1210,1,1,KGID5081,Lakshmi,1971-10-18,1,8,0,1994-04-28
5082,12,1111,3,1,KGID5082,Neha,1982-01-02,1,5,0,2003-08-04
5083,12,1113,2,4,KGID5083,Rahul,1984-04-15,1,6,0,2016-11-01
5084,20,1199,3,4,KGID5084,Shankar,1985-08-02,2,2,0,2009-02-28
5085,31,1303,4,4,KGID5085,Deepak,1993-12-09,1,3,0,2001-12-30
5086,28,1271,3,4,KGID5086,Pooja,1973-11-21,2,2,0,2005-07-12
5087,13,1123,2,2,KGID5087,Deepak,1999-03-31,2,5,0,2005-11-27
5088,18,1180,3,3,KGID5088,Asha,1989-10-30,1,6,0,1995-11-29
5089,30,1299,3,2,KGID5089,Pooja,1990-01-19,1,5,0,2018-01-11
5090,22,1217,5,2,KGID5090,Anil,1997-02-09,2,5,0,2019-01-08
5091,1,1001,2,2,KGID5091,Ravi,1965-06-06,1,7,0,2011-09-30
5092,18,1172,2,3,KGID5092,Shreya,1982-02-19,1,4,0,2005-05-20
5093,3,1026,3,2,KGID5093,Ananya,1984-01-07,2,8,0,1999-05-10
5094,5,1041,2,2,KGID5094,Manoj,1990-03-11,1,5,0,2011-02-16
5095,20,1199,6,3,KGID5095,Vijay,1967-01-08,1,1,0,2005-08-04
5096,16,1154,2,3,KGID5096,Kavya,1997-02-01,1,5,0,2003-03-19
5097,4,1038,1,2,KGID5097,Sneha,1992-08-30,1,5,0,2013-11-24
5098,10,1091,2,2,KGID5098,Lakshmi,1969-06-01,1,2,0,1991-04-30
5099,26,1256,1,2,KGID5099,Asha,1999-04-29,1,4,0,1992-11-29
5100,8,1078,2,1,KGID5100,Lakshmi,1982-04-21,1,4,0,2018-01-20
5101,9,1090,3,2,KGID5101,Manoj,1991-09-06,2,2,0,1995-01-10
5102,20,1200,2,3,KGID5102,Shankar,1983-06-14,1,8,0,1998-02-01
5103,22,1218,1,1,KGID5103,Deepak,1996-08-02,1,8,0,2005-10-23
5104,8,1074,2,2,KGID5104,Prakash,1969-11-12,1,6,0,2009-09-04
5105,31,1301,3,2,KGID5105,Neha,1980-08-27,1,5,0,2016-05-14
5106,31,1301,4,2,KGID5106,Shankar,1982-11-11,1,2,0,1997-06-16
5107,1,1004,4,3,KGID5107,Kavya,1990-03-12,1,1,0,2000-06-26
5108,4,1033,1,4,KGID5108,Neha,1996-02-17,1,1,0,2008-06-13
5109,28,1275,2,3,KGID5109,Pooja,1982-11-01,1,6,0,2013-04-01
5110,4,1033,4,1,KGID5110,Arun,1972-02-13,1,4,0,2005-10-05
5111,8,1079,3,2,KGID5111,Mahesh,1966-04-25,1,1,0,2014-07-22
5112,29,1287,3,1,KGID5112,Naveen,1966-07-30,2,5,0,2004-09-25
5113,11,1105,2,2,KGID5113,Naveen,1998-03-05,1,2,0,1998-09-10
5114,12,1116,1,4,KGID5114,Vijay,1981-01-17,1,6,0,2000-11-05
5115,8,1077,1,2,KGID5115,Nandini,1968-02-21,1,1,0,1998-01-05
5116,6,1051,3,2,KGID5116,Mahesh,1983-09-09,1,5,0,2013-06-24
5117,28,1271,2,2,KGID5117,Farhan,1974-09-11,1,7,0,2002-03-22
5118,23,1229,4,4,KGID5118,Shankar,1985-09-11,2,8,0,2007-10-19
5119,17,1161,3,3,KGID5119,Ravi,1980-09-11,1,7,0,2013-08-15
5120,30,1294,1,1,KGID5120,Pooja,1978-05-26,2,4,0,1998-01-28
5121,12,1120,4,2,KGID5121,Nandini,1967-10-29,1,8,0,2000-03-09
5122,25,1247,2,2,KGID5122,Shankar,1979-02-09,1,6,0,2017-01-11
5123,10,1096,2,3,KGID5123,Prakash,1969-09-17,2,6,0,1999-04-18
5124,22,1211,5,2,KGID5124,Divya,1993-02-11,2,2,0,1991-03-17
5125,5,1050,2,2,KGID5125,Manoj,1996-05-26,1,6,0,1993-04-26
5126,17,1169,1,4,KGID5126,Mahesh,1985-09-05,1,1,0,2015-09-05
5127,3,1023,2,2,KGID5127,Sunil,1966-04-22,2,3,0,1994-10-29
5128,21,1205,1,2,KGID5128,Naveen,1992-07-03,2,5,0,2010-03-28
5129,6,1057,2,3,KGID5129,Meera,1988-11-15,1,2,0,2007-02-04
5130,7,1070,6,3,KGID5130,Suresh,1998-06-10,1,2,0,2002-10-27
5131,17,1164,2,1,KGID5131,Ajay,1989-02-03,1,7,0,2019-07-26
5132,25,1241,3,3,KGID5132,Kavya,1998-03-15,2,8,0,1990-10-18
5133,17,1168,2,3,KGID5133,Meera,1969-06-25,1,1,0,1991-08-27
5134,12,1116,2,2,KGID5134,Lakshmi,1971-11-17,1,1,0,1990-11-12
5135,24,1231,2,2,KGID5135,Vijay,1982-06-25,1,7,0,1995-07-03
5136,27,1270,3,3,KGID5136,Arun,1993-07-03,1,3,0,2017-12-08
5137,15,1141,2,1,KGID5137,Shankar,1990-08-12,1,8,0,2015-05-01
5138,30,1292,1,2,KGID5138,Ananya,1969-03-13,1,7,0,2009-06-08
5139,19,1185,3,3,KGID5139,Kiran,1982-04-25,1,3,0,2014-11-12
5140,28,1271,2,2,KGID5140,Pooja,1966-02-13,2,2,0,2005-07-29
5141,11,1104,1,4,KGID5141,Ravi,1989-01-12,2,1,0,1996-10-13
5142,13,1123,6,2,KGID5142,Manoj,1982-04-23,2,1,0,2003-09-26
5143,17,1167,3,1,KGID5143,Aishwarya,1965-05-23,2,1,0,2016-07-11
5144,30,1296,3,1,KGID5144,Imran,1975-09-05,1,4,0,2012-02-10
5145,21,1201,5,2,KGID5145,Priya,1975-01-31,1,8,0,2003-11-21
5146,27,1264,4,4,KGID5146,Kiran,1984-01-21,1,1,0,2014-01-03
5147,23,1221,4,1,KGID5147,Sneha,1992-04-16,1,4,0,2008-11-13
5148,31,1310,2,1,KGID5148,Ananya,1969-12-02,2,4,0,1993-02-14
5149,9,1083,1,2,KGID5149,Suresh,1981-12-09,1,4,0,2006-05-03
5150,28,1271,1,3,KGID5150,Prakash,1969-08-30,1,4,0,1993-04-09
5151,7,1062,3,2,KGID5151,Vijay,1965-12-30,2,4,0,1995-12-10
5152,6,1052,3,4,KGID5152,Imran,1982-04-21,1,2,0,2001-02-26
5153,13,1122,3,2,KGID5153,Vijay,1973-06-25,1,4,0,2010-11-05
5154,8,1075,3,4,KGID5154,Kavya,1998-07-03,1,2,0,2013-10-10
5155,18,1180,2,2,KGID5155,Asha,1996-04-09,1,8,0,2017-01-13
5156,20,1196,3,2,KGID5156,Rahul,1966-09-12,2,8,0,2009-08-18
5157,12,1111,4,2,KGID5157,Prakash,1989-04-08,1,5,0,2018-02-17
5158,23,1227,3,2,KGID5158,Vijay,1966-04-24,1,3,0,2004-12-20
5159,15,1150,3,2,KGID5159,Kiran,1973-04-15,1,6,0,2002-11-02
5160,15,1147,1,3,KGID5160,Mahesh,1979-02-09,1,1,0,2015-08-20
5161,23,1229,1,1,KGID5161,Suresh,1972-05-04,2,7,0,2018-11-07
5162,25,1249,5,3,KGID5162,Nandini,1997-02-17,1,1,0,2018-07-19
5163,11,1110,4,2,KGID5163,Ajay,1981-08-25,1,2,0,2012-03-19
5164,6,1060,4,3,KGID5164,Ajay,1975-10-24,2,4,0,2001-04-04
5165,25,1247,5,2,KGID5165,Nandini,1977-01-06,1,4,0,1997-02-09
5166,16,1159,3,2,KGID5166,Farhan,1994-06-30,1,6,0,2000-06-20
5167,4,1032,3,2,KGID5167,Sunil,1975-06-28,2,2,0,2013-12-21
5168,20,1193,2,1,KGID5168,Rahul,1989-12-23,1,3,0,2017-01-15
5169,26,1251,3,2,KGID5169,Sneha,1972-03-17,2,8,0,2016-02-12
5170,25,1245,3,4,KGID5170,Mahesh,1986-03-17,1,6,0,1991-04-18
5171,10,1097,3,2,KGID5171,Mahesh,1983-07-01,2,5,0,2010-11-30
5172,23,1222,3,1,KGID5172,Shankar,1966-12-27,2,8,0,2018-06-24
5173,4,1040,1,2,KGID5173,Sneha,1977-04-22,1,7,0,1994-02-27
5174,7,1068,2,2,KGID5174,Kiran,1977-04-01,1,6,0,1998-05-08
5175,1,1005,2,2,KGID5175,Arun,1994-04-11,2,1,0,1991-12-06
5176,10,1094,3,2,KGID5176,Ravi,1967-04-14,2,3,0,2000-08-11
5177,1,1002,5,2,KGID5177,Shreya,1992-12-30,1,5,0,1998-01-05
5178,16,1155,1,2,KGID5178,Sneha,1977-09-14,1,4,0,2012-08-29
5179,31,1301,1,1,KGID5179,Shreya,1997-10-03,1,8,0,2000-08-01
5180,30,1295,2,2,KGID5180,Nandini,1966-04-05,1,6,0,2001-08-17
5181,23,1222,2,2,KGID5181,Mahesh,1973-07-12,2,7,0,2017-06-03
5182,13,1121,3,1,KGID5182,Nandini,1974-07-21,1,1,0,1998-07-02
5183,23,1223,4,2,KGID5183,Shankar,1982-03-23,1,6,0,2010-05-26
5184,20,1192,3,3,KGID5184,Neha,1991-06-01,2,8,0,1997-08-11
5185,9,1083,3,4,KGID5185,Priya,1988-01-18,2,8,0,1999-03-12
5186,5,1047,3,2,KGID5186,Shreya,1992-11-01,1,6,0,2004-04-07
5187,19,1190,1,2,KGID5187,Meera,1975-02-06,1,3,0,2010-12-15
5188,31,1302,4,3,KGID5188,Kiran,1972-01-27,1,2,0,2003-11-18
5189,16,1151,4,4,KGID5189,Priya,1991-02-05,1,4,0,2008-03-03
5190,31,1304,3,3,KGID5190,Pooja,1994-05-09,1,2,0,1991-05-09
5191,17,1163,3,4,KGID5191,Nandini,1986-11-20,1,5,0,2018-05-06
5192,3,1022,2,2,KGID5192,Deepak,1973-02-22,2,2,0,1998-09-01
5193,17,1163,5,2,KGID5193,Deepak,1981-12-20,1,2,0,2003-05-16
5194,22,1220,2,4,KGID5194,Naveen,1999-11-18,2,6,0,1995-08-28
5195,10,1091,3,1,KGID5195,Rahul,1985-07-31,1,6,0,2009-02-08
5196,28,1276,3,1,KGID5196,Naveen,1985-07-24,1,2,0,1994-12-31
5197,23,1230,3,2,KGID5197,Sunil,1971-04-18,1,5,0,1991-09-26
5198,13,1121,2,4,KGID5198,Rahul,1983-02-05,1,4,0,1996-03-07
5199,2,1017,3,2,KGID5199,Prakash,1997-10-19,2,6,0,2005-06-23
5200,6,1060,3,4,KGID5200,Divya,1975-01-28,1,1,0,2006-09-20
5201,21,1204,1,2,KGID5201,Kavya,1992-11-17,1,8,0,2000-01-26
5202,14,1136,1,3,KGID5202,Farhan,1985-06-04,1,2,0,1999-06-05
5203,12,1117,2,2,KGID5203,Asha,1994-02-16,2,4,0,1995-10-03
5204,22,1212,2,2,KGID5204,Ajay,1995-02-13,1,6,0,2018-10-26
5205,14,1133,3,2,KGID5205,Arun,1977-07-21,1,3,0,2014-10-26
5206,31,1308,4,3,KGID5206,Sneha,1969-09-14,1,3,0,2018-11-12
5207,21,1207,1,3,KGID5207,Imran,1983-10-20,1,7,0,2006-04-27
5208,19,1187,6,2,KGID5208,Pooja,1977-02-24,1,2,0,2018-02-13
5209,18,1174,2,4,KGID5209,Neha,1986-09-23,1,4,0,1992-02-26
5210,27,1263,1,2,KGID5210,Imran,1968-09-10,1,5,0,1997-10-14
5211,11,1102,3,2,KGID5211,Asha,1989-06-07,1,3,0,1993-06-27
5212,24,1231,3,2,KGID5212,Arun,1975-08-08,2,7,0,2016-06-21
5213,15,1145,1,2,KGID5213,Sunil,1998-04-05,1,6,0,2006-03-17
5214,7,1069,3,1,KGID5214,Vijay,1993-03-03,2,6,0,1991-05-19
5215,19,1186,2,2,KGID5215,Mahesh,1969-02-08,1,2,0,1991-01-16
5216,1,1002,4,2,KGID5216,Shankar,1970-08-17,2,3,0,2014-07-22
5217,31,1301,3,1,KGID5217,Vijay,1988-11-09,2,8,0,1995-10-19
5218,17,1165,1,2,KGID5218,Priya,1981-08-09,1,1,0,2015-09-12
5219,18,1173,4,1,KGID5219,Asha,1984-07-07,2,6,0,2013-04-20
5220,15,1146,2,2,KGID5220,Aishwarya,1969-01-13,1,2,0,1996-10-01
5221,13,1130,5,4,KGID5221,Arun,1983-08-08,1,6,0,1996-07-16
5222,8,1075,3,2,KGID5222,Meera,1984-01-31,1,4,0,1991-04-15
5223,21,1203,1,1,KGID5223,Divya,1984-09-05,2,8,0,2014-02-14
5224,16,1151,1,2,KGID5224,Asha,1965-04-19,1,4,0,2009-07-16
5225,22,1220,6,2,KGID5225,Sunil,1971-12-30,1,1,0,1993-06-21
5226,17,1161,4,2,KGID5226,Mahesh,1985-04-15,2,8,0,2002-07-26
5227,28,1276,3,2,KGID5227,Suresh,1988-07-16,1,7,0,2002-12-29
5228,15,1141,2,2,KGID5228,Pooja,1995-11-26,1,5,0,1996-06-02
5229,25,1248,1,4,KGID5229,Meera,1992-01-02,1,4,0,2007-11-27
5230,8,1072,3,2,KGID5230,Kavya,1990-02-23,2,1,0,1998-03-06
5231,27,1265,1,2,KGID5231,Ravi,1996-09-24,1,7,0,2018-07-20
5232,31,1304,3,3,KGID5232,Arun,1989-10-24,1,6,0,1998-01-01
5233,8,1074,4,2,KGID5233,Rahul,1985-08-23,2,7,0,1996-05-07
5234,15,1145,5,1,KGID5234,Asha,1971-09-30,1,2,0,2018-03-11
5235,15,1143,3,2,KGID5235,Rahul,1993-06-22,1,6,0,2009-07-14
5236,29,1288,1,3,KGID5236,Sunil,1970-12-07,1,5,0,2009-07-09
5237,21,1205,1,2,KGID5237,Ajay,1979-04-27,1,1,0,2009-11-19
5238,7,1061,4,2,KGID5238,Neha,1980-10-09,1,6,0,2003-12-06
5239,29,1285,4,2,KGID5239,Kavya,1965-12-08,1,7,0,2013-04-15
5240,23,1224,3,1,KGID5240,Naveen,1975-12-26,1,3,0,2008-04-17
5241,14,1139,1,1,KGID5241,Arun,1994-07-03,1,6,0,2019-12-02
5242,1,1010,2,1,KGID5242,Nandini,1990-09-08,1,8,0,1993-01-02
5243,16,1151,3,1,KGID5243,Lakshmi,1994-02-26,1,8,0,2008-02-22
5244,23,1228,3,2,KGID5244,Naveen,1975-08-25,1,2,0,2007-05-27
5245,13,1124,3,2,KGID5245,Ajay,1988-04-18,1,7,0,2004-10-26
5246,8,1076,4,2,KGID5246,Kavya,1986-08-23,1,1,0,2004-02-18
5247,20,1196,4,2,KGID5247,Rahul,1997-12-31,1,2,0,1996-05-23
5248,4,1033,3,2,KGID5248,Manoj,1992-01-29,1,4,0,2003-08-13
5249,28,1273,4,3,KGID5249,Anil,1976-02-14,1,1,0,2014-05-06
5250,9,1084,3,4,KGID5250,Rahul,1966-03-27,2,6,0,1994-07-04
5251,18,1175,3,2,KGID5251,Prakash,1970-03-04,1,1,0,2016-06-13
5252,30,1294,2,1,KGID5252,Neha,1971-10-28,1,3,0,2011-07-07
5253,9,1085,1,2,KGID5253,Naveen,1975-10-18,2,8,0,1995-09-18
5254,11,1109,3,2,KGID5254,Ravi,1976-11-06,1,5,0,2005-12-10
5255,1,1008,4,2,KGID5255,Ananya,1998-01-08,1,8,0,2017-03-22
5256,31,1307,3,2,KGID5256,Ananya,1998-12-14,1,7,0,2001-09-18
5257,27,1267,4,2,KGID5257,Naveen,1970-05-17,2,1,0,1990-04-21
5258,15,1146,4,2,KGID5258,Ananya,1977-09-15,1,4,0,1994-06-23
5259,5,1043,3,3,KGID5259,Rahul,1983-05-17,2,6,0,2012-08-17
5260,19,1190,4,2,KGID5260,Ajay,1988-04-26,1,6,0,2010-12-24
5261,26,1253,3,3,KGID5261,Farhan,1981-07-25,1,1,0,1991-10-12
5262,6,1058,1,3,KGID5262,Deepak,1979-01-13,1,4,0,1992-06-02
5263,1,1004,3,2,KGID5263,Anil,1974-10-21,1,7,0,2007-09-18
5264,29,1290,3,2,KGID5264,Prakash,1983-02-17,2,6,0,1993-11-14
5265,14,1132,2,3,KGID5265,Priya,1967-02-14,1,7,0,1997-09-10
5266,2,1020,2,2,KGID5266,Manoj,1971-02-16,1,6,0,2005-04-23
5267,24,1238,4,2,KGID5267,Meera,1976-05-19,1,1,0,2012-06-16
5268,8,1074,1,2,KGID5268,Vijay,1991-08-08,1,6,0,2013-04-16
5269,10,1098,4,2,KGID5269,Ajay,1999-05-26,2,1,0,2004-01-29
5270,12,1111,3,4,KGID5270,Ravi,1997-09-05,2,2,0,1994-06-08
5271,16,1155,2,2,KGID5271,Divya,1981-10-19,1,1,0,1993-04-04
5272,11,1107,2,1,KGID5272,Farhan,1993-03-30,1,1,0,1997-12-07
5273,4,1040,2,2,KGID5273,Suresh,1976-03-15,2,8,0,1991-07-09
5274,1,1008,2,1,KGID5274,Divya,1989-11-25,1,2,0,2018-07-12
5275,2,1014,1,2,KGID5275,Manoj,1988-12-27,2,7,0,2002-10-30
5276,22,1220,1,2,KGID5276,Shankar,1991-07-28,1,8,0,1991-08-29
5277,28,1272,4,2,KGID5277,Imran,1989-03-25,1,1,0,1998-06-02
5278,6,1058,1,4,KGID5278,Nandini,1975-03-26,2,8,0,2003-07-02
5279,29,1282,5,3,KGID5279,Nandini,1984-11-08,2,8,0,1999-09-14
5280,25,1249,2,2,KGID5280,Aishwarya,1980-06-17,1,7,0,1990-09-29
5281,9,1087,4,2,KGID5281,Pooja,1983-09-30,1,8,0,2018-11-27
5282,21,1209,2,2,KGID5282,Kavya,1982-05-21,1,5,0,2019-08-09
5283,9,1085,4,2,KGID5283,Neha,1988-12-27,2,4,0,2007-04-01
5284,12,1116,3,2,KGID5284,Rahul,1997-11-07,2,2,0,2018-12-26
5285,17,1170,3,2,KGID5285,Aishwarya,1996-09-20,1,5,0,1994-05-22
5286,29,1290,3,2,KGID5286,Nandini,1970-03-31,1,1,0,2007-01-11
5287,23,1227,3,4,KGID5287,Anil,1987-07-17,1,8,0,2003-08-21
5288,26,1254,5,2,KGID5288,Nandini,1978-07-13,1,6,0,2011-09-25
5289,27,1261,1,3,KGID5289,Shreya,1987-09-06,2,4,0,1999-07-01
5290,11,1102,3,4,KGID5290,Pooja,1982-11-24,1,1,0,2017-03-24
5291,22,1212,1,2,KGID5291,Rahul,1981-01-27,1,4,0,1991-02-26
5292,9,1087,2,2,KGID5292,Arun,1979-03-27,1,8,0,1994-12-18
5293,4,1040,1,3,KGID5293,Shreya,1969-08-25,1,2,0,2017-03-19
5294,2,1011,3,2,KGID5294,Rahul,1987-01-03,1,6,0,1991-12-28
5295,9,1084,1,2,KGID5295,Shreya,1978-07-04,1,1,0,2019-01-03
5296,2,1017,3,3,KGID5296,Vijay,1995-04-17,1,5,0,2010-03-24
5297,7,1061,1,3,KGID5297,Manoj,1983-08-12,2,3,0,2012-10-20
5298,21,1207,2,2,KGID5298,Anil,1981-11-05,2,5,0,2018-08-25
5299,3,1027,3,2,KGID5299,Manoj,1978-04-02,1,1,0,2002-06-01
5300,5,1042,3,2,KGID5300,Kavya,1971-09-15,1,3,0,1996-03-25
5301,19,1182,4,2,KGID5301,Farhan,1986-06-19,1,8,0,2004-05-12
5302,7,1070,2,1,KGID5302,Neha,1993-05-16,1,5,0,2004-08-22
5303,5,1050,2,1,KGID5303,Anil,1991-02-25,1,8,0,2003-09-08
5304,29,1289,1,4,KGID5304,Ajay,1989-04-14,2,2,0,1999-01-12
5305,28,1280,2,2,KGID5305,Imran,1990-09-18,1,5,0,1992-03-06
5306,17,1163,1,1,KGID5306,Imran,1995-03-09,1,6,0,2007-05-05
5307,28,1271,3,4,KGID5307,Meera,1987-12-22,2,1,0,2012-01-18
5308,2,1013,4,4,KGID5308,Farhan,1965-05-14,1,5,0,2017-09-24
5309,28,1280,1,2,KGID5309,Imran,1990-10-11,1,6,0,2004-10-19
5310,9,1081,1,4,KGID5310,Sunil,1991-01-22,1,4,0,2014-10-14
5311,5,1041,2,2,KGID5311,Ravi,1966-10-02,1,4,0,2019-03-22
5312,23,1229,2,4,KGID5312,Ajay,1997-09-21,1,5,0,2019-03-26
5313,19,1187,3,2,KGID5313,Shreya,1968-03-01,1,6,0,1993-01-22
5314,16,1152,2,2,KGID5314,Priya,1998-02-01,1,6,0,2013-12-01
5315,3,1027,3,2,KGID5315,Shankar,1969-02-22,2,2,0,2012-06-11
5316,14,1136,1,4,KGID5316,Kavya,1973-06-28,1,4,0,1995-10-31
5317,21,1210,1,2,KGID5317,Farhan,1992-08-31,1,3,0,1996-02-14
5318,21,1204,2,3,KGID5318,Ajay,1967-01-04,1,4,0,2019-05-06
5319,25,1245,4,2,KGID5319,Imran,1999-01-17,1,6,0,2010-02-12
5320,31,1305,4,2,KGID5320,Asha,1994-05-24,2,4,0,2013-04-21
5321,29,1282,5,2,KGID5321,Meera,1977-10-11,1,5,0,2014-01-31
5322,7,1063,1,2,KGID5322,Pooja,1984-04-06,1,4,0,2005-08-18
5323,11,1107,5,2,KGID5323,Meera,1985-02-09,1,3,0,2019-08-27
5324,4,1037,1,3,KGID5324,Suresh,1991-07-10,1,6,0,1996-02-13
5325,20,1200,4,2,KGID5325,Neha,1990-09-24,1,7,0,2003-01-31
5326,24,1237,2,2,KGID5326,Farhan,1974-01-20,1,7,0,2018-07-23
5327,10,1093,1,2,KGID5327,Nandini,1978-08-06,1,6,0,1992-03-04
5328,24,1234,2,4,KGID5328,Aishwarya,1967-07-03,1,7,0,2010-04-24
5329,24,1235,3,2,KGID5329,Anil,1967-08-10,1,3,0,1993-11-13
5330,26,1252,3,2,KGID5330,Prakash,1994-09-04,2,8,0,2007-07-21
5331,20,1192,3,4,KGID5331,Ravi,1967-11-12,1,4,0,2003-10-08
5332,17,1165,2,2,KGID5332,Ajay,1967-03-07,1,2,0,2000-07-29
5333,16,1159,2,3,KGID5333,Anil,1981-11-04,1,6,0,1996-01-12
5334,11,1105,4,3,KGID5334,Ajay,1966-07-13,1,5,0,2012-11-21
5335,12,1111,4,2,KGID5335,Shankar,1997-04-06,1,4,0,1990-04-11
5336,3,1029,3,1,KGID5336,Ajay,1976-09-24,1,6,0,2003-01-19
5337,14,1136,2,4,KGID5337,Pooja,1976-08-01,1,4,0,1996-07-14
5338,28,1279,5,4,KGID5338,Naveen,1975-11-21,1,2,0,2004-12-12
5339,30,1300,5,1,KGID5339,Meera,1969-11-02,2,6,0,2002-07-09
5340,30,1298,1,4,KGID5340,Ajay,1988-01-07,1,1,0,1990-03-03
5341,11,1109,3,2,KGID5341,Meera,1989-02-18,2,5,0,2013-12-27
5342,17,1166,6,4,KGID5342,Ananya,1966-09-17,1,5,0,2019-04-27
5343,5,1043,1,3,KGID5343,Meera,1998-08-14,1,5,0,1991-08-15
5344,7,1065,6,2,KGID5344,Naveen,1971-07-20,2,4,0,2000-07-08
5345,8,1077,3,3,KGID5345,Lakshmi,1975-03-03,2,8,0,2004-03-16
5346,13,1127,2,2,KGID5346,Kiran,1973-10-25,1,4,0,1990-08-03
5347,8,1078,2,3,KGID5347,Manoj,1966-01-14,1,7,0,2015-06-02
5348,19,1190,2,2,KGID5348,Asha,1997-12-30,1,3,0,2017-06-26
5349,28,1273,2,2,KGID5349,Pooja,1996-05-08,1,7,0,2005-12-16
5350,8,1071,3,4,KGID5350,Imran,1969-09-09,1,6,0,1996-10-20
5351,26,1256,1,2,KGID5351,Farhan,1987-10-17,1,8,0,2014-01-29
5352,24,1232,1,2,KGID5352,Sneha,1970-10-02,1,4,0,2016-07-07
5353,1,1005,4,1,KGID5353,Kiran,1970-07-09,2,3,0,1998-07-20
5354,20,1200,3,2,KGID5354,Naveen,1984-10-08,1,2,0,1995-08-31
5355,28,1280,1,2,KGID5355,Deepak,1984-07-23,1,2,0,2019-02-23
5356,10,1098,2,1,KGID5356,Shankar,1989-06-20,1,6,0,1996-09-14
5357,4,1040,1,2,KGID5357,Divya,1973-06-09,2,8,0,2007-09-23
5358,13,1121,3,2,KGID5358,Lakshmi,1974-09-22,1,3,0,2012-07-13
5359,22,1217,1,2,KGID5359,Suresh,1987-01-28,1,5,0,2002-11-04
5360,9,1084,6,2,KGID5360,Shankar,1978-10-15,1,2,0,1998-01-30
5361,28,1274,2,4,KGID5361,Rahul,1983-01-31,1,3,0,2012-08-27
5362,11,1106,4,2,KGID5362,Neha,1994-02-15,1,6,0,1997-12-23
5363,24,1231,4,2,KGID5363,Meera,1982-12-19,2,3,0,1991-10-07
5364,19,1182,5,2,KGID5364,Ravi,1998-07-29,1,1,0,2017-12-31
5365,23,1223,3,2,KGID5365,Sunil,1973-09-17,1,6,0,1995-07-26
5366,18,1180,3,1,KGID5366,Suresh,1967-12-04,1,6,0,2016-01-02
5367,15,1141,4,2,KGID5367,Arun,1986-02-15,1,2,0,1993-07-11
5368,24,1237,2,2,KGID5368,Mahesh,1978-01-06,1,2,0,2004-12-02
5369,25,1246,1,2,KGID5369,Anil,1998-09-24,1,1,0,2016-03-21
5370,14,1132,3,4,KGID5370,Farhan,1980-06-18,2,5,0,2007-08-04
5371,15,1142,6,2,KGID5371,Suresh,1968-08-12,2,4,0,2019-08-16
5372,20,1194,2,4,KGID5372,Vijay,1987-02-12,1,5,0,2014-03-24
5373,22,1214,2,3,KGID5373,Sunil,1967-12-08,2,3,0,2001-08-30
5374,3,1021,3,4,KGID5374,Kavya,1978-06-12,2,2,0,1993-12-20
5375,27,1261,3,2,KGID5375,Pooja,1976-02-17,1,7,0,2008-08-02
5376,28,1275,3,2,KGID5376,Deepak,1979-03-04,1,7,0,2007-09-26
5377,25,1243,4,4,KGID5377,Ravi,1980-11-24,1,4,0,2007-04-30
5378,19,1185,1,1,KGID5378,Rahul,1979-11-17,1,5,0,2000-08-26
5379,13,1125,4,3,KGID5379,Kiran,1976-01-21,1,1,0,1994-04-24
5380,15,1146,5,2,KGID5380,Nandini,1993-09-15,1,2,0,2005-10-29
5381,18,1179,2,2,KGID5381,Pooja,1996-10-15,2,2,0,2014-09-15
5382,14,1138,3,1,KGID5382,Sneha,1969-10-01,2,6,0,2005-12-24
5383,22,1214,5,4,KGID5383,Lakshmi,1989-03-31,1,1,0,2011-08-28
5384,28,1274,3,4,KGID5384,Kiran,1972-08-11,1,7,0,1990-12-13
5385,2,1011,2,2,KGID5385,Shreya,1976-04-27,1,2,0,2016-08-08
5386,31,1301,3,1,KGID5386,Sneha,1988-01-03,1,8,0,1994-07-08
5387,27,1269,4,2,KGID5387,Divya,1966-12-17,2,2,0,1990-10-20
5388,26,1256,3,2,KGID5388,Asha,1978-07-20,2,4,0,1997-11-07
5389,30,1293,4,2,KGID5389,Neha,1970-03-24,1,5,0,1991-07-17
5390,9,1088,3,2,KGID5390,Lakshmi,1995-08-26,1,1,0,2007-11-26
5391,28,1276,1,1,KGID5391,Aishwarya,1970-06-07,1,8,0,2006-05-19
5392,14,1133,2,3,KGID5392,Shankar,1985-06-02,2,2,0,2007-04-17
5393,7,1068,1,2,KGID5393,Naveen,1975-04-05,1,1,0,1990-11-03
5394,17,1163,2,2,KGID5394,Vijay,1990-10-15,1,1,0,2015-02-05
5395,28,1273,4,3,KGID5395,Sneha,1991-08-18,1,5,0,1999-01-08
5396,1,1007,1,2,KGID5396,Neha,1982-06-22,1,6,0,2013-07-17
5397,11,1108,2,3,KGID5397,Naveen,1967-10-14,2,7,0,2006-04-30
5398,25,1246,1,4,KGID5398,Priya,1996-06-04,1,5,0,2004-03-13
5399,11,1110,6,3,KGID5399,Lakshmi,1972-07-07,1,1,0,2011-02-01
5400,7,1065,3,4,KGID5400,Shankar,1997-07-10,1,5,0,2010-09-03
5401,4,1038,1,4,KGID5401,Imran,1974-06-09,1,1,0,1995-11-07
5402,3,1028,1,2,KGID5402,Anil,1982-02-14,1,3,0,2011-05-19
5403,9,1081,3,1,KGID5403,Nandini,1984-10-05,1,3,0,2008-11-30
5404,3,1026,1,2,KGID5404,Sneha,1974-04-22,1,8,0,1996-06-16
5405,16,1154,2,2,KGID5405,Sunil,1981-08-21,2,5,0,1998-12-06
5406,25,1242,4,2,KGID5406,Imran,1981-08-11,1,3,0,2010-05-28
5407,7,1063,6,2,KGID5407,Mahesh,1994-09-05,2,4,0,1991-07-06
5408,4,1036,1,4,KGID5408,Asha,1987-06-11,1,7,0,2002-05-26
5409,10,1096,1,2,KGID5409,Deepak,1966-10-06,1,6,0,2007-04-22
5410,27,1266,1,2,KGID5410,Prakash,1987-12-06,1,5,0,2012-01-25
5411,26,1253,1,2,KGID5411,Ajay,1984-03-08,1,5,0,1996-03-28
5412,15,1142,2,4,KGID5412,Meera,1983-01-11,2,2,0,1992-02-12
5413,15,1141,2,2,KGID5413,Suresh,1993-10-29,1,8,0,2018-10-23
5414,1,1002,2,1,KGID5414,Arun,1970-06-04,1,5,0,1990-09-17
5415,3,1030,4,4,KGID5415,Sneha,1995-07-03,1,1,0,2007-06-01
5416,4,1037,1,1,KGID5416,Deepak,1990-10-08,1,3,0,2015-08-15
5417,18,1176,2,1,KGID5417,Rahul,1967-08-25,1,5,0,2003-05-18
5418,15,1150,2,2,KGID5418,Lakshmi,1983-02-09,1,6,0,2008-08-05
5419,5,1045,1,2,KGID5419,Sunil,1965-05-06,2,7,0,2003-12-03
5420,20,1191,1,2,KGID5420,Asha,1981-05-09,1,7,0,2007-06-20
5421,21,1202,3,2,KGID5421,Rahul,1967-10-21,1,1,0,2019-03-25
5422,26,1256,1,2,KGID5422,Aishwarya,1979-10-26,1,3,0,1992-11-01
5423,11,1104,2,4,KGID5423,Asha,1971-07-31,1,8,0,2014-11-29
5424,4,1040,5,2,KGID5424,Imran,1973-11-24,1,1,0,2007-04-17
5425,22,1215,1,2,KGID5425,Sunil,1997-09-28,1,3,0,2002-04-29
5426,16,1153,1,1,KGID5426,Meera,1975-09-08,2,8,0,2008-05-11
5427,28,1280,2,2,KGID5427,Kavya,1985-01-07,1,6,0,1999-02-13
5428,12,1112,3,4,KGID5428,Shankar,1999-08-28,2,5,0,1998-11-13
5429,15,1145,4,4,KGID5429,Rahul,1987-10-03,1,5,0,1998-06-06
5430,9,1089,5,2,KGID5430,Farhan,1979-03-05,1,7,0,2000-12-18
5431,1,1005,3,4,KGID5431,Divya,1988-12-12,1,1,0,2002-05-31
5432,31,1304,2,2,KGID5432,Manoj,1974-07-31,1,1,0,1990-01-31
5433,5,1049,1,2,KGID5433,Divya,1979-04-10,2,7,0,2000-03-16
5434,1,1002,4,3,KGID5434,Vijay,1971-03-15,1,2,0,2007-04-22
5435,30,1296,3,3,KGID5435,Sunil,1981-01-06,1,6,0,2013-12-04
5436,27,1266,3,4,KGID5436,Lakshmi,1998-10-01,1,3,0,1990-03-11
5437,25,1242,2,3,KGID5437,Sneha,1972-12-30,2,4,0,2012-10-16
5438,18,1179,1,1,KGID5438,Shankar,1991-06-13,1,4,0,1999-05-02
5439,12,1117,1,3,KGID5439,Suresh,1995-07-27,1,5,0,2015-10-08
5440,8,1078,1,2,KGID5440,Kiran,1994-10-11,1,4,0,2015-08-08
5441,9,1087,3,2,KGID5441,Prakash,1977-08-16,1,5,0,1996-08-03
5442,23,1230,4,2,KGID5442,Neha,1994-06-18,2,4,0,2005-08-24
5443,9,1088,1,4,KGID5443,Manoj,1987-08-01,2,6,0,1991-09-02
5444,27,1262,3,1,KGID5444,Sneha,1980-08-18,1,3,0,2006-09-24
5445,14,1137,3,2,KGID5445,Sunil,1976-04-24,2,5,0,2002-02-12
5446,24,1239,1,2,KGID5446,Sunil,1980-05-25,2,1,0,1992-08-07
5447,7,1062,1,2,KGID5447,Aishwarya,1972-05-16,1,7,0,1999-10-21
5448,9,1090,5,4,KGID5448,Kiran,1966-05-22,2,3,0,2012-01-26
5449,21,1207,3,2,KGID5449,Prakash,1978-06-08,1,3,0,2006-06-02
5450,5,1050,5,1,KGID5450,Farhan,1988-08-21,2,4,0,2012-10-28
5451,19,1189,2,2,KGID5451,Prakash,1973-07-22,1,2,0,2017-05-29
5452,18,1171,3,3,KGID5452,Ananya,1996-05-19,1,3,0,2016-04-01
5453,9,1085,4,3,KGID5453,Aishwarya,1996-08-01,1,2,0,2017-07-11
5454,16,1151,5,4,KGID5454,Shankar,1969-12-20,1,4,0,1997-08-07
5455,30,1293,1,1,KGID5455,Meera,1975-08-31,1,3,0,2016-11-08
5456,25,1243,4,4,KGID5456,Divya,1997-08-06,1,2,0,2012-11-02
5457,24,1233,5,3,KGID5457,Meera,1977-02-10,2,7,0,2011-09-04
5458,6,1060,1,2,KGID5458,Ananya,1987-05-13,1,7,0,2010-12-04
5459,3,1030,1,1,KGID5459,Ajay,1985-10-16,1,6,0,1994-01-24
5460,6,1054,1,1,KGID5460,Lakshmi,1983-02-01,1,6,0,2002-06-30
5461,22,1217,1,4,KGID5461,Divya,1983-09-13,1,7,0,2014-04-03
5462,16,1157,3,2,KGID5462,Deepak,1984-11-22,1,8,0,1999-09-05
5463,16,1152,4,2,KGID5463,Suresh,1973-05-09,1,2,0,2013-08-06
5464,22,1215,1,2,KGID5464,Sneha,1977-04-07,1,3,0,2001-02-12
5465,1,1007,1,3,KGID5465,Ajay,1976-03-29,1,4,0,2012-08-12
5466,29,1281,3,2,KGID5466,Sunil,1970-12-03,1,1,0,2006-04-24
5467,2,1017,1,4,KGID5467,Farhan,1971-12-29,1,3,0,2009-01-27
5468,27,1270,2,2,KGID5468,Mahesh,1973-02-04,1,3,0,2006-02-03
5469,9,1084,1,1,KGID5469,Ravi,1967-11-12,2,7,0,2007-09-29
5470,11,1101,1,2,KGID5470,Arun,1970-01-29,1,7,0,2013-01-17
5471,8,1076,2,2,KGID5471,Suresh,1986-03-09,1,7,0,2013-12-29
5472,20,1200,2,2,KGID5472,Prakash,1987-09-27,1,8,0,2007-02-14
5473,17,1163,4,3,KGID5473,Shreya,1982-07-18,2,7,0,2019-12-21
5474,20,1200,5,1,KGID5474,Sneha,1969-01-23,1,8,0,1996-03-26
5475,11,1104,2,2,KGID5475,Kiran,1988-05-31,1,2,0,2009-12-20
5476,2,1012,3,4,KGID5476,Aishwarya,1996-05-27,1,4,0,2015-06-05
5477,12,1117,5,4,KGID5477,Asha,1990-02-03,1,8,0,2019-07-23
5478,1,1004,6,4,KGID5478,Meera,1966-02-16,2,6,0,2006-07-20
5479,19,1184,2,1,KGID5479,Ananya,1998-11-02,1,1,0,1993-10-13
5480,12,1117,4,1,KGID5480,Kiran,1993-05-30,1,8,0,2016-08-16
5481,25,1247,5,1,KGID5481,Shreya,1987-06-09,1,7,0,2014-01-03
5482,2,1020,3,2,KGID5482,Suresh,1983-07-23,1,6,0,1991-11-27
5483,7,1069,2,3,KGID5483,Sunil,1990-09-17,1,8,0,2011-11-29
5484,2,1019,2,2,KGID5484,Asha,1990-07-11,2,8,0,2003-08-27
5485,4,1036,4,2,KGID5485,Rahul,1992-11-21,2,7,0,1993-07-03
5486,19,1186,4,1,KGID5486,Ravi,1987-07-03,1,8,0,1996-09-13
5487,28,1274,3,4,KGID5487,Ravi,1987-06-16,1,2,0,1993-07-18
5488,11,1104,2,2,KGID5488,Arun,1981-09-10,2,5,0,2015-07-16
5489,22,1211,2,2,KGID5489,Pooja,1996-01-07,2,8,0,2017-01-08
5490,24,1235,2,2,KGID5490,Manoj,1965-11-03,2,4,0,2001-04-13
5491,31,1305,3,1,KGID5491,Farhan,1966-02-05,2,8,0,2016-11-18
5492,21,1207,1,4,KGID5492,Aishwarya,1998-06-21,2,6,0,2004-02-18
5493,23,1221,4,2,KGID5493,Rahul,1967-03-17,1,2,0,2010-04-11
5494,9,1084,1,2,KGID5494,Deepak,1991-11-22,2,8,0,2012-04-06
5495,7,1062,3,2,KGID5495,Shreya,1978-11-24,1,8,0,1999-04-15
5496,5,1041,1,1,KGID5496,Divya,1981-09-16,1,8,0,2011-10-15
5497,29,1281,2,2,KGID5497,Lakshmi,1990-01-13,1,2,0,1998-12-25
5498,23,1225,4,2,KGID5498,Prakash,1998-10-03,1,5,0,2005-04-18
5499,23,1230,3,2,KGID5499,Farhan,1995-10-03,1,4,0,1993-04-04
5500,9,1085,2,2,KGID5500,Asha,1970-10-13,1,8,0,2005-08-31
5501,16,1160,2,2,KGID5501,Lakshmi,1970-09-07,1,5,0,2011-01-17
5502,25,1250,3,1,KGID5502,Manoj,1974-02-17,1,1,0,1990-10-27
5503,11,1107,1,4,KGID5503,Farhan,1974-09-01,1,4,0,1996-11-08
5504,23,1226,5,4,KGID5504,Divya,1990-10-24,1,5,0,2010-03-04
5505,7,1066,2,2,KGID5505,Lakshmi,1985-04-13,2,7,0,2005-03-28
5506,4,1033,3,2,KGID5506,Priya,1994-03-13,1,5,0,2001-01-21
5507,1,1005,3,1,KGID5507,Naveen,1993-04-30,1,8,0,2002-11-06
5508,1,1001,3,2,KGID5508,Aishwarya,1967-08-21,1,5,0,2015-07-25
5509,9,1081,1,4,KGID5509,Priya,1969-11-19,2,8,0,1998-01-03
5510,4,1033,4,2,KGID5510,Sneha,1976-03-10,1,2,0,2006-07-10
5511,23,1225,1,4,KGID5511,Divya,1975-09-04,1,7,0,2008-01-31
5512,25,1243,2,1,KGID5512,Vijay,1975-08-21,1,8,0,2011-03-22
5513,25,1241,1,2,KGID5513,Deepak,1991-08-31,1,7,0,2006-09-25
5514,7,1065,1,4,KGID5514,Neha,1965-02-01,1,4,0,2012-05-04
5515,9,1082,3,4,KGID5515,Ananya,1966-08-31,2,7,0,2007-09-17
5516,1,1003,3,2,KGID5516,Nandini,1997-06-19,2,7,0,2000-10-29
5517,28,1271,3,1,KGID5517,Asha,1969-01-28,1,6,0,2008-02-27
5518,22,1216,1,3,KGID5518,Prakash,1977-03-16,1,2,0,1991-06-18
5519,11,1104,1,2,KGID5519,Priya,1966-10-06,1,8,0,2015-06-02
5520,27,1266,4,2,KGID5520,Ajay,1970-05-06,1,3,0,2010-04-08
5521,12,1117,4,3,KGID5521,Shankar,1969-05-05,1,2,0,2015-09-29
5522,28,1272,3,2,KGID5522,Priya,1969-10-16,1,4,0,2009-03-19
5523,8,1079,2,2,KGID5523,Ananya,1978-07-07,1,1,0,1999-07-28
5524,12,1114,2,2,KGID5524,Asha,1971-04-17,2,7,0,2018-01-26
5525,4,1035,1,2,KGID5525,Sunil,1994-07-11,1,2,0,2002-09-23
5526,10,1098,2,2,KGID5526,Shreya,1968-02-17,1,8,0,2010-08-08
5527,5,1047,5,1,KGID5527,Divya,1988-01-30,1,5,0,1998-04-08
5528,8,1073,4,1,KGID5528,Pooja,1982-01-25,1,6,0,1995-02-22
5529,7,1067,2,2,KGID5529,Kiran,1995-05-08,2,5,0,1997-05-28
5530,12,1120,5,2,KGID5530,Sunil,1986-07-01,1,7,0,1997-12-08
5531,4,1033,1,2,KGID5531,Suresh,1989-04-08,1,6,0,2016-09-05
5532,25,1242,1,2,KGID5532,Manoj,1965-10-31,2,7,0,1994-06-27
5533,11,1106,3,2,KGID5533,Rahul,1980-10-14,1,6,0,1995-07-14
5534,29,1283,5,3,KGID5534,Manoj,1973-09-25,1,1,0,2011-01-23
5535,19,1189,4,1,KGID5535,Farhan,1997-09-13,1,3,0,2009-05-30
5536,6,1055,2,2,KGID5536,Sneha,1996-07-13,1,2,0,2018-09-03
5537,27,1270,6,2,KGID5537,Shreya,1982-11-22,1,2,0,1999-03-03
5538,11,1103,4,2,KGID5538,Shreya,1993-03-22,1,4,0,1994-02-15
5539,20,1194,2,2,KGID5539,Nandini,1996-02-08,1,7,0,2009-02-06
5540,30,1292,5,4,KGID5540,Kiran,1975-02-15,1,6,0,2018-09-27
5541,26,1259,5,4,KGID5541,Manoj,1994-11-17,1,8,0,2004-10-12
5542,4,1040,4,2,KGID5542,Ananya,1983-09-02,1,3,0,2011-01-19
5543,3,1029,1,1,KGID5543,Neha,1995-11-28,1,6,0,2007-03-08
5544,27,1261,3,2,KGID5544,Mahesh,1975-10-19,1,1,0,1992-12-08
5545,9,1088,3,2,KGID5545,Ajay,1966-01-02,1,3,0,1992-01-24
5546,1,1004,2,3,KGID5546,Anil,1994-04-09,1,6,0,2005-05-02
5547,23,1222,3,2,KGID5547,Kiran,1969-05-25,1,4,0,2012-07-20
5548,1,1005,3,3,KGID5548,Prakash,1998-04-11,1,7,0,2012-06-21
5549,6,1056,3,3,KGID5549,Neha,1984-09-25,1,5,0,2019-02-20
5550,6,1060,1,2,KGID5550,Naveen,1967-04-30,1,1,0,1994-01-17
5551,2,1020,2,2,KGID5551,Rahul,1983-06-18,1,5,0,1990-05-22
5552,11,1102,2,1,KGID5552,Naveen,1985-08-12,1,5,0,2013-12-24
5553,17,1169,3,2,KGID5553,Anil,1980-04-12,1,6,0,1991-08-02
5554,22,1216,5,2,KGID5554,Ajay,1966-07-01,1,4,0,1990-07-29
5555,11,1108,3,3,KGID5555,Manoj,1995-10-16,2,7,0,2000-04-19
5556,14,1131,2,4,KGID5556,Meera,1976-02-04,1,5,0,2003-10-26
5557,28,1279,1,2,KGID5557,Manoj,1970-08-27,1,5,0,1990-09-21
5558,27,1269,1,1,KGID5558,Shreya,1972-02-18,1,3,0,1992-08-17
5559,4,1037,3,2,KGID5559,Ajay,1972-08-12,1,4,0,1990-12-22
5560,12,1112,4,3,KGID5560,Farhan,1965-11-19,1,1,0,2015-11-08
5561,5,1049,2,2,KGID5561,Asha,1993-11-01,1,1,0,1991-07-26
5562,3,1021,1,2,KGID5562,Deepak,1969-03-23,1,3,0,1997-05-14
5563,22,1215,2,2,KGID5563,Sneha,1972-03-29,1,1,0,2007-12-24
5564,27,1264,1,2,KGID5564,Aishwarya,1968-11-09,2,8,0,1997-09-21
5565,2,1016,3,2,KGID5565,Rahul,1985-11-21,1,5,0,2007-07-26
5566,15,1148,2,2,KGID5566,Suresh,1966-11-30,1,6,0,1993-01-02
5567,31,1310,3,1,KGID5567,Lakshmi,1986-11-01,2,1,0,1999-05-21
5568,4,1040,1,4,KGID5568,Anil,1996-04-27,1,8,0,1998-06-21
5569,16,1151,1,1,KGID5569,Kiran,1987-05-06,2,3,0,1990-03-28
5570,1,1003,2,4,KGID5570,Farhan,1993-12-05,1,7,0,2011-02-12
5571,14,1136,4,1,KGID5571,Prakash,1981-06-04,2,5,0,2014-08-06
5572,28,1272,1,3,KGID5572,Ravi,1997-03-29,2,1,0,2005-08-08
5573,20,1193,3,2,KGID5573,Vijay,1992-08-31,1,6,0,2011-03-31
5574,28,1275,3,4,KGID5574,Ajay,1990-02-16,2,7,0,2002-08-26
5575,18,1171,2,2,KGID5575,Rahul,1971-11-26,1,4,0,2017-05-21
5576,6,1054,1,2,KGID5576,Deepak,1965-07-06,2,8,0,2011-10-11
5577,11,1107,3,2,KGID5577,Naveen,1976-02-26,1,7,0,2014-06-18
5578,17,1167,1,2,KGID5578,Arun,1990-10-15,1,7,0,1998-03-28
5579,18,1171,3,2,KGID5579,Kavya,1984-01-10,2,6,0,2004-12-03
5580,21,1210,3,4,KGID5580,Farhan,1976-01-14,1,1,0,1996-12-10
5581,22,1216,1,3,KGID5581,Suresh,1983-09-25,1,3,0,1996-09-01
5582,5,1049,3,1,KGID5582,Deepak,1981-01-15,1,1,0,2012-07-06
5583,31,1309,4,1,KGID5583,Divya,1976-05-18,1,5,0,1991-12-06
5584,19,1182,4,1,KGID5584,Naveen,1992-05-22,1,2,0,2009-05-14
5585,9,1088,1,3,KGID5585,Meera,1975-12-16,1,6,0,2005-01-17
5586,12,1111,2,2,KGID5586,Sneha,1993-10-27,1,7,0,1997-12-01
5587,19,1187,2,2,KGID5587,Kiran,1995-08-30,2,1,0,2014-05-03
5588,1,1010,3,2,KGID5588,Ajay,1977-07-24,2,5,0,1991-01-22
5589,11,1101,4,4,KGID5589,Naveen,1986-06-13,2,8,0,2002-06-08
5590,2,1016,3,3,KGID5590,Farhan,1977-09-27,1,2,0,2016-07-23
5591,3,1025,1,2,KGID5591,Manoj,1994-10-12,1,1,0,1999-01-20
5592,30,1300,2,4,KGID5592,Mahesh,1972-02-19,2,1,0,2011-05-21
5593,18,1178,1,3,KGID5593,Kiran,1972-05-07,1,3,0,2002-11-06
5594,31,1306,1,2,KGID5594,Arun,1992-11-23,1,2,0,2005-01-13
5595,24,1235,1,2,KGID5595,Anil,1965-07-04,1,3,0,2018-08-31
5596,23,1223,4,2,KGID5596,Ananya,1999-01-01,1,8,0,2013-09-13
5597,21,1201,4,3,KGID5597,Naveen,1998-07-03,1,1,0,1991-03-20
5598,10,1097,3,1,KGID5598,Naveen,1984-05-09,1,1,0,2015-07-17
5599,24,1237,4,3,KGID5599,Lakshmi,1992-04-19,1,7,0,2019-10-19
5600,5,1047,2,2,KGID5600,Shankar,1987-06-07,1,2,0,1996-11-06
