VictimMasterID,CaseMasterID,VictimName,AgeYear,GenderID,VictimPolice
1,1,Farhan Rao,72,2,0
2,2,Ananya Hegde,35,2,0
3,3,Sneha Rao,42,1,1
4,4,Nandini Sharma,33,3,0
5,5,Naveen Khan,66,1,0
6,6,Vijay Kumar,32,1,0
7,7,Lakshmi Bhat,80,1,1
8,8,Vijay Khan,59,1,0
9,8,Anil Gowda,17,3,0
10,9,Farhan Rao,15,2,0
11,10,Divya Shetty,47,1,1
12,11,Anil Hegde,22,2,0
13,12,Vijay Hegde,79,3,0
14,13,Sunil Naik,76,1,0
15,14,Ananya Shetty,52,2,0
16,15,Prakash Hegde,39,3,1
17,16,Aishwarya Mulla,24,3,0
18,17,Sneha Rao,53,1,1
19,18,Shankar Nayak,49,2,0
20,19,Priya Jain,24,1,1
21,20,Anil Naik,67,2,0
22,21,Rahul Rao,29,1,0
23,22,Mahesh Nayak,62,2,0
24,23,Imran Shetty,36,3,0
25,23,Lakshmi Pujari,63,2,0
26,25,Shreya Mulla,58,3,0
27,25,Sunil Pujari,53,2,0
28,27,Deepak Hegde,63,2,1
29,28,Lakshmi Jain,70,1,0
30,28,Farhan Mulla,70,1,0
31,28,Kiran Rao,31,3,0
32,30,Anil Jain,57,1,0
33,31,Naveen Bhat,74,3,0
34,32,Farhan Patil,78,3,0
35,33,Farhan Mulla,74,2,0
36,34,Neha Patil,58,2,1
37,35,Kavya Nayak,28,2,0
38,35,Divya Nayak,8,3,0
39,36,Ajay Patil,24,2,0
40,37,Asha Patil,24,3,1
41,38,Priya Shetty,15,1,0
42,39,Meera Kulkarni,77,3,0
43,40,Shankar Sharma,69,1,1
44,41,Naveen Jain,8,3,0
45,42,Vijay Rao,32,3,0
46,42,Shreya Hegde,69,1,0
47,43,Farhan Gowda,11,2,0
48,44,Naveen Desai,47,2,0
49,45,Manoj Gowda,51,2,0
50,46,Deepak Patil,75,3,0
51,47,Ravi Khan,51,2,1
52,48,Pooja Naik,26,3,0
53,49,Divya Hegde,42,2,1
54,50,Naveen Mulla,80,1,0
55,51,Ananya Khan,25,2,1
56,53,Kavya Hegde,22,3,0
57,55,Sneha Rao,71,1,1
58,55,Farhan Hegde,54,2,0
59,56,Mahesh Jain,78,3,1
60,56,Priya Patil,5,2,0
61,57,Aishwarya Naik,55,2,0
62,58,Divya Joshi,30,2,0
63,59,Kiran Patil,26,2,0
64,60,Shreya Pujari,66,3,1
65,61,Anil Kulkarni,21,1,0
66,61,Neha Hegde,72,1,1
67,62,Aishwarya Bhat,24,1,1
68,62,Imran Pujari,47,2,0
69,63,Neha Hegde,33,3,0
70,63,Ananya Bhat,37,3,0
71,64,Priya Bhat,39,3,0
72,65,Divya Hegde,40,1,0
73,66,Ravi Bhat,59,2,0
74,66,Nandini Jain,51,3,0
75,67,Prakash Joshi,41,2,0
76,68,Priya Khan,31,1,1
77,69,Asha Pujari,74,3,0
78,70,Kavya Desai,25,3,0
79,71,Asha Bhat,79,2,1
80,72,Suresh Hegde,11,1,0
81,73,Vijay Jain,11,3,1
82,73,Pooja Bhat,44,1,0
83,74,Aishwarya Pujari,20,3,1
84,75,Mahesh Patil,55,2,0
85,76,Naveen Kulkarni,60,3,0
86,76,Suresh Hegde,39,2,0
87,77,Manoj Kumar,60,3,1
88,78,Lakshmi Desai,57,1,0
89,79,Meera Joshi,71,2,0
90,80,Aishwarya Khan,41,1,0
91,81,Shankar Jain,22,2,0
92,81,Ajay Mulla,40,3,0
93,82,Rahul Gowda,29,3,0
94,83,Vijay Pujari,65,2,1
95,83,Suresh Kulkarni,32,1,0
96,84,Pooja Kulkarni,37,1,0
97,85,Mahesh Desai,21,2,0
98,86,Divya Sharma,34,2,0
99,87,Rahul Khan,13,3,1
100,88,Neha Mulla,49,2,0
101,89,Anil Khan,57,1,0
102,90,Ananya Pujari,69,2,0
103,91,Ajay Kulkarni,58,2,0
104,93,Pooja Bhat,48,1,0
105,94,Kavya Naik,53,1,0
106,95,Suresh Nayak,8,1,0
107,96,Prakash Rao,56,3,0
108,97,Vijay Shetty,31,1,1
109,98,Ravi Desai,11,1,0
110,99,Manoj Gowda,70,1,1
111,100,Ananya Kumar,80,1,0
112,101,Mahesh Khan,53,2,0
113,102,Farhan Khan,12,2,0
114,103,Shankar Patil,20,3,0
115,105,Asha Gowda,80,3,0
116,106,Rahul Joshi,9,2,0
117,107,Prakash Desai,75,1,0
118,108,Sunil Kumar,5,1,1
119,108,Ajay Nayak,74,1,0
120,108,Anil Gowda,58,1,0
121,109,Ravi Pujari,32,2,0
122,110,Lakshmi Sharma,57,3,0
123,110,Vijay Jain,47,1,0
124,111,Suresh Reddy,32,1,0
125,112,Divya Joshi,17,3,0
126,112,Rahul Khan,19,1,0
127,114,Rahul Desai,46,2,0
128,115,Shankar Kulkarni,80,1,0
129,115,Mahesh Rao,10,3,0
130,116,Kavya Bhat,70,1,0
131,117,Farhan Mulla,17,3,0
132,117,Anil Sharma,13,2,1
133,117,Manoj Gowda,20,3,0
134,118,Neha Patil,23,2,0
135,118,Ananya Patil,46,3,1
136,119,Ravi Kumar,35,2,0
137,119,Lakshmi Nayak,9,2,0
138,120,Prakash Hegde,27,3,0
139,121,Manoj Bhat,76,2,0
140,121,Arun Desai,44,1,0
141,122,Sunil Rao,19,1,0
142,122,Ananya Khan,21,1,0
143,124,Anil Shetty,45,1,0
144,124,Mahesh Nayak,17,3,0
145,125,Neha Bhat,65,2,1
146,126,Shankar Gowda,22,2,0
147,127,Deepak Jain,30,1,0
148,128,Deepak Gowda,55,2,0
149,129,Pooja Reddy,47,3,0
150,130,Sneha Shetty,80,2,0
151,131,Farhan Bhat,55,3,1
152,132,Lakshmi Joshi,68,2,0
153,133,Mahesh Kumar,34,2,0
154,133,Ajay Naik,64,2,1
155,134,Ravi Kulkarni,70,1,0
156,136,Shreya Kulkarni,12,3,0
157,137,Deepak Kulkarni,44,1,0
158,138,Arun Hegde,13,2,1
159,139,Pooja Bhat,25,1,0
160,140,Naveen Nayak,57,3,0
161,141,Kavya Rao,78,3,0
162,142,Rahul Naik,80,1,0
163,143,Shankar Mulla,26,2,0
164,144,Vijay Shetty,20,3,0
165,146,Lakshmi Nayak,38,3,0
166,146,Kiran Desai,7,2,0
167,147,Meera Joshi,60,3,1
168,148,Manoj Jain,10,1,0
169,149,Shreya Bhat,73,2,0
170,150,Pooja Rao,68,3,0
171,150,Vijay Khan,42,1,1
172,151,Lakshmi Nayak,28,1,0
173,152,Lakshmi Gowda,51,1,1
174,153,Naveen Naik,43,3,1
175,155,Naveen Patil,59,1,0
176,156,Sunil Patil,7,3,1
177,157,Farhan Rao,14,3,1
178,158,Farhan Jain,56,2,0
179,159,Lakshmi Hegde,50,2,1
180,160,Ravi Pujari,11,1,1
181,161,Anil Reddy,27,2,1
182,162,Sunil Joshi,5,3,1
183,162,Shankar Desai,48,1,0
184,163,Nandini Sharma,30,2,0
185,165,Shreya Desai,64,1,0
186,166,Neha Rao,66,2,1
187,167,Ajay Naik,18,3,0
188,168,Nandini Sharma,10,3,0
189,169,Vijay Patil,54,1,1
190,171,Arun Sharma,68,2,0
191,172,Lakshmi Naik,17,1,0
192,173,Naveen Gowda,19,1,1
193,174,Lakshmi Jain,20,1,1
194,175,Mahesh Reddy,76,1,0
195,176,Asha Rao,29,3,0
196,177,Kavya Kulkarni,72,2,0
197,178,Sunil Gowda,70,2,0
198,179,Priya Kumar,37,2,0
199,179,Kavya Naik,10,2,0
200,180,Suresh Kulkarni,30,2,1
201,181,Lakshmi Sharma,71,1,0
202,181,Divya Joshi,70,1,1
203,182,Ajay Rao,31,2,1
204,183,Sunil Patil,78,2,0
205,185,Arun Naik,15,1,0
206,185,Rahul Patil,58,2,1
207,186,Meera Shetty,53,2,1
208,187,Shreya Nayak,11,1,0
209,188,Imran Khan,37,3,1
210,188,Shankar Kulkarni,23,3,0
211,189,Rahul Pujari,8,1,0
212,190,Sneha Jain,27,1,0
213,191,Suresh Jain,6,3,0
214,192,Farhan Joshi,72,3,0
215,193,Ravi Bhat,58,2,0
216,194,Pooja Nayak,15,3,0
217,195,Pooja Mulla,68,3,0
218,196,Kiran Reddy,27,2,0
219,197,Ajay Mulla,35,2,0
220,197,Imran Joshi,76,3,0
221,198,Kiran Hegde,17,1,0
222,199,Prakash Hegde,42,1,0
223,200,Rahul Mulla,46,3,0
224,201,Ravi Bhat,50,3,0
225,202,Shankar Shetty,38,2,1
226,203,Shankar Joshi,36,2,1
227,204,Mahesh Reddy,46,2,0
228,204,Lakshmi Khan,21,1,1
229,205,Divya Jain,66,1,0
230,206,Suresh Patil,39,2,0
231,207,Arun Kumar,57,3,0
232,208,Sunil Bhat,43,2,0
233,208,Kiran Jain,44,2,0
234,209,Deepak Reddy,68,3,0
235,210,Mahesh Mulla,8,1,1
236,211,Nandini Rao,71,1,0
237,212,Shreya Bhat,55,2,0
238,213,Divya Kulkarni,5,3,1
239,214,Vijay Nayak,53,2,0
240,214,Farhan Reddy,7,3,0
241,215,Deepak Joshi,38,2,0
242,216,Sunil Joshi,44,1,0
243,216,Ajay Shetty,31,3,1
244,217,Kavya Desai,5,2,0
245,218,Suresh Rao,18,3,0
246,219,Lakshmi Reddy,70,2,0
247,221,Shreya Mulla,29,3,0
248,222,Shankar Bhat,37,3,0
249,223,Aishwarya Shetty,55,3,0
250,223,Sneha Rao,33,3,0
251,224,Suresh Gowda,30,3,0
252,225,Ravi Jain,34,2,1
253,226,Mahesh Desai,37,1,0
254,227,Imran Kumar,59,1,0
255,228,Suresh Gowda,61,1,0
256,229,Ajay Desai,55,1,0
257,230,Naveen Shetty,57,2,0
258,231,Ravi Naik,71,1,0
259,231,Pooja Kulkarni,77,2,0
260,232,Meera Nayak,79,2,0
261,233,Imran Gowda,79,3,0
262,234,Suresh Hegde,36,3,0
263,235,Ravi Joshi,27,2,0
264,236,Prakash Pujari,76,2,0
265,237,Pooja Desai,70,3,0
266,238,Nandini Sharma,32,3,0
267,239,Arun Sharma,61,2,0
268,240,Deepak Rao,55,2,0
269,241,Nandini Mulla,27,1,0
270,242,Aishwarya Desai,16,1,0
271,242,Deepak Khan,57,3,0
272,243,Prakash Mulla,47,1,0
273,243,Manoj Khan,29,3,0
274,244,Vijay Naik,45,3,0
275,244,Kavya Pujari,48,1,0
276,245,Aishwarya Patil,61,3,1
277,245,Shankar Gowda,6,3,0
278,246,Arun Gowda,11,3,1
279,247,Asha Nayak,47,3,0
280,248,Kiran Shetty,66,3,0
281,249,Aishwarya Joshi,66,1,0
282,250,Meera Naik,47,1,0
283,251,Deepak Rao,58,2,1
284,252,Sunil Nayak,44,3,0
285,253,Kavya Pujari,64,2,0
286,254,Sneha Desai,16,3,0
287,255,Nandini Pujari,33,3,0
288,255,Asha Nayak,67,2,0
289,256,Vijay Hegde,26,3,1
290,257,Mahesh Kulkarni,62,2,0
291,258,Priya Mulla,41,1,0
292,259,Ananya Mulla,39,1,1
293,260,Priya Joshi,54,1,0
294,262,Imran Rao,11,3,0
295,263,Vijay Kulkarni,52,1,0
296,264,Divya Khan,57,3,0
297,265,Rahul Reddy,55,2,0
298,265,Manoj Jain,20,1,0
299,266,Rahul Kumar,41,2,0
300,267,Shankar Pujari,32,2,0
301,268,Naveen Gowda,28,3,0
302,269,Imran Joshi,33,1,0
303,270,Manoj Hegde,63,3,0
304,270,Shankar Pujari,20,3,0
305,271,Asha Joshi,66,2,0
306,271,Anil Shetty,36,2,1
307,272,Ravi Mulla,19,3,0
308,274,Kavya Joshi,58,1,0
309,275,Priya Desai,64,1,1
310,276,Ravi Pujari,77,2,0
311,276,Kiran Rao,66,2,0
312,277,Nandini Sharma,36,2,0
313,278,Pooja Naik,75,1,1
314,279,Asha Joshi,35,2,0
315,280,Divya Joshi,23,3,1
316,281,Pooja Pujari,10,2,1
317,281,Anil Reddy,5,2,0
318,281,Lakshmi Pujari,25,2,0
319,282,Farhan Sharma,37,3,0
320,283,Sneha Pujari,13,3,0
321,283,Shankar Sharma,43,1,1
322,284,Prakash Khan,48,2,0
323,285,Arun Rao,50,3,1
324,286,Ajay Rao,15,3,1
325,287,Ravi Pujari,20,1,1
326,288,Kavya Naik,58,1,0
327,289,Kavya Kumar,41,1,0
328,290,Anil Kumar,65,1,0
329,291,Ajay Jain,47,3,0
330,293,Imran Nayak,28,3,0
331,294,Rahul Gowda,66,1,0
332,295,Arun Bhat,15,2,0
333,296,Divya Gowda,19,3,0
334,296,Deepak Gowda,31,1,0
335,296,Suresh Bhat,37,2,1
336,297,Prakash Reddy,47,1,0
337,298,Prakash Bhat,60,3,0
338,299,Asha Khan,43,3,0
339,300,Kiran Mulla,14,1,1
340,300,Asha Shetty,26,1,0
341,302,Ravi Pujari,80,1,0
342,302,Suresh Reddy,57,2,0
343,303,Arun Desai,23,3,0
344,303,Divya Jain,44,2,0
345,304,Farhan Gowda,45,3,0
346,305,Sunil Patil,78,1,0
347,306,Mahesh Pujari,68,2,0
348,307,Shankar Rao,9,3,0
349,308,Asha Patil,59,3,0
350,309,Farhan Shetty,29,1,1
351,309,Manoj Reddy,74,1,1
352,309,Mahesh Khan,13,3,1
353,310,Pooja Nayak,44,2,0
354,311,Naveen Kulkarni,52,3,0
355,312,Mahesh Jain,57,1,0
356,313,Anil Rao,79,3,0
357,314,Aishwarya Reddy,78,3,0
358,315,Neha Desai,43,2,0
359,316,Asha Gowda,38,2,1
360,317,Ajay Naik,46,2,0
361,318,Anil Sharma,43,2,1
362,319,Farhan Bhat,72,3,0
363,320,Priya Gowda,69,1,0
364,321,Vijay Gowda,68,1,0
365,323,Mahesh Gowda,21,2,0
366,323,Ajay Nayak,37,2,0
367,324,Divya Kumar,72,3,0
368,325,Shreya Naik,28,1,1
369,326,Suresh Gowda,71,2,0
370,326,Ananya Mulla,54,1,0
371,327,Asha Bhat,72,1,0
372,328,Rahul Reddy,48,1,0
373,329,Ajay Kulkarni,12,2,0
374,330,Meera Kumar,70,3,1
375,331,Aishwarya Pujari,37,2,0
376,332,Vijay Rao,68,2,0
377,333,Ajay Rao,8,3,0
378,334,Pooja Joshi,51,3,0
379,335,Shankar Joshi,21,3,0
380,336,Meera Jain,35,1,0
381,338,Suresh Desai,33,2,0
382,338,Sunil Hegde,30,1,0
383,339,Shreya Rao,55,1,0
384,339,Asha Patil,62,2,1
385,340,Mahesh Hegde,8,2,0
386,341,Prakash Shetty,74,2,0
387,342,Deepak Joshi,34,2,1
388,342,Shreya Shetty,75,3,0
389,343,Ravi Naik,51,1,1
390,344,Kavya Jain,7,2,0
391,344,Ajay Hegde,33,3,0
392,345,Farhan Joshi,73,3,0
393,346,Anil Pujari,58,3,0
394,347,Anil Jain,50,3,0
395,347,Prakash Kulkarni,16,3,0
396,348,Pooja Rao,20,2,0
397,349,Pooja Joshi,7,3,0
398,351,Ravi Shetty,57,3,0
399,352,Arun Shetty,54,2,1
400,353,Shreya Kumar,35,3,0
401,353,Suresh Sharma,65,2,1
402,354,Prakash Sharma,59,2,1
403,355,Deepak Patil,58,3,1
404,356,Deepak Nayak,59,1,0
405,357,Shreya Rao,69,1,0
406,358,Neha Naik,24,3,0
407,358,Manoj Hegde,78,2,1
408,358,Lakshmi Mulla,76,3,0
409,359,Ananya Nayak,69,3,0
410,360,Meera Hegde,16,3,1
411,361,Prakash Kumar,71,3,1
412,361,Shankar Hegde,49,2,1
413,362,Shreya Kumar,60,1,0
414,363,Farhan Hegde,7,3,0
415,364,Divya Mulla,12,1,1
416,365,Asha Hegde,11,1,0
417,366,Ajay Patil,37,1,0
418,366,Vijay Rao,40,1,0
419,367,Suresh Reddy,68,1,1
420,368,Ajay Patil,47,2,1
421,369,Aishwarya Joshi,57,2,0
422,370,Nandini Reddy,59,2,0
423,370,Kiran Desai,68,3,0
424,371,Manoj Khan,63,3,0
425,372,Pooja Rao,65,3,0
426,373,Ajay Sharma,51,1,0
427,374,Arun Naik,34,1,0
428,375,Kiran Pujari,47,2,1
429,376,Lakshmi Rao,57,1,0
430,377,Vijay Pujari,5,1,0
431,378,Naveen Joshi,63,3,0
432,379,Asha Nayak,76,2,0
433,381,Shankar Shetty,18,1,1
434,382,Prakash Patil,41,1,0
435,383,Deepak Mulla,17,1,1
436,384,Kavya Hegde,40,1,1
437,385,Pooja Nayak,31,2,1
438,386,Rahul Kumar,58,1,0
439,387,Divya Mulla,24,1,0
440,388,Mahesh Desai,44,3,1
441,389,Imran Sharma,10,3,1
442,390,Neha Desai,43,3,0
443,390,Kiran Rao,7,1,0
444,391,Arun Kumar,18,1,0
445,391,Priya Jain,67,1,0
446,392,Vijay Shetty,36,2,1
447,393,Vijay Joshi,29,2,1
448,394,Naveen Naik,18,3,0
449,394,Kavya Kumar,34,3,0
450,395,Ananya Gowda,71,2,0
451,395,Kavya Pujari,70,1,0
452,396,Ananya Patil,22,2,0
453,397,Ravi Sharma,5,1,0
454,398,Naveen Patil,9,2,0
455,399,Manoj Naik,5,1,0
456,400,Prakash Joshi,17,2,0
457,400,Rahul Jain,51,3,0
458,401,Arun Naik,30,3,0
459,401,Suresh Joshi,47,2,0
460,402,Rahul Naik,73,1,0
461,402,Aishwarya Joshi,33,3,1
462,403,Suresh Kulkarni,79,3,0
463,404,Suresh Pujari,35,2,0
464,405,Imran Hegde,26,2,1
465,406,Pooja Rao,56,1,1
466,407,Priya Joshi,76,1,0
467,408,Shankar Gowda,67,3,0
468,408,Shankar Patil,79,2,0
469,409,Sunil Patil,75,3,0
470,409,Kiran Jain,37,2,0
471,409,Arun Khan,75,1,0
472,410,Meera Patil,63,2,0
473,411,Shankar Naik,46,2,1
474,412,Lakshmi Reddy,56,1,0
475,414,Ajay Reddy,27,3,0
476,415,Mahesh Kumar,25,1,0
477,416,Arun Patil,41,1,0
478,417,Prakash Desai,49,1,0
479,418,Divya Hegde,30,1,0
480,418,Sunil Nayak,33,2,0
481,420,Shreya Mulla,15,1,0
482,421,Sneha Nayak,24,3,0
483,422,Shreya Naik,23,2,1
484,423,Rahul Sharma,55,3,0
485,424,Deepak Naik,66,1,0
486,425,Suresh Mulla,47,2,0
487,426,Farhan Joshi,25,2,1
488,427,Neha Naik,63,2,0
489,428,Pooja Khan,16,1,0
490,429,Kiran Gowda,18,3,1
491,430,Farhan Nayak,21,1,0
492,431,Ravi Sharma,68,1,0
493,431,Imran Mulla,21,2,0
494,431,Arun Hegde,35,2,0
495,432,Divya Joshi,59,2,0
496,433,Sunil Rao,72,1,1
497,434,Kiran Naik,9,1,0
498,436,Kavya Joshi,38,2,0
499,437,Imran Gowda,63,3,1
500,438,Shreya Shetty,8,2,0
501,440,Arun Pujari,24,1,1
502,441,Rahul Rao,57,3,0
503,441,Lakshmi Sharma,78,3,0
504,442,Lakshmi Mulla,14,1,0
505,443,Lakshmi Nayak,51,3,1
506,444,Anil Patil,25,1,1
507,445,Shankar Sharma,20,3,0
508,446,Naveen Joshi,7,3,1
509,447,Imran Jain,13,1,0
510,448,Kiran Gowda,30,1,0
511,448,Kavya Pujari,80,3,0
512,449,Shankar Gowda,35,3,0
513,450,Meera Jain,24,1,0
514,451,Sunil Patil,14,3,0
515,452,Kiran Hegde,12,1,1
516,454,Pooja Bhat,73,1,0
517,455,Ravi Sharma,29,3,0
518,456,Manoj Reddy,35,3,1
519,457,Meera Bhat,21,3,0
520,459,Kiran Kulkarni,43,3,0
521,460,Rahul Patil,52,3,0
522,461,Ajay Kumar,36,2,0
523,462,Ananya Rao,52,3,0
524,463,Sneha Desai,5,2,0
525,463,Shreya Khan,31,1,0
526,464,Manoj Rao,67,2,0
527,465,Naveen Reddy,71,3,0
528,466,Imran Pujari,13,3,1
529,467,Asha Patil,43,3,0
530,468,Rahul Kumar,44,1,0
531,469,Imran Reddy,5,3,1
532,470,Vijay Patil,72,3,1
533,471,Meera Naik,27,3,0
534,472,Arun Pujari,47,2,0
535,473,Deepak Sharma,24,1,1
536,474,Nandini Mulla,47,2,1
537,474,Deepak Khan,27,1,0
538,475,Nandini Kumar,18,2,0
539,476,Shankar Desai,70,2,1
540,476,Shankar Nayak,44,1,0
541,477,Divya Reddy,30,3,0
542,478,Mahesh Pujari,35,3,0
543,479,Priya Jain,26,2,0
544,480,Meera Gowda,47,1,0
545,481,Vijay Naik,56,2,0
546,482,Ravi Pujari,65,3,1
547,483,Suresh Joshi,52,2,0
548,484,Arun Mulla,76,3,0
549,485,Shreya Naik,42,1,0
550,486,Anil Khan,17,3,0
551,487,Sunil Pujari,34,2,0
552,488,Arun Patil,26,2,0
553,489,Lakshmi Jain,6,2,0
554,490,Sneha Mulla,47,1,0
555,491,Divya Bhat,22,2,0
556,491,Aishwarya Jain,22,2,0
557,492,Naveen Desai,78,3,1
558,493,Meera Reddy,17,2,0
559,493,Prakash Naik,75,1,0
560,494,Kiran Desai,12,1,0
561,495,Shankar Reddy,73,2,0
562,496,Pooja Pujari,57,2,1
563,497,Manoj Nayak,79,1,0
564,498,Sunil Mulla,7,1,0
565,499,Ravi Mulla,47,2,0
566,501,Meera Reddy,70,1,0
567,502,Imran Naik,56,3,0
568,503,Ravi Pujari,60,3,1
569,504,Neha Bhat,73,3,0
570,505,Lakshmi Mulla,35,2,0
571,506,Arun Pujari,20,1,0
572,507,Nandini Kulkarni,47,1,0
573,507,Neha Kulkarni,7,2,0
574,508,Naveen Hegde,54,3,0
575,509,Deepak Khan,19,1,1
576,510,Suresh Mulla,19,2,0
577,511,Lakshmi Reddy,17,2,1
578,512,Pooja Khan,32,2,1
579,513,Suresh Kulkarni,58,1,0
580,514,Shankar Joshi,73,2,0
581,515,Aishwarya Desai,18,1,1
582,516,Sunil Sharma,46,3,0
583,516,Prakash Nayak,31,2,0
584,517,Shankar Jain,20,3,0
585,518,Rahul Sharma,68,1,0
586,519,Manoj Hegde,23,2,0
587,520,Aishwarya Hegde,45,2,1
588,521,Rahul Khan,24,2,0
589,522,Aishwarya Reddy,36,1,0
590,524,Ananya Pujari,68,1,1
591,525,Suresh Mulla,72,1,0
592,526,Ravi Nayak,7,3,0
593,527,Sunil Nayak,37,3,0
594,528,Deepak Desai,14,3,1
595,528,Kiran Pujari,18,1,1
596,529,Ajay Shetty,78,2,0
597,531,Meera Joshi,12,3,0
598,532,Ravi Sharma,60,2,1
599,533,Meera Joshi,35,3,0
600,534,Kiran Patil,47,1,1
601,535,Suresh Mulla,71,1,0
602,535,Anil Kumar,47,3,0
603,536,Aishwarya Rao,57,2,1
604,537,Sunil Desai,27,1,0
605,538,Meera Kulkarni,72,1,1
606,539,Deepak Khan,6,2,0
607,540,Meera Mulla,23,2,0
608,541,Arun Kulkarni,8,2,0
609,542,Mahesh Jain,79,1,0
610,542,Vijay Bhat,67,1,0
611,543,Ajay Bhat,36,1,0
612,544,Lakshmi Joshi,14,1,1
613,545,Nandini Kulkarni,54,3,0
614,546,Pooja Jain,60,2,0
615,547,Rahul Reddy,63,3,0
616,548,Kiran Joshi,62,2,0
617,549,Manoj Joshi,64,1,0
618,549,Sneha Sharma,75,1,0
619,550,Nandini Jain,71,2,1
620,551,Pooja Joshi,35,2,1
621,552,Suresh Kulkarni,6,3,0
622,552,Neha Khan,30,3,0
623,553,Imran Desai,35,3,0
624,554,Kiran Pujari,15,1,0
625,555,Lakshmi Nayak,8,2,0
626,556,Pooja Kumar,56,3,0
627,556,Nandini Mulla,50,1,1
628,557,Pooja Nayak,23,1,0
629,558,Anil Kulkarni,38,2,0
630,559,Deepak Sharma,62,3,0
631,560,Mahesh Kumar,59,2,0
632,561,Arun Kulkarni,79,3,0
633,562,Naveen Joshi,75,2,0
634,563,Kiran Rao,36,3,0
635,564,Ajay Naik,5,3,0
636,565,Vijay Kumar,73,1,1
637,565,Rahul Sharma,29,2,0
638,566,Manoj Mulla,56,2,0
639,567,Anil Rao,67,1,1
640,567,Kiran Shetty,24,3,0
641,567,Ajay Desai,66,2,0
642,568,Farhan Patil,47,3,0
643,568,Ajay Jain,59,2,0
644,569,Kiran Naik,56,2,0
645,570,Priya Shetty,70,3,0
646,571,Priya Shetty,33,2,0
647,572,Sneha Hegde,39,1,0
648,573,Prakash Bhat,27,3,1
649,574,Suresh Nayak,58,2,0
650,575,Kavya Naik,54,3,0
651,575,Lakshmi Desai,52,3,0
652,576,Mahesh Rao,17,1,0
653,577,Shankar Kumar,41,3,0
654,578,Ravi Jain,47,3,0
655,578,Manoj Pujari,51,1,1
656,579,Prakash Kumar,25,3,0
657,580,Divya Desai,57,1,0
658,581,Meera Rao,55,1,0
659,582,Kavya Khan,58,1,0
660,582,Neha Reddy,59,3,0
661,583,Vijay Gowda,6,1,0
662,584,Divya Hegde,27,3,0
663,584,Prakash Mulla,18,2,0
664,585,Sneha Desai,56,2,0
665,586,Ananya Patil,24,2,0
666,587,Anil Kumar,13,3,0
667,588,Kiran Mulla,53,1,0
668,590,Vijay Pujari,55,1,0
669,591,Ravi Bhat,11,1,1
670,591,Anil Khan,76,3,0
671,592,Nandini Sharma,11,1,1
672,593,Nandini Jain,62,3,1
673,595,Pooja Jain,9,1,0
674,595,Nandini Bhat,36,2,0
675,596,Imran Joshi,6,2,0
676,597,Ajay Nayak,18,1,0
677,598,Asha Shetty,56,1,0
678,599,Nandini Pujari,65,2,1
679,600,Naveen Joshi,37,3,1
680,600,Vijay Gowda,46,2,1
681,601,Shreya Reddy,66,1,0
682,602,Divya Nayak,68,3,0
683,603,Meera Patil,78,3,1
684,605,Ananya Desai,64,2,1
685,605,Sunil Jain,75,1,0
686,606,Shankar Khan,18,1,0
687,607,Nandini Bhat,73,1,0
688,607,Vijay Patil,41,1,0
689,608,Divya Gowda,23,3,0
690,609,Rahul Gowda,55,3,0
691,610,Naveen Mulla,10,2,1
692,610,Divya Naik,78,2,1
693,611,Ravi Patil,48,3,0
694,612,Kiran Joshi,16,2,0
695,613,Arun Naik,30,1,0
696,613,Vijay Kumar,75,1,0
697,614,Ananya Kumar,52,1,0
698,615,Arun Reddy,39,3,0
699,615,Sneha Jain,29,1,1
700,616,Arun Joshi,58,3,1
701,617,Vijay Pujari,54,2,0
702,618,Neha Hegde,78,2,0
703,618,Shankar Sharma,70,1,1
704,619,Meera Joshi,12,3,0
705,620,Aishwarya Kulkarni,43,1,0
706,621,Shankar Rao,13,2,0
707,622,Suresh Mulla,70,3,0
708,622,Shankar Kulkarni,28,2,0
709,623,Meera Mulla,8,1,0
710,624,Shreya Rao,28,1,1
711,625,Meera Patil,71,2,1
712,626,Prakash Jain,15,2,0
713,627,Shreya Khan,18,3,0
714,628,Ajay Hegde,10,3,0
715,629,Manoj Naik,47,2,1
716,630,Kiran Khan,27,1,1
717,631,Anil Naik,44,2,1
718,632,Meera Gowda,26,1,1
719,633,Ajay Pujari,79,1,1
720,634,Kiran Reddy,69,2,0
721,635,Naveen Reddy,42,2,0
722,636,Ananya Sharma,35,2,1
723,636,Shankar Shetty,53,2,1
724,638,Prakash Desai,65,1,0
725,639,Deepak Mulla,32,3,0
726,640,Anil Patil,46,2,1
727,640,Kiran Bhat,15,2,0
728,641,Farhan Joshi,11,3,0
729,644,Lakshmi Kumar,32,3,0
730,645,Farhan Gowda,49,2,0
731,646,Sneha Gowda,44,2,0
732,646,Nandini Mulla,29,2,0
733,647,Priya Kulkarni,77,3,0
734,648,Sunil Sharma,50,3,1
735,648,Farhan Kumar,61,3,0
736,648,Ananya Pujari,18,2,0
737,649,Naveen Nayak,17,2,0
738,650,Lakshmi Desai,54,3,0
739,651,Rahul Khan,28,2,0
740,652,Aishwarya Reddy,66,1,0
741,652,Manoj Gowda,9,1,1
742,653,Sneha Shetty,69,3,1
743,654,Suresh Bhat,46,2,1
744,655,Vijay Shetty,58,2,0
745,656,Prakash Patil,70,2,0
746,657,Vijay Khan,51,1,0
747,658,Shreya Sharma,53,1,1
748,659,Deepak Pujari,38,3,1
749,660,Sunil Joshi,8,3,1
750,661,Naveen Joshi,37,1,0
751,662,Shankar Joshi,35,1,0
752,663,Meera Khan,55,2,0
753,664,Nandini Kumar,51,1,0
754,665,Ananya Gowda,33,1,1
755,666,Mahesh Nayak,59,1,1
756,667,Mahesh Bhat,45,2,0
757,668,Shankar Joshi,11,2,0
758,669,Suresh Joshi,79,2,0
759,670,Asha Sharma,55,3,0
760,671,Kiran Joshi,56,3,0
761,672,Arun Pujari,43,2,0
762,673,Divya Jain,5,1,0
763,674,Kiran Gowda,57,1,0
764,674,Priya Patil,52,3,1
765,674,Arun Shetty,61,2,0
766,675,Manoj Kumar,76,1,0
767,675,Farhan Hegde,52,3,1
768,676,Aishwarya Patil,40,2,0
769,677,Manoj Shetty,67,1,0
770,677,Manoj Khan,77,1,0
771,679,Kavya Naik,72,1,0
772,680,Meera Joshi,17,2,0
773,681,Mahesh Joshi,10,2,0
774,682,Imran Shetty,19,1,0
775,683,Imran Joshi,28,3,0
776,684,Shankar Nayak,11,2,1
777,685,Shreya Naik,78,3,0
778,686,Lakshmi Kumar,17,3,0
779,687,Shankar Pujari,6,3,1
780,688,Sneha Naik,15,1,0
781,689,Neha Bhat,51,2,0
782,690,Mahesh Gowda,24,3,0
783,690,Meera Rao,31,2,1
784,691,Naveen Naik,80,1,0
785,692,Deepak Patil,63,2,0
786,693,Divya Hegde,34,3,0
787,696,Kiran Nayak,28,3,0
788,696,Arun Kumar,38,2,0
789,697,Aishwarya Bhat,19,3,1
790,697,Suresh Mulla,47,2,0
791,697,Nandini Pujari,62,2,0
792,698,Rahul Pujari,74,1,0
793,698,Farhan Naik,73,3,0
794,699,Nandini Naik,56,2,0
795,700,Manoj Kulkarni,50,3,1
796,701,Naveen Kulkarni,64,3,0
797,702,Suresh Jain,74,3,0
798,702,Nandini Patil,70,1,0
799,703,Imran Rao,58,3,0
800,704,Farhan Pujari,69,3,0
801,705,Farhan Desai,15,2,0
802,706,Lakshmi Patil,78,2,0
803,707,Ravi Desai,44,3,1
804,708,Kavya Mulla,66,1,0
805,710,Aishwarya Sharma,49,3,0
806,711,Ravi Gowda,45,1,1
807,712,Pooja Reddy,74,3,1
808,713,Sunil Khan,7,3,1
809,715,Naveen Shetty,55,3,0
810,716,Shankar Joshi,51,2,0
811,718,Kavya Nayak,71,1,0
812,719,Naveen Jain,32,2,0
813,720,Ajay Hegde,45,2,0
814,720,Priya Kulkarni,73,2,0
815,721,Meera Naik,36,1,1
816,723,Meera Reddy,57,2,1
817,723,Mahesh Naik,17,2,0
818,724,Suresh Pujari,10,3,0
819,725,Farhan Pujari,52,1,0
820,725,Neha Kulkarni,51,3,0
821,726,Vijay Khan,66,1,0
822,727,Suresh Sharma,63,1,0
823,727,Suresh Pujari,36,2,0
824,728,Kavya Khan,36,1,0
825,729,Imran Gowda,73,1,0
826,730,Vijay Shetty,41,1,0
827,731,Pooja Joshi,20,3,0
828,732,Shreya Kulkarni,80,1,0
829,733,Sneha Hegde,34,3,0
830,734,Naveen Bhat,10,1,1
831,735,Ajay Hegde,75,1,0
832,736,Ananya Rao,48,2,0
833,737,Ananya Naik,71,2,1
834,738,Sneha Patil,15,1,1
835,739,Asha Jain,80,1,0
836,740,Manoj Gowda,18,2,0
837,741,Shankar Joshi,45,3,0
838,741,Prakash Desai,76,1,0
839,742,Imran Mulla,14,3,0
840,742,Priya Bhat,38,1,1
841,744,Arun Naik,38,3,1
842,745,Meera Pujari,70,1,0
843,746,Rahul Gowda,7,2,0
844,746,Shreya Sharma,39,3,0
845,746,Pooja Mulla,76,1,1
846,747,Anil Gowda,23,2,0
847,748,Neha Khan,50,2,0
848,748,Meera Joshi,75,2,0
849,748,Sunil Reddy,43,1,0
850,749,Mahesh Jain,44,2,0
851,750,Mahesh Desai,30,2,0
852,751,Kavya Naik,37,1,0
853,752,Suresh Bhat,17,3,0
854,753,Neha Jain,15,1,0
855,753,Asha Mulla,46,1,0
856,754,Ravi Pujari,54,2,0
857,755,Shankar Shetty,71,2,0
858,756,Prakash Mulla,54,3,0
859,756,Aishwarya Shetty,28,1,1
860,757,Aishwarya Shetty,11,3,0
861,758,Anil Bhat,26,3,0
862,759,Farhan Desai,69,3,0
863,760,Prakash Kulkarni,26,3,1
864,761,Prakash Kulkarni,71,2,0
865,762,Vijay Mulla,32,2,1
866,763,Shreya Sharma,32,3,0
867,765,Manoj Mulla,25,2,0
868,765,Ravi Kumar,77,3,0
869,766,Sneha Khan,16,1,1
870,767,Pooja Khan,11,3,1
871,768,Suresh Kumar,72,3,0
872,769,Pooja Naik,57,1,0
873,769,Meera Shetty,65,1,0
874,770,Ravi Naik,51,2,1
875,771,Vijay Bhat,60,3,0
876,772,Asha Kulkarni,58,2,0
877,773,Pooja Khan,9,1,0
878,773,Mahesh Mulla,20,2,0
879,774,Suresh Hegde,46,3,0
880,775,Ajay Sharma,34,2,0
881,776,Meera Pujari,54,3,1
882,777,Aishwarya Hegde,28,2,0
883,778,Ravi Kumar,47,2,0
884,779,Lakshmi Gowda,64,1,1
885,780,Deepak Gowda,32,3,0
886,782,Suresh Bhat,74,2,0
887,783,Sneha Bhat,16,1,0
888,783,Shreya Joshi,73,2,1
889,784,Asha Mulla,46,2,0
890,785,Prakash Hegde,25,3,0
891,785,Shankar Nayak,38,3,0
892,787,Aishwarya Sharma,63,1,0
893,788,Lakshmi Nayak,70,2,0
894,788,Naveen Reddy,57,3,1
895,788,Arun Reddy,56,2,1
896,789,Meera Hegde,55,1,0
897,791,Asha Kumar,8,1,0
898,791,Shankar Kulkarni,74,2,0
899,792,Meera Desai,75,2,0
900,793,Shankar Sharma,5,3,0
901,793,Imran Hegde,69,1,0
902,795,Lakshmi Gowda,57,1,0
903,796,Nandini Kumar,76,2,0
904,797,Divya Khan,33,1,0
905,797,Priya Rao,43,1,0
906,798,Ajay Nayak,23,3,1
907,799,Imran Shetty,31,3,0
908,800,Prakash Khan,55,3,0
909,801,Shankar Shetty,16,1,1
910,802,Naveen Joshi,50,1,0
911,804,Vijay Nayak,75,2,0
912,805,Rahul Reddy,65,3,1
913,806,Arun Reddy,21,1,1
914,807,Shankar Kumar,21,2,0
915,808,Aishwarya Mulla,5,2,1
916,809,Priya Hegde,13,2,0
917,810,Manoj Joshi,33,3,0
918,811,Naveen Desai,67,3,0
919,811,Neha Desai,32,1,0
920,811,Neha Jain,48,1,1
921,812,Kavya Reddy,58,3,1
922,813,Ravi Patil,62,3,0
923,814,Naveen Reddy,40,2,0
924,816,Farhan Gowda,6,2,0
925,817,Kavya Desai,69,2,0
926,817,Prakash Kulkarni,18,1,0
927,818,Asha Patil,12,1,0
928,819,Naveen Kulkarni,54,2,0
929,820,Manoj Nayak,22,1,0
930,820,Mahesh Shetty,39,2,0
931,821,Ananya Jain,45,2,1
932,822,Prakash Mulla,45,3,1
933,823,Ajay Desai,39,1,1
934,823,Sneha Kumar,70,2,0
935,823,Suresh Nayak,32,3,0
936,824,Kiran Kumar,33,2,0
937,825,Neha Naik,18,3,1
938,826,Priya Pujari,42,3,1
939,827,Deepak Joshi,21,2,0
940,828,Vijay Hegde,55,1,0
941,828,Shankar Desai,7,3,0
942,829,Ananya Mulla,76,2,0
943,830,Imran Bhat,14,2,0
944,831,Rahul Shetty,56,1,0
945,831,Deepak Desai,17,3,0
946,832,Ananya Desai,20,3,0
947,833,Shreya Patil,75,2,0
948,834,Vijay Shetty,24,3,0
949,835,Farhan Bhat,13,1,0
950,835,Naveen Khan,36,2,0
951,836,Imran Sharma,33,3,0
952,837,Anil Kumar,70,2,1
953,837,Lakshmi Kulkarni,25,1,1
954,838,Ajay Rao,80,3,0
955,839,Shankar Patil,66,3,0
956,840,Asha Sharma,50,3,0
957,840,Shreya Kumar,62,3,0
958,841,Ananya Joshi,52,3,1
959,842,Sneha Kulkarni,67,1,0
960,843,Mahesh Khan,56,1,0
961,843,Naveen Patil,12,2,0
962,845,Sunil Kulkarni,6,3,1
963,846,Shankar Jain,59,1,0
964,847,Divya Kulkarni,48,3,1
965,847,Imran Kumar,58,2,0
966,848,Divya Pujari,7,3,0
967,848,Prakash Mulla,62,2,0
968,849,Shreya Desai,33,1,0
969,850,Prakash Jain,61,1,0
970,851,Priya Gowda,80,2,0
971,852,Ravi Rao,42,2,0
972,852,Prakash Reddy,20,1,1
973,852,Meera Naik,40,3,0
974,853,Kavya Hegde,20,2,0
975,854,Imran Bhat,36,3,0
976,855,Divya Gowda,47,1,0
977,856,Pooja Pujari,15,1,1
978,857,Prakash Sharma,51,2,0
979,858,Nandini Naik,13,3,0
980,859,Anil Hegde,74,2,1
981,860,Prakash Gowda,74,1,0
982,861,Kiran Desai,23,2,0
983,862,Arun Desai,6,3,0
984,863,Lakshmi Nayak,43,2,0
985,864,Sneha Khan,46,1,0
986,865,Aishwarya Pujari,57,3,1
987,867,Shreya Rao,38,2,1
988,868,Divya Shetty,41,3,0
989,869,Shankar Kulkarni,36,1,0
990,870,Naveen Kulkarni,47,2,1
991,871,Rahul Sharma,31,1,0
992,872,Sunil Naik,21,1,0
993,873,Imran Bhat,17,1,0
994,874,Arun Reddy,50,2,0
995,875,Deepak Gowda,34,1,1
996,876,Shankar Jain,56,2,0
997,877,Vijay Kulkarni,78,3,0
998,877,Ravi Khan,77,3,0
999,878,Manoj Rao,65,2,0
1000,880,Arun Bhat,40,3,0
1001,881,Arun Gowda,28,1,0
1002,882,Lakshmi Hegde,13,2,0
1003,883,Arun Hegde,47,3,1
1004,884,Deepak Sharma,66,2,0
1005,885,Pooja Mulla,63,2,0
1006,885,Neha Kulkarni,32,2,0
1007,886,Prakash Pujari,64,2,0
1008,887,Sneha Shetty,17,3,1
1009,888,Sneha Jain,71,1,0
1010,888,Divya Kumar,25,3,0
1011,889,Kiran Khan,22,2,0
1012,889,Meera Jain,11,2,0
1013,890,Anil Nayak,22,3,0
1014,891,Aishwarya Patil,72,1,0
1015,891,Meera Jain,69,3,1
1016,892,Rahul Hegde,76,3,0
1017,893,Farhan Shetty,72,3,0
1018,894,Imran Desai,22,3,1
1019,895,Mahesh Hegde,32,2,0
1020,896,Rahul Mulla,54,3,0
1021,897,Divya Khan,41,3,0
1022,898,Manoj Hegde,11,3,0
1023,899,Manoj Kumar,53,2,0
1024,900,Mahesh Khan,12,2,1
1025,900,Manoj Jain,37,1,0
1026,901,Nandini Joshi,8,3,1
1027,901,Manoj Naik,65,2,1
1028,903,Aishwarya Kulkarni,32,2,0
1029,903,Rahul Patil,39,3,1
1030,904,Aishwarya Naik,14,3,0
1031,905,Sunil Desai,66,1,0
1032,906,Sneha Patil,7,1,0
1033,907,Priya Nayak,76,3,0
1034,907,Vijay Reddy,5,2,0
1035,908,Ajay Patil,72,3,0
1036,909,Ananya Jain,55,1,1
1037,910,Kiran Pujari,35,1,0
1038,911,Naveen Jain,17,1,1
1039,912,Farhan Pujari,6,3,1
1040,913,Manoj Nayak,43,3,1
1041,914,Shreya Nayak,12,1,0
1042,915,Anil Kumar,76,3,0
1043,916,Meera Joshi,28,1,0
1044,917,Deepak Gowda,76,3,1
1045,918,Naveen Desai,33,2,1
1046,918,Farhan Pujari,44,2,0
1047,919,Naveen Naik,25,2,1
1048,920,Lakshmi Kumar,56,1,0
1049,921,Vijay Reddy,30,2,1
1050,922,Asha Jain,61,2,0
1051,923,Shreya Patil,66,3,1
1052,924,Kavya Sharma,75,1,0
1053,925,Manoj Bhat,38,2,0
1054,926,Ajay Khan,73,1,0
1055,927,Nandini Kulkarni,22,3,0
1056,928,Sneha Patil,59,3,0
1057,929,Arun Kumar,26,2,0
1058,930,Ananya Bhat,57,2,1
1059,931,Naveen Jain,20,2,0
1060,932,Naveen Patil,22,1,0
1061,932,Mahesh Mulla,13,2,1
1062,933,Priya Jain,25,1,1
1063,934,Prakash Nayak,41,1,0
1064,935,Naveen Kumar,19,1,0
1065,936,Ravi Bhat,60,1,0
1066,937,Neha Joshi,76,1,0
1067,938,Rahul Reddy,75,2,0
1068,939,Sneha Naik,8,3,0
1069,940,Vijay Shetty,66,2,0
1070,941,Shankar Khan,26,2,0
1071,942,Divya Khan,48,1,1
1072,943,Farhan Mulla,35,3,1
1073,944,Ananya Mulla,50,3,0
1074,945,Suresh Sharma,50,2,1
1075,946,Sneha Pujari,22,2,0
1076,947,Deepak Naik,79,1,0
1077,948,Priya Kulkarni,55,3,0
1078,949,Deepak Khan,58,2,0
1079,950,Shreya Shetty,74,1,0
1080,951,Aishwarya Joshi,68,1,0
1081,952,Sunil Bhat,18,1,0
1082,952,Ravi Reddy,26,1,0
1083,953,Prakash Khan,9,3,0
1084,953,Shankar Nayak,19,1,0
1085,954,Priya Kulkarni,51,3,1
1086,955,Shankar Hegde,76,3,1
1087,956,Nandini Kumar,35,3,0
1088,956,Mahesh Jain,53,1,0
1089,957,Naveen Hegde,35,3,1
1090,959,Sneha Jain,36,2,0
1091,960,Ajay Reddy,74,3,0
1092,961,Anil Rao,26,3,0
1093,962,Priya Patil,10,3,1
1094,962,Vijay Jain,66,2,0
1095,963,Ravi Sharma,40,3,0
1096,964,Prakash Kumar,47,2,0
1097,965,Anil Sharma,19,1,0
1098,966,Kiran Nayak,78,3,1
1099,967,Aishwarya Pujari,12,2,1
1100,968,Kiran Kumar,45,3,0
1101,969,Ajay Joshi,28,2,1
1102,970,Shankar Shetty,48,2,0
1103,971,Sunil Kulkarni,46,1,0
1104,971,Naveen Reddy,41,2,0
1105,972,Nandini Khan,17,2,0
1106,973,Priya Rao,29,2,0
1107,974,Shankar Desai,25,2,1
1108,975,Shreya Bhat,15,3,0
1109,976,Suresh Reddy,79,3,0
1110,977,Mahesh Mulla,19,2,0
1111,977,Anil Reddy,35,1,0
1112,978,Shreya Jain,14,3,0
1113,980,Ananya Reddy,14,1,0
1114,980,Shreya Khan,79,2,0
1115,981,Neha Reddy,25,1,0
1116,982,Anil Khan,35,1,0
1117,983,Prakash Mulla,20,1,1
1118,984,Rahul Shetty,79,2,0
1119,985,Pooja Joshi,18,1,0
1120,985,Divya Hegde,24,1,0
1121,986,Sneha Bhat,73,1,1
1122,987,Arun Patil,58,2,1
1123,989,Lakshmi Sharma,78,3,0
1124,990,Anil Jain,35,2,1
1125,990,Farhan Shetty,49,3,1
1126,990,Divya Jain,25,1,0
1127,991,Meera Patil,21,2,0
1128,992,Imran Nayak,44,1,1
1129,993,Sunil Joshi,75,3,0
1130,994,Ananya Sharma,61,1,1
1131,994,Ananya Bhat,80,3,0
1132,995,Asha Sharma,16,2,0
1133,996,Pooja Sharma,80,2,1
1134,997,Shreya Patil,45,2,0
1135,998,Kavya Nayak,69,2,0
1136,1000,Asha Naik,58,1,1
1137,1000,Imran Rao,58,2,0
1138,1000,Deepak Gowda,37,1,0
1139,1002,Mahesh Nayak,62,2,0
1140,1003,Aishwarya Mulla,45,1,0
1141,1004,Asha Mulla,45,1,1
1142,1005,Manoj Khan,76,3,1
1143,1006,Anil Jain,71,1,1
1144,1007,Naveen Sharma,40,1,0
1145,1007,Rahul Desai,14,2,0
1146,1008,Mahesh Kulkarni,79,1,1
1147,1009,Prakash Naik,43,2,0
1148,1009,Aishwarya Shetty,60,1,0
1149,1009,Prakash Pujari,77,1,0
1150,1010,Kavya Kumar,58,3,1
1151,1011,Prakash Khan,65,3,1
1152,1013,Neha Patil,32,2,1
1153,1014,Anil Shetty,64,1,0
1154,1016,Farhan Reddy,34,1,0
1155,1017,Priya Bhat,52,1,0
1156,1018,Ajay Patil,10,3,1
1157,1019,Ravi Desai,25,3,0
1158,1020,Manoj Mulla,9,3,0
1159,1021,Shankar Sharma,20,1,1
1160,1022,Ajay Khan,54,3,0
1161,1022,Pooja Bhat,16,1,0
1162,1023,Ajay Khan,56,3,0
1163,1024,Aishwarya Mulla,33,3,0
1164,1025,Aishwarya Patil,47,1,1
1165,1026,Arun Khan,70,1,1
1166,1027,Asha Rao,34,1,0
1167,1028,Shankar Patil,73,3,0
1168,1029,Nandini Nayak,75,2,1
1169,1030,Deepak Gowda,14,3,1
1170,1030,Prakash Patil,42,3,0
1171,1030,Prakash Shetty,9,3,0
1172,1031,Manoj Mulla,17,1,1
1173,1032,Arun Sharma,56,2,0
1174,1033,Kiran Naik,65,1,0
1175,1033,Arun Pujari,26,1,0
1176,1034,Divya Patil,20,3,0
1177,1034,Imran Joshi,34,1,0
1178,1035,Aishwarya Shetty,56,3,0
1179,1035,Ananya Kulkarni,9,1,0
1180,1036,Manoj Kulkarni,62,1,0
1181,1037,Suresh Nayak,71,1,0
1182,1038,Lakshmi Shetty,65,3,0
1183,1039,Ajay Reddy,69,3,1
1184,1040,Anil Rao,79,1,0
1185,1041,Priya Joshi,62,3,1
1186,1042,Mahesh Rao,6,1,0
1187,1042,Anil Naik,73,1,1
1188,1043,Shreya Rao,80,1,1
1189,1044,Asha Nayak,21,1,0
1190,1045,Asha Gowda,58,1,0
1191,1045,Manoj Shetty,36,3,0
1192,1045,Divya Patil,6,3,1
1193,1046,Nandini Kulkarni,14,1,0
1194,1048,Suresh Reddy,9,3,1
1195,1048,Meera Kulkarni,80,3,1
1196,1049,Vijay Kulkarni,50,1,0
1197,1050,Shankar Patil,26,3,0
1198,1051,Manoj Bhat,56,1,1
1199,1052,Lakshmi Reddy,40,3,1
1200,1053,Ajay Bhat,67,2,0
1201,1054,Prakash Jain,55,2,1
1202,1055,Priya Kumar,6,2,1
1203,1056,Nandini Pujari,67,2,0
1204,1057,Sunil Shetty,31,1,0
1205,1058,Deepak Jain,66,3,0
1206,1058,Sunil Shetty,48,1,0
1207,1059,Lakshmi Rao,42,2,0
1208,1060,Kiran Pujari,40,2,0
1209,1060,Lakshmi Kulkarni,70,3,1
1210,1061,Kavya Joshi,71,1,1
1211,1061,Ravi Khan,37,1,0
1212,1062,Manoj Mulla,18,2,1
1213,1063,Lakshmi Naik,43,2,0
1214,1064,Ananya Patil,23,3,1
1215,1065,Ravi Pujari,70,3,0
1216,1065,Shreya Kulkarni,17,2,1
1217,1066,Asha Kumar,42,2,0
1218,1067,Lakshmi Bhat,65,2,0
1219,1067,Deepak Pujari,55,3,0
1220,1068,Vijay Sharma,40,2,0
1221,1068,Ajay Khan,47,1,0
1222,1069,Suresh Rao,47,1,0
1223,1070,Prakash Kumar,17,1,0
1224,1071,Ananya Kulkarni,44,1,1
1225,1072,Imran Shetty,13,3,0
1226,1073,Meera Desai,16,2,0
1227,1074,Neha Rao,14,1,0
1228,1075,Divya Patil,62,2,0
1229,1076,Priya Bhat,17,2,0
1230,1076,Nandini Rao,8,2,0
1231,1077,Manoj Joshi,68,3,0
1232,1078,Anil Kulkarni,23,3,0
1233,1078,Pooja Mulla,74,3,0
1234,1079,Deepak Rao,15,1,0
1235,1080,Mahesh Gowda,58,3,1
1236,1081,Vijay Gowda,40,3,0
1237,1082,Manoj Bhat,66,3,0
1238,1083,Aishwarya Joshi,27,2,1
1239,1084,Kavya Hegde,74,2,1
1240,1085,Sunil Khan,25,1,0
1241,1086,Neha Naik,79,1,1
1242,1087,Ananya Reddy,21,1,0
1243,1088,Arun Hegde,11,3,0
1244,1088,Kavya Jain,17,2,0
1245,1089,Ajay Reddy,15,2,0
1246,1089,Meera Reddy,62,1,1
1247,1090,Anil Khan,38,2,0
1248,1091,Prakash Mulla,75,2,0
1249,1092,Manoj Bhat,46,3,0
1250,1093,Shreya Hegde,63,3,0
1251,1094,Farhan Kulkarni,31,2,1
1252,1094,Imran Hegde,48,2,0
1253,1095,Mahesh Hegde,76,3,0
1254,1095,Pooja Kumar,52,1,0
1255,1096,Neha Naik,10,2,1
1256,1097,Rahul Khan,61,1,0
1257,1098,Neha Reddy,41,3,1
1258,1099,Asha Desai,33,3,0
1259,1100,Meera Patil,16,1,0
1260,1102,Manoj Shetty,6,2,1
1261,1103,Naveen Gowda,12,2,0
1262,1104,Pooja Khan,22,3,0
1263,1105,Sneha Pujari,30,2,0
1264,1106,Deepak Khan,31,3,0
1265,1107,Suresh Rao,31,2,0
1266,1107,Imran Rao,58,2,0
1267,1108,Anil Mulla,19,1,1
1268,1109,Imran Gowda,25,1,0
1269,1110,Kiran Kulkarni,42,3,1
1270,1111,Kiran Sharma,25,1,0
1271,1112,Divya Desai,13,1,1
1272,1112,Ravi Joshi,73,1,0
1273,1113,Neha Mulla,25,1,0
1274,1114,Deepak Patil,10,1,1
1275,1116,Meera Naik,18,1,1
1276,1117,Manoj Sharma,17,1,0
1277,1119,Naveen Joshi,18,2,0
1278,1120,Sneha Nayak,57,3,1
1279,1121,Rahul Joshi,61,1,0
1280,1122,Priya Sharma,74,1,0
1281,1123,Vijay Rao,21,1,0
1282,1124,Anil Pujari,39,3,0
1283,1125,Kavya Rao,62,3,1
1284,1126,Pooja Desai,63,1,0
1285,1127,Rahul Naik,47,2,0
1286,1128,Asha Jain,6,1,0
1287,1129,Lakshmi Shetty,76,2,1
1288,1129,Ajay Shetty,67,2,0
1289,1130,Suresh Jain,57,2,1
1290,1131,Asha Mulla,7,1,0
1291,1132,Nandini Hegde,36,3,0
1292,1133,Naveen Reddy,15,1,0
1293,1134,Farhan Joshi,51,1,0
1294,1135,Lakshmi Bhat,60,2,0
1295,1135,Suresh Kulkarni,34,3,0
1296,1136,Ravi Sharma,71,1,0
1297,1137,Naveen Nayak,37,3,0
1298,1137,Priya Kumar,51,1,1
1299,1138,Shreya Pujari,15,2,1
1300,1138,Ajay Jain,76,1,0
1301,1139,Ajay Bhat,26,1,1
1302,1140,Mahesh Joshi,62,2,0
1303,1140,Naveen Kumar,5,3,0
1304,1141,Farhan Patil,63,3,0
1305,1142,Imran Hegde,12,1,0
1306,1144,Sunil Desai,71,2,1
1307,1145,Kiran Bhat,43,2,0
1308,1146,Divya Desai,6,2,0
1309,1147,Sneha Naik,8,2,0
1310,1148,Mahesh Bhat,78,1,1
1311,1148,Sunil Gowda,29,1,0
1312,1149,Suresh Patil,56,1,0
1313,1150,Ajay Reddy,16,1,1
1314,1151,Arun Hegde,43,2,1
1315,1151,Ravi Rao,41,2,0
1316,1152,Divya Rao,48,2,0
1317,1153,Shreya Naik,43,1,0
1318,1154,Arun Gowda,68,2,0
1319,1155,Arun Desai,54,2,0
1320,1156,Sunil Sharma,66,3,0
1321,1157,Nandini Kumar,37,1,0
1322,1158,Priya Khan,61,3,0
1323,1159,Vijay Nayak,57,2,0
1324,1160,Asha Bhat,72,2,0
1325,1161,Lakshmi Patil,21,3,0
1326,1162,Lakshmi Hegde,62,2,1
1327,1163,Anil Sharma,33,3,0
1328,1164,Naveen Shetty,26,1,0
1329,1165,Arun Hegde,10,3,0
1330,1165,Asha Kumar,49,1,0
1331,1165,Kavya Hegde,45,1,0
1332,1166,Sneha Kumar,69,3,1
1333,1167,Ananya Joshi,33,2,0
1334,1168,Ananya Kulkarni,6,2,0
1335,1169,Kiran Joshi,52,2,0
1336,1170,Rahul Reddy,30,1,0
1337,1171,Nandini Jain,15,1,0
1338,1171,Pooja Kulkarni,42,1,1
1339,1173,Imran Shetty,49,2,1
1340,1174,Lakshmi Shetty,23,1,0
1341,1175,Divya Joshi,31,3,0
1342,1176,Aishwarya Joshi,34,3,1
1343,1177,Asha Patil,17,1,1
1344,1178,Mahesh Naik,76,3,0
1345,1179,Sunil Reddy,26,1,0
1346,1181,Meera Desai,67,1,1
1347,1182,Farhan Kumar,79,2,0
1348,1183,Asha Kulkarni,20,2,1
1349,1184,Ravi Patil,20,1,1
1350,1185,Shankar Khan,8,1,1
1351,1186,Ananya Mulla,51,1,0
1352,1187,Shankar Jain,17,2,0
1353,1188,Sneha Rao,70,1,0
1354,1189,Naveen Patil,65,1,0
1355,1190,Shankar Naik,12,1,1
1356,1190,Suresh Sharma,27,2,0
1357,1191,Arun Gowda,51,3,1
1358,1192,Prakash Khan,42,1,0
1359,1193,Mahesh Bhat,37,2,1
1360,1194,Aishwarya Shetty,54,2,0
1361,1195,Rahul Joshi,33,3,0
1362,1196,Asha Shetty,75,2,0
1363,1197,Shreya Kumar,38,2,0
1364,1198,Anil Khan,16,1,0
1365,1199,Lakshmi Rao,68,3,0
1366,1199,Naveen Jain,24,3,1
1367,1200,Manoj Patil,69,1,1
1368,1201,Shreya Pujari,50,1,0
1369,1203,Shankar Jain,24,1,1
1370,1204,Arun Mulla,25,3,0
1371,1205,Farhan Bhat,40,3,0
1372,1206,Asha Jain,69,2,0
1373,1207,Imran Pujari,46,1,0
1374,1208,Deepak Gowda,30,2,0
1375,1209,Ajay Shetty,54,1,0
1376,1210,Imran Bhat,26,1,1
1377,1211,Nandini Khan,63,2,1
1378,1212,Vijay Nayak,8,2,0
1379,1212,Sunil Nayak,33,2,0
1380,1212,Shankar Nayak,28,3,0
1381,1213,Aishwarya Bhat,11,3,0
1382,1213,Ananya Jain,47,3,0
1383,1214,Farhan Mulla,78,1,0
1384,1214,Aishwarya Joshi,9,2,1
1385,1215,Priya Sharma,37,2,0
1386,1216,Arun Sharma,58,3,0
1387,1216,Ravi Mulla,55,1,0
1388,1217,Divya Kulkarni,29,2,0
1389,1218,Imran Nayak,60,3,0
1390,1219,Meera Pujari,12,1,0
1391,1220,Sunil Hegde,54,1,1
1392,1220,Ajay Pujari,51,1,1
1393,1221,Imran Mulla,34,3,0
1394,1221,Suresh Gowda,21,1,0
1395,1223,Manoj Shetty,75,2,0
1396,1223,Rahul Kumar,11,3,0
1397,1224,Shreya Kumar,60,2,1
1398,1225,Kavya Hegde,20,2,1
1399,1226,Meera Bhat,50,1,0
1400,1227,Prakash Jain,12,3,0
1401,1227,Manoj Naik,68,1,0
1402,1227,Ravi Desai,25,1,1
1403,1228,Divya Bhat,65,3,1
1404,1228,Nandini Pujari,56,1,0
1405,1229,Shankar Reddy,31,3,0
1406,1230,Neha Bhat,68,2,0
1407,1231,Ajay Jain,41,3,0
1408,1231,Sunil Khan,72,2,1
1409,1232,Meera Reddy,9,3,0
1410,1232,Anil Reddy,30,2,0
1411,1234,Sunil Bhat,22,3,1
1412,1235,Priya Hegde,9,1,0
1413,1235,Aishwarya Hegde,72,2,0
1414,1236,Manoj Mulla,67,1,1
1415,1237,Shreya Hegde,39,1,0
1416,1238,Manoj Gowda,24,1,0
1417,1239,Imran Sharma,46,1,0
1418,1240,Anil Kulkarni,33,3,1
1419,1241,Sneha Reddy,6,2,0
1420,1242,Ananya Joshi,14,2,0
1421,1242,Suresh Gowda,29,2,0
1422,1243,Mahesh Kulkarni,43,1,1
1423,1244,Ajay Joshi,68,3,0
1424,1245,Mahesh Shetty,39,1,1
1425,1246,Asha Reddy,50,2,0
1426,1247,Kiran Joshi,33,3,0
1427,1248,Manoj Sharma,51,1,0
1428,1249,Imran Khan,9,3,0
1429,1250,Farhan Shetty,34,3,0
1430,1250,Aishwarya Joshi,13,1,0
1431,1251,Imran Nayak,13,3,1
1432,1252,Mahesh Khan,31,2,0
1433,1253,Priya Khan,38,1,1
1434,1254,Aishwarya Kumar,54,3,0
1435,1254,Meera Joshi,58,2,0
1436,1256,Pooja Naik,26,1,1
1437,1257,Anil Desai,54,1,0
1438,1258,Deepak Patil,34,1,0
1439,1259,Priya Pujari,56,2,0
1440,1260,Rahul Mulla,69,3,1
1441,1261,Lakshmi Khan,8,1,1
1442,1263,Vijay Sharma,74,1,1
1443,1264,Anil Shetty,5,3,1
1444,1266,Shreya Pujari,38,3,0
1445,1267,Prakash Jain,16,1,0
1446,1268,Imran Reddy,23,3,0
1447,1269,Suresh Shetty,50,2,0
1448,1270,Anil Naik,26,2,1
1449,1271,Suresh Joshi,67,1,0
1450,1272,Lakshmi Patil,79,3,1
1451,1273,Farhan Pujari,14,3,1
1452,1273,Manoj Kulkarni,40,1,0
1453,1273,Sneha Jain,14,3,0
1454,1274,Divya Shetty,48,1,0
1455,1275,Deepak Gowda,69,2,0
1456,1276,Lakshmi Gowda,19,1,0
1457,1277,Kiran Mulla,25,3,0
1458,1278,Divya Bhat,46,2,0
1459,1280,Meera Naik,71,1,0
1460,1281,Meera Naik,74,1,0
1461,1282,Arun Patil,59,1,1
1462,1283,Manoj Sharma,32,1,0
1463,1284,Prakash Hegde,67,3,0
1464,1285,Kavya Rao,70,2,0
1465,1286,Prakash Naik,40,1,0
1466,1286,Mahesh Nayak,12,1,0
1467,1287,Ajay Jain,62,2,0
1468,1288,Neha Kulkarni,16,1,0
1469,1288,Shreya Nayak,70,2,1
1470,1289,Kavya Nayak,30,1,0
1471,1289,Imran Kulkarni,29,1,0
1472,1290,Meera Desai,57,1,1
1473,1291,Pooja Kulkarni,30,1,0
1474,1292,Kavya Sharma,56,1,1
1475,1293,Priya Jain,21,2,1
1476,1294,Neha Jain,11,2,0
1477,1295,Naveen Mulla,80,2,0
1478,1295,Arun Mulla,68,3,0
1479,1296,Prakash Jain,56,3,0
1480,1296,Kavya Hegde,56,1,0
1481,1297,Naveen Rao,9,2,0
1482,1298,Imran Pujari,52,2,0
1483,1298,Ajay Reddy,70,2,0
1484,1299,Naveen Reddy,6,2,0
1485,1300,Vijay Hegde,68,2,0
1486,1300,Farhan Jain,42,3,0
1487,1301,Suresh Desai,31,2,0
1488,1301,Prakash Joshi,12,1,1
1489,1302,Suresh Nayak,51,3,0
1490,1303,Shankar Hegde,77,2,0
1491,1304,Sunil Joshi,67,1,0
1492,1305,Vijay Joshi,21,1,0
1493,1306,Asha Gowda,64,3,1
1494,1306,Vijay Hegde,68,1,0
1495,1306,Mahesh Jain,26,2,0
1496,1307,Naveen Shetty,11,2,0
1497,1308,Anil Joshi,51,3,0
1498,1309,Meera Patil,53,3,0
1499,1310,Nandini Mulla,64,1,0
1500,1310,Kavya Desai,26,3,1
1501,1311,Lakshmi Kulkarni,46,3,0
1502,1312,Ravi Desai,39,1,0
1503,1312,Asha Kumar,32,3,0
1504,1313,Shreya Rao,47,3,0
1505,1314,Kavya Kulkarni,79,1,0
1506,1315,Shreya Rao,25,3,1
1507,1316,Manoj Shetty,5,2,1
1508,1317,Farhan Kumar,56,1,1
1509,1318,Shankar Patil,19,2,0
1510,1319,Rahul Hegde,38,1,0
1511,1319,Kiran Hegde,6,2,1
1512,1320,Manoj Mulla,25,1,0
1513,1321,Deepak Patil,49,2,0
1514,1321,Kavya Rao,18,2,0
1515,1322,Pooja Nayak,74,3,0
1516,1322,Arun Joshi,76,2,1
1517,1323,Kiran Naik,17,1,0
1518,1324,Sunil Rao,52,3,0
1519,1325,Kiran Desai,43,3,0
1520,1326,Kavya Hegde,32,1,0
1521,1327,Lakshmi Sharma,36,3,0
1522,1328,Pooja Reddy,49,2,1
1523,1329,Asha Jain,28,1,0
1524,1330,Kavya Sharma,65,2,1
1525,1330,Vijay Mulla,30,2,0
1526,1331,Meera Hegde,38,3,0
1527,1332,Sunil Desai,11,2,0
1528,1333,Rahul Joshi,29,2,0
1529,1333,Rahul Patil,68,2,0
1530,1333,Sneha Mulla,30,2,0
1531,1334,Deepak Nayak,35,2,0
1532,1335,Kavya Desai,9,2,0
1533,1336,Sunil Nayak,43,3,0
1534,1336,Asha Pujari,14,1,1
1535,1337,Kiran Reddy,41,3,0
1536,1338,Naveen Hegde,79,3,0
1537,1339,Manoj Nayak,41,1,1
1538,1340,Sunil Pujari,77,3,0
1539,1341,Lakshmi Kumar,15,3,0
1540,1342,Prakash Jain,78,1,1
1541,1343,Lakshmi Mulla,79,2,0
1542,1343,Priya Gowda,79,1,0
1543,1343,Shankar Rao,16,3,0
1544,1344,Asha Kumar,33,2,0
1545,1345,Neha Sharma,41,2,1
1546,1345,Kavya Shetty,45,2,1
1547,1346,Kavya Mulla,55,3,0
1548,1347,Meera Rao,27,3,1
1549,1348,Deepak Rao,51,1,0
1550,1350,Prakash Gowda,60,1,0
1551,1351,Nandini Kulkarni,19,1,0
1552,1352,Neha Nayak,30,1,0
1553,1353,Ravi Kulkarni,43,1,1
1554,1354,Aishwarya Reddy,22,2,0
1555,1356,Ananya Desai,21,1,0
1556,1357,Imran Gowda,22,1,0
1557,1358,Shreya Jain,32,1,0
1558,1359,Meera Kumar,15,3,0
1559,1360,Neha Gowda,32,3,0
1560,1360,Kiran Kumar,32,3,1
1561,1361,Farhan Hegde,53,2,0
1562,1362,Shankar Rao,58,3,0
1563,1362,Meera Kulkarni,44,3,1
1564,1363,Imran Nayak,61,1,0
1565,1364,Pooja Khan,12,2,1
1566,1365,Ananya Mulla,21,1,0
1567,1366,Kiran Pujari,41,2,0
1568,1368,Vijay Patil,43,2,0
1569,1369,Asha Pujari,19,2,0
1570,1370,Mahesh Rao,14,2,1
1571,1372,Pooja Desai,72,1,0
1572,1373,Priya Sharma,30,2,0
1573,1374,Naveen Joshi,18,3,1
1574,1374,Suresh Rao,27,2,0
1575,1375,Ravi Nayak,45,1,0
1576,1376,Sneha Hegde,38,1,0
1577,1376,Kavya Desai,80,2,0
1578,1377,Nandini Joshi,15,1,1
1579,1379,Shankar Gowda,25,3,0
1580,1380,Kiran Shetty,18,2,1
1581,1380,Deepak Rao,55,1,0
1582,1380,Ajay Patil,13,1,0
1583,1382,Imran Pujari,68,3,0
1584,1383,Mahesh Rao,48,3,0
1585,1384,Pooja Hegde,76,1,1
1586,1385,Imran Nayak,63,2,0
1587,1386,Shreya Khan,55,3,0
1588,1388,Ravi Jain,53,2,1
1589,1388,Kiran Naik,14,3,1
1590,1389,Ravi Khan,51,2,1
1591,1390,Divya Gowda,34,2,0
1592,1391,Shankar Bhat,12,1,0
1593,1392,Pooja Mulla,30,3,0
1594,1393,Kavya Nayak,51,3,0
1595,1394,Asha Reddy,23,1,1
1596,1395,Mahesh Hegde,18,3,0
1597,1396,Shreya Jain,42,1,0
1598,1397,Shankar Khan,11,1,1
1599,1397,Ajay Bhat,78,3,0
1600,1398,Meera Pujari,6,1,0
1601,1399,Ananya Kumar,44,1,0
1602,1400,Meera Shetty,46,3,0
1603,1401,Prakash Hegde,16,3,0
1604,1402,Manoj Kumar,51,2,0
1605,1403,Anil Patil,79,2,0
1606,1404,Suresh Gowda,49,3,0
1607,1405,Lakshmi Rao,72,3,0
1608,1405,Manoj Desai,46,3,0
1609,1407,Divya Patil,53,3,0
1610,1408,Imran Shetty,58,3,0
1611,1409,Pooja Khan,63,2,1
1612,1410,Mahesh Rao,75,3,0
1613,1411,Pooja Khan,64,2,0
1614,1412,Divya Sharma,49,3,0
1615,1412,Suresh Nayak,79,3,0
1616,1413,Anil Desai,15,1,0
1617,1413,Meera Kulkarni,26,1,0
1618,1413,Deepak Khan,26,3,0
1619,1414,Farhan Rao,66,2,0
1620,1415,Lakshmi Sharma,20,3,0
1621,1417,Nandini Sharma,44,3,0
1622,1417,Divya Naik,70,1,0
1623,1418,Divya Khan,69,3,0
1624,1418,Vijay Nayak,49,3,1
1625,1419,Naveen Mulla,9,1,0
1626,1420,Prakash Shetty,62,1,0
1627,1421,Ravi Kulkarni,76,2,0
1628,1423,Rahul Shetty,48,1,0
1629,1423,Lakshmi Sharma,64,3,1
1630,1424,Deepak Reddy,70,1,0
1631,1425,Manoj Pujari,62,2,0
1632,1426,Imran Rao,64,3,1
1633,1426,Vijay Joshi,60,3,0
1634,1426,Shankar Bhat,38,1,0
1635,1427,Kavya Rao,71,2,0
1636,1428,Arun Kulkarni,53,1,0
1637,1429,Deepak Joshi,72,1,1
1638,1430,Sunil Pujari,80,3,0
1639,1431,Imran Sharma,48,2,0
1640,1432,Shreya Naik,8,3,1
1641,1432,Deepak Naik,57,2,0
1642,1433,Meera Naik,29,3,0
1643,1433,Manoj Patil,60,1,1
1644,1434,Shreya Hegde,14,2,0
1645,1434,Suresh Shetty,34,1,0
1646,1435,Vijay Mulla,32,2,0
1647,1436,Pooja Rao,64,1,0
1648,1437,Sunil Desai,62,1,1
1649,1438,Suresh Reddy,50,1,1
1650,1438,Pooja Jain,17,1,0
1651,1439,Farhan Hegde,6,3,0
1652,1440,Kavya Joshi,6,3,0
1653,1441,Imran Reddy,32,3,0
1654,1442,Nandini Pujari,80,1,0
1655,1443,Sneha Jain,74,1,0
1656,1444,Divya Gowda,68,3,0
1657,1445,Ananya Sharma,33,2,0
1658,1445,Rahul Jain,8,1,0
1659,1445,Meera Nayak,22,3,1
1660,1446,Sunil Reddy,73,1,0
1661,1447,Naveen Reddy,36,1,0
1662,1448,Pooja Khan,80,3,0
1663,1449,Deepak Joshi,32,2,0
1664,1452,Priya Mulla,74,2,0
1665,1453,Nandini Gowda,38,1,0
1666,1454,Arun Patil,21,3,0
1667,1455,Suresh Pujari,41,1,0
1668,1456,Ravi Patil,44,1,0
1669,1457,Divya Reddy,41,3,0
1670,1458,Farhan Desai,64,3,0
1671,1458,Ananya Kumar,71,2,0
1672,1459,Kavya Hegde,80,3,0
1673,1459,Deepak Khan,50,2,0
1674,1459,Shankar Khan,31,3,0
1675,1460,Sunil Naik,54,3,0
1676,1461,Deepak Nayak,52,2,0
1677,1461,Aishwarya Khan,39,2,0
1678,1462,Asha Mulla,74,1,0
1679,1463,Vijay Kumar,37,2,0
1680,1464,Naveen Rao,52,1,0
1681,1465,Sneha Joshi,25,1,0
1682,1466,Asha Desai,64,3,0
1683,1467,Anil Naik,12,2,1
1684,1467,Asha Desai,21,2,0
1685,1468,Lakshmi Kumar,64,1,1
1686,1470,Lakshmi Nayak,35,2,0
1687,1471,Meera Bhat,54,1,0
1688,1471,Sunil Kumar,77,3,0
1689,1473,Priya Kulkarni,18,2,0
1690,1474,Shreya Mulla,42,3,0
1691,1475,Farhan Naik,61,2,1
1692,1476,Arun Kumar,30,1,0
1693,1479,Meera Pujari,66,1,0
1694,1480,Mahesh Kulkarni,37,3,1
1695,1481,Suresh Joshi,42,2,0
1696,1482,Ajay Jain,28,2,0
1697,1483,Priya Khan,64,3,0
1698,1484,Lakshmi Kumar,7,3,0
1699,1485,Kiran Sharma,56,3,1
1700,1485,Priya Gowda,50,2,0
1701,1486,Kavya Bhat,66,1,0
1702,1487,Shreya Nayak,72,1,0
1703,1488,Farhan Sharma,17,1,0
1704,1489,Sneha Mulla,21,3,0
1705,1490,Shreya Kulkarni,10,2,1
1706,1491,Kiran Khan,29,2,0
1707,1491,Arun Kumar,44,1,0
1708,1492,Kiran Kulkarni,73,2,0
1709,1493,Shreya Nayak,38,3,0
1710,1494,Sunil Desai,14,2,0
1711,1496,Rahul Nayak,39,1,0
1712,1496,Neha Desai,43,3,1
1713,1497,Deepak Mulla,53,1,0
1714,1498,Naveen Kulkarni,48,2,0
1715,1498,Manoj Desai,25,2,0
1716,1499,Kiran Rao,46,3,1
1717,1500,Kiran Pujari,9,1,1
1718,1500,Kiran Khan,76,2,1
1719,1501,Shreya Hegde,44,1,0
1720,1501,Manoj Gowda,22,1,0
1721,1502,Prakash Naik,8,2,0
1722,1503,Sunil Kulkarni,50,1,1
1723,1505,Priya Naik,58,1,0
1724,1506,Arun Mulla,27,2,0
1725,1508,Divya Pujari,44,2,0
1726,1508,Anil Naik,10,3,0
1727,1509,Meera Joshi,24,2,0
1728,1510,Ajay Desai,40,2,1
1729,1511,Suresh Desai,5,2,0
1730,1512,Prakash Kulkarni,65,1,0
1731,1513,Aishwarya Desai,19,2,1
1732,1514,Asha Patil,13,1,1
1733,1515,Farhan Gowda,45,1,0
1734,1515,Ajay Shetty,35,2,1
1735,1516,Kavya Bhat,75,3,0
1736,1517,Aishwarya Mulla,65,3,0
1737,1518,Arun Kulkarni,77,2,1
1738,1519,Ananya Khan,13,3,0
1739,1520,Aishwarya Kumar,47,2,0
1740,1521,Kiran Patil,28,1,1
1741,1522,Imran Reddy,63,3,1
1742,1523,Nandini Reddy,59,1,1
1743,1524,Nandini Shetty,18,1,0
1744,1524,Imran Patil,74,1,1
1745,1525,Rahul Sharma,20,1,1
1746,1526,Arun Joshi,49,2,0
1747,1527,Shankar Jain,61,3,0
1748,1528,Ananya Hegde,41,2,0
1749,1529,Vijay Kumar,34,1,0
1750,1530,Suresh Bhat,9,2,0
1751,1530,Ananya Khan,40,1,0
1752,1530,Pooja Hegde,40,1,1
1753,1531,Arun Joshi,37,3,0
1754,1532,Priya Shetty,53,2,1
1755,1533,Shankar Naik,77,2,0
1756,1535,Ajay Shetty,75,1,0
1757,1536,Aishwarya Rao,80,2,0
1758,1537,Asha Khan,72,1,1
1759,1538,Manoj Mulla,53,1,0
1760,1538,Ravi Kumar,20,3,0
1761,1539,Imran Rao,40,1,1
1762,1540,Vijay Jain,16,1,0
1763,1541,Suresh Gowda,70,2,0
1764,1542,Nandini Gowda,53,1,0
1765,1543,Kavya Pujari,36,1,0
1766,1544,Ananya Bhat,31,2,0
1767,1544,Sunil Joshi,54,3,0
1768,1545,Mahesh Rao,22,2,0
1769,1546,Pooja Nayak,31,3,0
1770,1547,Mahesh Shetty,11,1,0
1771,1548,Imran Jain,77,1,0
1772,1549,Ajay Nayak,40,2,0
1773,1551,Prakash Gowda,70,2,1
1774,1552,Deepak Desai,62,3,0
1775,1553,Mahesh Kumar,5,2,0
1776,1553,Vijay Sharma,15,3,0
1777,1553,Aishwarya Jain,6,1,1
1778,1554,Lakshmi Pujari,20,1,0
1779,1555,Anil Kumar,14,3,0
1780,1556,Divya Gowda,36,2,0
1781,1557,Imran Naik,79,3,0
1782,1558,Shankar Shetty,45,1,0
1783,1558,Prakash Kumar,50,3,0
1784,1559,Manoj Bhat,48,1,0
1785,1560,Priya Nayak,9,3,1
1786,1561,Mahesh Kumar,34,3,0
1787,1561,Pooja Hegde,18,2,0
1788,1563,Naveen Hegde,31,1,1
1789,1564,Deepak Pujari,52,1,0
1790,1565,Ravi Desai,59,3,0
1791,1566,Rahul Reddy,32,1,0
1792,1567,Kavya Sharma,55,3,1
1793,1567,Ajay Pujari,75,3,1
1794,1568,Ananya Desai,42,1,0
1795,1568,Asha Kumar,37,1,0
1796,1569,Kiran Bhat,9,2,0
1797,1569,Asha Nayak,42,2,0
1798,1570,Asha Kulkarni,51,3,0
1799,1571,Kavya Naik,73,2,0
1800,1572,Imran Hegde,25,2,0
1801,1573,Ravi Kumar,10,1,0
1802,1575,Kavya Rao,73,3,0
1803,1575,Farhan Nayak,13,2,0
1804,1575,Imran Patil,79,1,0
1805,1576,Ananya Rao,48,3,0
1806,1577,Naveen Kumar,47,3,0
1807,1578,Kiran Mulla,45,3,0
1808,1578,Arun Hegde,39,1,0
1809,1578,Kiran Sharma,34,3,0
1810,1579,Asha Shetty,41,3,1
1811,1580,Vijay Naik,55,1,0
1812,1581,Rahul Nayak,73,2,1
1813,1581,Rahul Naik,72,1,0
1814,1582,Suresh Bhat,19,1,1
1815,1583,Rahul Sharma,29,2,0
1816,1584,Kavya Pujari,55,3,0
1817,1584,Sneha Jain,27,2,0
1818,1584,Manoj Desai,57,2,0
1819,1585,Farhan Naik,58,2,0
1820,1586,Asha Naik,42,2,0
1821,1587,Mahesh Hegde,17,2,0
1822,1587,Shankar Sharma,78,2,1
1823,1588,Priya Gowda,58,1,0
1824,1588,Ravi Mulla,75,1,0
1825,1589,Imran Mulla,45,3,0
1826,1590,Rahul Shetty,68,2,1
1827,1591,Ananya Sharma,12,1,1
1828,1592,Rahul Desai,46,2,0
1829,1592,Naveen Jain,51,2,0
1830,1593,Priya Rao,34,3,0
1831,1594,Prakash Hegde,13,1,1
1832,1595,Ajay Bhat,36,2,0
1833,1595,Manoj Nayak,19,1,0
1834,1596,Kavya Jain,52,3,0
1835,1597,Rahul Desai,69,2,0
1836,1598,Ananya Sharma,18,1,1
1837,1599,Imran Kulkarni,10,1,1
1838,1600,Nandini Mulla,66,2,0
1839,1600,Asha Sharma,74,2,1
1840,1601,Imran Hegde,21,1,0
1841,1601,Imran Kumar,42,2,0
1842,1602,Naveen Pujari,47,2,0
1843,1603,Shankar Reddy,42,1,0
1844,1604,Meera Mulla,36,3,0
1845,1605,Deepak Bhat,56,1,0
1846,1607,Neha Kulkarni,54,1,0
1847,1607,Kavya Reddy,15,3,0
1848,1608,Sunil Jain,59,3,0
1849,1609,Anil Rao,68,3,0
1850,1609,Ajay Mulla,56,1,0
1851,1610,Vijay Bhat,76,2,0
1852,1611,Shankar Sharma,8,3,0
1853,1612,Ajay Patil,41,2,0
1854,1613,Vijay Khan,58,3,1
1855,1614,Ananya Kulkarni,16,2,0
1856,1615,Priya Shetty,73,1,1
1857,1616,Manoj Pujari,36,3,0
1858,1617,Aishwarya Rao,13,3,0
1859,1617,Rahul Patil,12,1,0
1860,1618,Meera Desai,73,2,0
1861,1619,Imran Khan,70,2,0
1862,1620,Deepak Rao,11,1,1
1863,1620,Shreya Bhat,43,2,1
1864,1620,Priya Sharma,58,2,0
1865,1621,Kavya Hegde,16,2,0
1866,1622,Deepak Gowda,12,2,0
1867,1623,Aishwarya Desai,48,3,0
1868,1624,Ananya Kulkarni,10,1,0
1869,1624,Ananya Shetty,78,3,1
1870,1624,Naveen Hegde,35,2,0
1871,1626,Meera Joshi,68,3,1
1872,1627,Anil Patil,33,3,0
1873,1628,Mahesh Mulla,66,2,1
1874,1628,Divya Joshi,21,3,0
1875,1629,Kiran Mulla,18,2,0
1876,1630,Nandini Hegde,27,1,0
1877,1631,Divya Jain,59,1,0
1878,1632,Naveen Kulkarni,54,2,0
1879,1633,Nandini Kulkarni,40,1,0
1880,1634,Prakash Hegde,17,1,0
1881,1635,Deepak Kulkarni,59,3,0
1882,1635,Meera Kumar,31,1,0
1883,1636,Farhan Bhat,35,2,0
1884,1637,Shankar Jain,70,3,0
1885,1638,Shreya Kulkarni,45,2,0
1886,1639,Prakash Sharma,71,1,0
1887,1640,Mahesh Hegde,10,3,0
1888,1640,Kavya Shetty,69,2,0
1889,1641,Priya Gowda,13,1,0
1890,1642,Sneha Desai,43,1,0
1891,1643,Priya Jain,17,2,0
1892,1644,Lakshmi Khan,21,2,0
1893,1645,Prakash Kumar,71,2,0
1894,1646,Ravi Bhat,37,1,0
1895,1648,Kavya Kulkarni,71,3,0
1896,1649,Priya Joshi,68,3,1
1897,1650,Mahesh Gowda,30,1,1
1898,1651,Meera Kumar,18,2,0
1899,1653,Kiran Bhat,74,1,0
1900,1654,Imran Gowda,10,1,1
1901,1654,Asha Joshi,69,1,0
1902,1655,Ravi Bhat,74,2,0
1903,1655,Divya Reddy,62,2,0
1904,1656,Lakshmi Shetty,25,1,0
1905,1656,Neha Shetty,66,3,0
1906,1657,Deepak Nayak,74,3,0
1907,1659,Kiran Kumar,52,2,0
1908,1660,Farhan Hegde,12,3,0
1909,1661,Shankar Naik,45,2,0
1910,1662,Sneha Pujari,64,2,1
1911,1663,Kavya Mulla,59,2,1
1912,1664,Arun Nayak,73,1,0
1913,1665,Kiran Khan,45,2,0
1914,1666,Kavya Kulkarni,16,2,0
1915,1667,Kavya Nayak,73,1,0
1916,1668,Asha Shetty,35,2,0
1917,1669,Nandini Jain,55,1,0
1918,1670,Manoj Reddy,26,2,0
1919,1671,Arun Patil,75,2,0
1920,1672,Meera Rao,31,1,1
1921,1673,Aishwarya Naik,24,1,0
1922,1674,Neha Jain,59,1,0
1923,1675,Kiran Nayak,24,3,0
1924,1676,Manoj Pujari,44,1,1
1925,1677,Naveen Kumar,62,2,0
1926,1678,Sneha Shetty,35,1,0
1927,1679,Divya Hegde,72,1,0
1928,1680,Shreya Kulkarni,36,3,0
1929,1680,Meera Bhat,18,3,0
1930,1681,Aishwarya Shetty,41,3,1
1931,1681,Ravi Mulla,45,2,0
1932,1683,Manoj Bhat,18,3,0
1933,1684,Lakshmi Hegde,55,2,0
1934,1685,Mahesh Joshi,63,1,1
1935,1686,Meera Khan,72,2,0
1936,1687,Arun Sharma,70,1,1
1937,1687,Asha Desai,21,1,0
1938,1688,Sneha Sharma,45,2,0
1939,1688,Nandini Nayak,21,2,0
1940,1689,Rahul Pujari,39,1,0
1941,1690,Neha Jain,54,3,0
1942,1691,Vijay Desai,18,3,1
1943,1691,Divya Patil,78,3,0
1944,1692,Neha Pujari,62,2,0
1945,1693,Pooja Shetty,29,1,1
1946,1694,Divya Naik,14,3,0
1947,1695,Divya Nayak,8,1,0
1948,1695,Suresh Pujari,18,1,0
1949,1696,Deepak Gowda,71,1,1
1950,1697,Anil Jain,32,1,0
1951,1698,Mahesh Naik,14,2,0
1952,1699,Kiran Shetty,41,2,0
1953,1699,Neha Hegde,40,3,0
1954,1700,Priya Gowda,17,2,0
1955,1701,Kavya Shetty,26,2,0
1956,1701,Ravi Patil,15,2,0
1957,1702,Prakash Bhat,80,1,0
1958,1702,Kiran Reddy,57,3,1
1959,1703,Aishwarya Nayak,8,1,1
1960,1704,Priya Gowda,55,3,0
1961,1705,Vijay Mulla,51,3,0
1962,1706,Shankar Patil,73,2,0
1963,1707,Arun Gowda,12,3,0
1964,1707,Suresh Desai,53,3,0
1965,1709,Arun Jain,61,1,1
1966,1710,Ananya Gowda,9,1,1
1967,1711,Lakshmi Shetty,60,2,0
1968,1712,Aishwarya Mulla,37,2,0
1969,1712,Arun Reddy,28,2,1
1970,1713,Suresh Joshi,57,3,0
1971,1713,Priya Reddy,22,2,0
1972,1713,Lakshmi Naik,10,3,0
1973,1714,Priya Kumar,67,3,0
1974,1715,Sneha Shetty,34,3,0
1975,1716,Ravi Desai,72,3,1
1976,1716,Priya Hegde,25,2,0
1977,1717,Imran Nayak,31,1,0
1978,1718,Asha Kulkarni,34,1,1
1979,1719,Lakshmi Patil,9,1,0
1980,1720,Divya Kumar,80,2,0
1981,1720,Mahesh Joshi,12,2,1
1982,1720,Neha Shetty,11,1,0
1983,1721,Shankar Kumar,71,1,0
1984,1722,Nandini Nayak,55,2,0
1985,1724,Manoj Pujari,50,1,0
1986,1724,Manoj Reddy,34,2,1
1987,1725,Arun Reddy,70,2,1
1988,1726,Vijay Gowda,37,3,0
1989,1727,Divya Sharma,79,2,0
1990,1728,Meera Bhat,53,3,0
1991,1730,Divya Mulla,52,2,0
1992,1730,Ajay Sharma,25,3,0
1993,1731,Kavya Kulkarni,69,2,0
1994,1732,Ananya Kumar,35,3,0
1995,1733,Imran Jain,30,2,1
1996,1733,Anil Patil,60,3,0
1997,1733,Manoj Naik,53,1,0
1998,1734,Meera Desai,65,1,0
1999,1735,Lakshmi Gowda,44,3,1
2000,1735,Ajay Rao,45,3,0
2001,1736,Imran Mulla,63,1,0
2002,1737,Sneha Reddy,34,1,0
2003,1737,Kiran Gowda,44,3,1
2004,1738,Sunil Reddy,22,2,0
2005,1738,Mahesh Mulla,72,2,0
2006,1738,Shankar Kulkarni,13,1,1
2007,1740,Ananya Shetty,18,3,1
2008,1741,Divya Mulla,30,1,0
2009,1742,Sunil Nayak,74,1,1
2010,1743,Shreya Joshi,22,2,0
2011,1744,Sunil Rao,70,3,0
2012,1744,Suresh Patil,13,1,0
2013,1745,Farhan Sharma,69,2,1
2014,1746,Farhan Kumar,25,3,0
2015,1747,Lakshmi Rao,63,2,1
2016,1747,Mahesh Khan,14,2,0
2017,1748,Asha Pujari,7,1,0
2018,1749,Divya Mulla,29,3,1
2019,1750,Divya Kumar,11,1,0
2020,1751,Pooja Sharma,20,1,0
2021,1752,Manoj Khan,30,1,0
2022,1753,Nandini Hegde,59,2,0
2023,1754,Imran Khan,9,2,0
2024,1757,Kavya Sharma,9,3,0
2025,1759,Mahesh Kumar,54,1,1
2026,1759,Shankar Shetty,80,3,0
2027,1760,Nandini Mulla,77,3,0
2028,1761,Priya Shetty,23,3,0
2029,1762,Divya Hegde,63,1,0
2030,1763,Nandini Sharma,20,2,0
2031,1764,Mahesh Kumar,69,1,0
2032,1765,Suresh Jain,23,1,1
2033,1765,Kavya Sharma,37,1,0
2034,1766,Aishwarya Joshi,49,1,0
2035,1767,Deepak Joshi,47,2,0
2036,1768,Aishwarya Mulla,17,2,0
2037,1769,Rahul Pujari,58,2,0
2038,1770,Nandini Hegde,5,2,0
2039,1771,Farhan Gowda,76,1,1
2040,1771,Nandini Khan,65,2,1
2041,1772,Shreya Shetty,80,2,1
2042,1773,Rahul Nayak,25,1,0
2043,1773,Shreya Jain,32,1,1
2044,1773,Ravi Kulkarni,52,2,0
2045,1774,Arun Sharma,26,2,1
2046,1775,Naveen Naik,20,1,0
2047,1776,Naveen Mulla,11,1,1
2048,1776,Deepak Naik,17,2,0
2049,1777,Ananya Desai,69,2,1
2050,1777,Kavya Jain,19,2,1
2051,1778,Nandini Kulkarni,54,3,0
2052,1779,Shreya Mulla,25,2,0
2053,1780,Ajay Sharma,78,1,0
2054,1781,Kavya Reddy,5,2,0
2055,1781,Neha Jain,72,1,0
2056,1781,Priya Sharma,22,3,0
2057,1782,Arun Naik,56,3,1
2058,1783,Sneha Jain,39,1,0
2059,1784,Mahesh Reddy,25,1,0
2060,1785,Rahul Rao,66,3,0
2061,1786,Mahesh Reddy,63,1,1
2062,1787,Suresh Hegde,15,1,0
2063,1787,Ravi Nayak,74,1,0
2064,1787,Manoj Gowda,42,1,0
2065,1788,Ananya Nayak,53,3,0
2066,1789,Shankar Joshi,8,3,1
2067,1789,Nandini Hegde,69,1,0
2068,1790,Vijay Joshi,18,2,0
2069,1791,Sunil Kumar,18,2,1
2070,1791,Lakshmi Jain,48,3,1
2071,1792,Vijay Patil,27,3,1
2072,1793,Sunil Kumar,8,1,1
2073,1794,Kavya Mulla,11,3,0
2074,1796,Shreya Patil,11,2,0
2075,1797,Lakshmi Hegde,44,1,0
2076,1798,Farhan Hegde,44,2,1
2077,1799,Meera Gowda,31,2,0
2078,1800,Suresh Pujari,71,3,0
2079,1801,Meera Patil,28,2,0
2080,1801,Vijay Pujari,74,3,0
2081,1802,Sunil Nayak,7,3,0
2082,1802,Sneha Sharma,67,1,0
2083,1803,Lakshmi Kumar,28,1,0
2084,1804,Arun Naik,15,1,0
2085,1804,Neha Sharma,11,2,0
2086,1805,Prakash Naik,74,3,0
2087,1805,Shreya Reddy,78,2,1
2088,1807,Farhan Joshi,30,2,0
2089,1808,Ananya Reddy,41,2,0
2090,1809,Anil Kulkarni,54,3,0
2091,1810,Sunil Kulkarni,31,2,0
2092,1811,Manoj Khan,78,2,1
2093,1812,Manoj Rao,49,2,1
2094,1813,Arun Rao,16,3,0
2095,1814,Ananya Patil,9,3,0
2096,1814,Shankar Joshi,19,2,1
2097,1815,Nandini Jain,47,2,0
2098,1815,Ajay Joshi,27,1,1
2099,1815,Kiran Shetty,73,3,1
2100,1816,Vijay Pujari,28,2,0
2101,1817,Anil Nayak,68,3,0
2102,1818,Aishwarya Rao,20,3,0
2103,1819,Sunil Joshi,66,1,0
2104,1820,Shreya Kulkarni,74,2,0
2105,1821,Neha Kumar,46,1,1
2106,1821,Prakash Desai,45,2,0
2107,1822,Ananya Naik,12,3,1
2108,1823,Prakash Nayak,63,3,0
2109,1824,Imran Naik,34,2,0
2110,1825,Arun Bhat,10,2,0
2111,1826,Asha Naik,65,3,0
2112,1827,Imran Kulkarni,30,1,0
2113,1828,Kiran Patil,58,3,1
2114,1829,Neha Gowda,49,2,0
2115,1830,Ananya Bhat,43,3,0
2116,1831,Kavya Mulla,31,1,0
2117,1832,Imran Khan,22,1,0
2118,1833,Arun Reddy,26,1,0
2119,1834,Sneha Jain,18,3,0
2120,1834,Farhan Shetty,44,2,0
2121,1835,Aishwarya Pujari,59,1,0
2122,1835,Divya Desai,77,3,0
2123,1836,Aishwarya Rao,61,3,0
2124,1837,Naveen Reddy,49,3,1
2125,1837,Farhan Nayak,14,1,1
2126,1837,Rahul Rao,68,1,0
2127,1838,Ajay Reddy,30,2,0
2128,1839,Prakash Gowda,77,3,0
2129,1840,Ajay Bhat,54,1,0
2130,1841,Deepak Desai,51,2,0
2131,1841,Neha Pujari,20,2,0
2132,1842,Suresh Bhat,74,1,0
2133,1843,Nandini Nayak,58,3,1
2134,1844,Manoj Bhat,37,2,0
2135,1844,Kavya Patil,50,2,0
2136,1844,Kavya Kumar,11,3,0
2137,1845,Farhan Mulla,5,3,0
2138,1846,Mahesh Shetty,39,3,0
2139,1847,Naveen Pujari,63,1,1
2140,1848,Ananya Bhat,67,3,0
2141,1848,Ravi Mulla,6,1,0
2142,1849,Arun Naik,65,2,0
2143,1850,Sneha Khan,48,3,1
2144,1851,Prakash Gowda,20,1,0
2145,1852,Kavya Bhat,43,2,0
2146,1852,Vijay Desai,80,1,0
2147,1853,Vijay Naik,28,2,1
2148,1854,Kavya Bhat,74,1,1
2149,1854,Meera Sharma,74,3,0
2150,1854,Arun Desai,9,3,0
2151,1855,Sneha Pujari,66,1,0
2152,1856,Rahul Joshi,19,2,0
2153,1857,Kavya Khan,31,3,0
2154,1858,Ravi Joshi,23,2,0
2155,1859,Prakash Reddy,79,3,1
2156,1859,Divya Nayak,31,3,0
2157,1860,Kiran Jain,80,1,0
2158,1861,Priya Kumar,6,2,0
2159,1862,Meera Naik,66,1,0
2160,1863,Aishwarya Joshi,79,1,0
2161,1863,Farhan Shetty,15,2,0
2162,1864,Suresh Gowda,66,1,0
2163,1864,Farhan Bhat,13,2,0
2164,1865,Suresh Gowda,31,1,1
2165,1866,Suresh Shetty,22,1,1
2166,1867,Deepak Mulla,7,3,1
2167,1867,Ananya Joshi,65,2,0
2168,1868,Kavya Patil,63,2,0
2169,1868,Sneha Shetty,36,1,0
2170,1869,Lakshmi Shetty,18,2,0
2171,1869,Kiran Mulla,69,3,0
2172,1870,Meera Patil,60,3,0
2173,1871,Farhan Khan,79,1,0
2174,1872,Naveen Reddy,34,3,0
2175,1873,Priya Kumar,38,2,0
2176,1874,Pooja Khan,48,3,1
2177,1875,Mahesh Hegde,11,1,0
2178,1875,Rahul Kumar,69,1,0
2179,1876,Lakshmi Nayak,12,3,1
2180,1877,Neha Hegde,70,1,0
2181,1878,Mahesh Joshi,71,1,1
2182,1880,Mahesh Jain,23,2,0
2183,1880,Ajay Gowda,35,2,0
2184,1880,Nandini Gowda,55,1,0
2185,1881,Ananya Shetty,53,2,0
2186,1882,Prakash Naik,19,1,1
2187,1883,Rahul Joshi,31,3,1
2188,1884,Priya Joshi,15,1,1
2189,1885,Ananya Desai,47,1,0
2190,1888,Arun Kulkarni,26,3,1
2191,1888,Ananya Rao,75,2,0
2192,1889,Shreya Sharma,37,1,0
2193,1890,Kiran Mulla,58,1,0
2194,1890,Asha Bhat,30,1,1
2195,1891,Meera Desai,57,2,1
2196,1892,Asha Desai,43,2,0
2197,1893,Shankar Khan,76,2,1
2198,1894,Naveen Pujari,79,3,0
2199,1894,Divya Sharma,6,2,0
2200,1895,Manoj Hegde,34,3,1
2201,1896,Meera Pujari,14,1,0
2202,1897,Farhan Gowda,17,3,1
2203,1898,Anil Kumar,68,1,1
2204,1899,Meera Reddy,34,3,0
2205,1900,Divya Pujari,57,2,0
2206,1900,Shankar Joshi,69,3,0
2207,1901,Neha Gowda,55,1,0
2208,1901,Ravi Naik,63,1,0
2209,1902,Imran Shetty,65,2,1
2210,1903,Deepak Joshi,52,1,0
2211,1903,Suresh Mulla,36,3,0
2212,1904,Deepak Sharma,53,1,1
2213,1904,Kiran Desai,32,3,0
2214,1905,Farhan Kulkarni,76,3,0
2215,1905,Vijay Shetty,20,1,1
2216,1906,Shankar Patil,9,2,0
2217,1907,Lakshmi Pujari,60,3,1
2218,1908,Pooja Naik,14,3,0
2219,1909,Kiran Hegde,21,2,1
2220,1910,Mahesh Sharma,5,1,0
2221,1911,Naveen Nayak,54,2,0
2222,1913,Nandini Kulkarni,54,2,0
2223,1914,Shreya Desai,16,3,0
2224,1915,Manoj Mulla,32,1,0
2225,1916,Imran Hegde,59,1,0
2226,1916,Manoj Rao,53,3,0
2227,1916,Prakash Joshi,27,2,0
2228,1917,Shreya Joshi,30,2,0
2229,1917,Prakash Desai,78,2,0
2230,1918,Imran Nayak,14,2,0
2231,1918,Imran Jain,80,3,0
2232,1919,Suresh Kumar,58,2,0
2233,1920,Priya Mulla,41,3,1
2234,1921,Arun Bhat,20,1,1
2235,1922,Asha Kumar,52,1,0
2236,1923,Sunil Patil,71,3,1
2237,1924,Aishwarya Mulla,52,1,0
2238,1924,Asha Patil,73,2,0
2239,1924,Imran Shetty,47,2,0
2240,1925,Sunil Jain,27,2,0
2241,1926,Suresh Nayak,78,3,0
2242,1927,Sneha Khan,72,1,0
2243,1928,Sneha Joshi,16,3,0
2244,1929,Farhan Hegde,52,2,1
2245,1930,Meera Bhat,24,3,0
2246,1931,Farhan Rao,80,2,0
2247,1932,Sneha Shetty,80,3,0
2248,1933,Ananya Patil,48,3,0
2249,1933,Suresh Desai,35,3,1
2250,1933,Imran Gowda,16,1,1
2251,1934,Sunil Rao,60,1,0
2252,1936,Farhan Rao,6,1,0
2253,1937,Meera Hegde,45,1,0
2254,1938,Shankar Pujari,66,2,0
2255,1939,Nandini Gowda,51,3,0
2256,1939,Suresh Shetty,42,3,0
2257,1940,Divya Sharma,58,3,0
2258,1941,Aishwarya Hegde,10,3,0
2259,1942,Vijay Rao,35,3,0
2260,1943,Naveen Kulkarni,80,1,0
2261,1944,Ravi Sharma,63,2,0
2262,1945,Nandini Naik,65,1,1
2263,1946,Manoj Pujari,43,3,1
2264,1946,Pooja Khan,62,3,0
2265,1947,Divya Hegde,74,1,0
2266,1948,Anil Khan,48,3,0
2267,1949,Prakash Patil,23,2,0
2268,1950,Prakash Nayak,53,2,1
2269,1951,Vijay Khan,62,3,0
2270,1952,Nandini Sharma,11,1,0
2271,1952,Imran Reddy,6,1,0
2272,1953,Kiran Hegde,78,3,0
2273,1954,Priya Gowda,51,2,0
2274,1955,Farhan Patil,6,3,0
2275,1957,Aishwarya Kulkarni,12,3,0
2276,1957,Arun Mulla,52,2,0
2277,1958,Arun Bhat,49,2,1
2278,1958,Arun Sharma,55,3,1
2279,1959,Vijay Gowda,61,1,0
2280,1960,Kiran Jain,18,1,0
2281,1961,Sunil Rao,64,1,0
2282,1962,Nandini Shetty,46,3,0
2283,1963,Suresh Gowda,52,2,0
2284,1964,Kavya Hegde,71,1,0
2285,1964,Ravi Bhat,12,3,0
2286,1965,Vijay Nayak,50,1,0
2287,1966,Aishwarya Joshi,56,1,0
2288,1967,Prakash Desai,23,3,0
2289,1968,Prakash Hegde,68,1,0
2290,1968,Nandini Khan,43,2,0
2291,1968,Deepak Sharma,27,2,1
2292,1969,Deepak Joshi,75,2,0
2293,1970,Deepak Kulkarni,35,2,1
2294,1971,Ananya Khan,57,1,0
2295,1972,Ravi Jain,79,2,0
2296,1972,Neha Desai,39,3,0
2297,1973,Neha Reddy,79,1,0
2298,1974,Manoj Naik,32,3,1
2299,1975,Mahesh Rao,12,3,0
2300,1976,Arun Khan,72,2,0
2301,1977,Meera Shetty,73,1,0
2302,1978,Divya Mulla,12,1,0
2303,1979,Divya Rao,64,2,1
2304,1979,Aishwarya Naik,20,1,0
2305,1980,Priya Sharma,43,1,0
2306,1981,Mahesh Hegde,54,2,1
2307,1981,Asha Rao,77,3,0
2308,1982,Imran Patil,15,1,1
2309,1982,Kiran Kulkarni,47,2,1
2310,1983,Shankar Mulla,58,1,0
2311,1984,Rahul Kumar,35,3,0
2312,1985,Shreya Desai,54,3,0
2313,1986,Shankar Nayak,61,3,1
2314,1987,Ajay Hegde,23,1,0
2315,1987,Pooja Pujari,49,2,0
2316,1988,Meera Naik,21,3,1
2317,1989,Ajay Rao,60,2,0
2318,1990,Anil Jain,44,2,0
2319,1992,Neha Nayak,50,1,0
2320,1993,Manoj Desai,45,2,0
2321,1994,Imran Kumar,26,2,0
2322,1995,Anil Joshi,78,2,0
2323,1996,Pooja Naik,14,3,0
2324,1997,Asha Shetty,32,3,0
2325,1997,Anil Nayak,21,3,0
2326,1997,Rahul Bhat,45,3,0
2327,1998,Shankar Pujari,50,3,0
2328,1999,Suresh Pujari,29,1,0
2329,2000,Rahul Shetty,55,2,0
2330,2001,Kavya Kulkarni,70,2,1
2331,2002,Manoj Jain,13,1,0
2332,2003,Imran Nayak,28,1,0
2333,2004,Kiran Sharma,75,3,0
2334,2005,Pooja Rao,53,3,1
2335,2006,Imran Kumar,23,3,0
2336,2007,Ravi Bhat,31,1,0
2337,2008,Kiran Khan,6,3,1
2338,2008,Anil Shetty,72,3,0
2339,2009,Priya Desai,12,2,1
2340,2009,Ravi Naik,40,2,0
2341,2010,Ajay Rao,39,1,1
2342,2011,Imran Sharma,37,3,0
2343,2012,Sneha Desai,50,1,0
2344,2013,Vijay Hegde,6,3,0
2345,2014,Sunil Sharma,29,1,0
2346,2014,Sneha Jain,39,3,0
2347,2014,Ajay Sharma,63,3,0
2348,2015,Manoj Joshi,53,2,0
2349,2016,Rahul Mulla,52,1,0
2350,2016,Deepak Desai,53,3,1
2351,2017,Priya Patil,33,2,0
2352,2018,Kiran Khan,23,1,0
2353,2019,Sunil Reddy,37,2,0
2354,2021,Divya Pujari,36,2,0
2355,2022,Divya Desai,53,1,0
2356,2023,Kiran Jain,55,1,0
2357,2024,Pooja Desai,75,3,1
2358,2025,Farhan Mulla,38,3,1
2359,2026,Manoj Hegde,73,1,1
2360,2027,Shankar Joshi,34,3,0
2361,2028,Priya Shetty,10,3,0
2362,2029,Nandini Mulla,21,3,0
2363,2029,Pooja Desai,37,1,0
2364,2029,Pooja Reddy,17,2,0
2365,2030,Meera Shetty,23,2,1
2366,2031,Anil Sharma,72,1,0
2367,2031,Suresh Patil,21,1,0
2368,2032,Pooja Pujari,11,1,1
2369,2033,Rahul Reddy,11,3,0
2370,2034,Imran Gowda,32,1,0
2371,2035,Suresh Reddy,32,2,0
2372,2037,Vijay Mulla,52,2,0
2373,2038,Kiran Gowda,61,2,0
2374,2039,Farhan Naik,46,3,0
2375,2040,Lakshmi Gowda,23,3,0
2376,2041,Suresh Shetty,80,2,0
2377,2042,Kavya Patil,54,2,0
2378,2043,Anil Pujari,24,3,0
2379,2044,Farhan Pujari,41,3,0
2380,2045,Shankar Shetty,49,3,1
2381,2046,Kiran Bhat,13,1,0
2382,2046,Ravi Kulkarni,60,1,0
2383,2046,Deepak Bhat,72,3,0
2384,2048,Lakshmi Joshi,46,3,0
2385,2048,Kavya Mulla,5,3,0
2386,2049,Naveen Bhat,53,1,0
2387,2050,Suresh Kulkarni,60,2,1
2388,2051,Kavya Desai,43,3,0
2389,2052,Priya Shetty,79,2,0
2390,2053,Anil Jain,22,3,0
2391,2054,Mahesh Mulla,44,1,0
2392,2055,Ananya Nayak,54,1,1
2393,2056,Ananya Jain,23,1,0
2394,2058,Neha Rao,39,3,0
2395,2058,Deepak Shetty,59,2,0
2396,2059,Asha Mulla,64,2,0
2397,2060,Deepak Reddy,77,3,0
2398,2061,Anil Patil,47,3,0
2399,2062,Meera Hegde,14,1,0
2400,2062,Asha Joshi,38,3,0
2401,2062,Asha Naik,79,1,0
2402,2063,Prakash Reddy,28,1,0
2403,2063,Lakshmi Desai,65,3,0
2404,2064,Sneha Reddy,23,1,0
2405,2065,Ajay Khan,15,2,0
2406,2065,Nandini Kumar,46,3,0
2407,2066,Prakash Khan,24,2,0
2408,2066,Priya Naik,15,1,0
2409,2067,Divya Rao,51,1,0
2410,2067,Deepak Rao,58,1,0
2411,2068,Ravi Pujari,64,3,1
2412,2068,Asha Hegde,64,2,0
2413,2069,Neha Patil,61,1,0
2414,2070,Aishwarya Bhat,48,1,0
2415,2072,Priya Reddy,55,3,0
2416,2073,Asha Shetty,34,3,1
2417,2074,Mahesh Jain,55,1,0
2418,2074,Asha Hegde,27,3,0
2419,2075,Pooja Bhat,11,1,0
2420,2075,Rahul Kulkarni,61,1,1
2421,2076,Naveen Kumar,62,2,1
2422,2077,Lakshmi Hegde,15,1,0
2423,2078,Divya Joshi,30,1,0
2424,2079,Manoj Hegde,17,3,0
2425,2081,Anil Sharma,40,2,0
2426,2082,Priya Joshi,54,3,0
2427,2083,Shankar Kulkarni,15,1,0
2428,2084,Manoj Desai,55,3,0
2429,2085,Ajay Reddy,52,1,0
2430,2086,Meera Nayak,69,1,0
2431,2087,Kiran Desai,65,2,0
2432,2088,Asha Gowda,49,1,0
2433,2089,Divya Bhat,35,2,0
2434,2089,Farhan Kumar,25,2,0
2435,2090,Arun Khan,56,2,0
2436,2090,Kiran Bhat,52,1,0
2437,2091,Suresh Bhat,17,3,1
2438,2092,Mahesh Joshi,19,2,1
2439,2092,Kavya Rao,19,3,0
2440,2093,Naveen Patil,37,2,0
2441,2094,Aishwarya Nayak,62,3,0
2442,2095,Neha Bhat,29,3,1
2443,2096,Meera Mulla,52,2,0
2444,2097,Sneha Rao,34,2,0
2445,2098,Neha Patil,69,2,0
2446,2099,Ananya Shetty,23,3,0
2447,2100,Rahul Sharma,30,3,0
2448,2101,Nandini Reddy,74,3,0
2449,2102,Asha Mulla,58,3,0
2450,2103,Meera Kulkarni,9,2,1
2451,2104,Ravi Khan,68,1,0
2452,2104,Lakshmi Gowda,30,3,1
2453,2105,Pooja Patil,39,3,0
2454,2106,Kavya Naik,77,3,0
2455,2107,Neha Naik,25,2,0
2456,2107,Nandini Kulkarni,54,3,1
2457,2108,Lakshmi Kulkarni,78,3,1
2458,2109,Meera Jain,52,3,1
2459,2110,Anil Gowda,32,3,1
2460,2111,Vijay Jain,10,1,0
2461,2112,Arun Hegde,47,1,0
2462,2112,Aishwarya Gowda,37,2,0
2463,2112,Lakshmi Kulkarni,43,3,0
2464,2114,Shankar Bhat,18,1,0
2465,2115,Asha Naik,42,1,0
2466,2116,Pooja Shetty,34,1,0
2467,2117,Farhan Desai,38,1,1
2468,2118,Ajay Khan,46,3,0
2469,2119,Sunil Hegde,28,3,0
2470,2120,Meera Gowda,29,2,0
2471,2121,Shankar Bhat,30,1,1
2472,2122,Divya Jain,64,3,0
2473,2123,Mahesh Desai,40,1,1
2474,2123,Manoj Kulkarni,18,1,0
2475,2124,Suresh Gowda,53,1,0
2476,2125,Asha Kulkarni,47,1,0
2477,2127,Ananya Sharma,25,3,0
2478,2128,Rahul Pujari,64,1,1
2479,2129,Vijay Khan,49,2,0
2480,2130,Sneha Naik,79,1,0
2481,2130,Arun Hegde,27,2,0
2482,2131,Priya Kumar,38,3,0
2483,2132,Aishwarya Naik,22,1,1
2484,2133,Priya Naik,41,3,0
2485,2135,Divya Gowda,32,1,1
2486,2136,Deepak Kulkarni,44,3,0
2487,2137,Imran Nayak,58,1,0
2488,2137,Naveen Kumar,30,2,0
2489,2138,Vijay Rao,37,1,0
2490,2139,Farhan Reddy,54,1,1
2491,2140,Mahesh Naik,63,3,0
2492,2140,Meera Desai,55,2,1
2493,2141,Suresh Jain,25,3,0
2494,2142,Anil Kulkarni,48,1,0
2495,2143,Rahul Mulla,6,3,0
2496,2143,Sunil Kulkarni,35,1,1
2497,2144,Priya Hegde,32,3,0
2498,2145,Pooja Reddy,31,3,0
2499,2146,Deepak Khan,50,1,0
2500,2147,Asha Gowda,24,1,0
2501,2149,Nandini Sharma,44,1,1
2502,2150,Anil Pujari,78,3,1
2503,2151,Vijay Rao,36,2,0
2504,2151,Priya Naik,42,2,0
2505,2152,Naveen Kulkarni,11,3,0
2506,2153,Nandini Desai,54,1,0
2507,2154,Shankar Joshi,61,1,0
2508,2154,Manoj Bhat,49,1,0
2509,2155,Naveen Reddy,30,1,1
2510,2156,Priya Patil,52,1,0
2511,2156,Neha Pujari,59,1,0
2512,2157,Deepak Gowda,43,2,0
2513,2158,Priya Khan,75,3,1
2514,2159,Deepak Shetty,11,2,0
2515,2159,Sunil Rao,79,2,0
2516,2160,Ajay Rao,43,3,0
2517,2161,Imran Rao,8,3,0
2518,2162,Mahesh Jain,12,2,0
2519,2164,Shreya Patil,5,2,1
2520,2165,Prakash Nayak,15,1,0
2521,2166,Pooja Pujari,79,3,1
2522,2167,Shankar Pujari,64,1,0
2523,2169,Divya Joshi,74,1,0
2524,2170,Suresh Shetty,74,3,0
2525,2170,Arun Hegde,32,1,1
2526,2171,Shreya Jain,33,3,0
2527,2172,Lakshmi Shetty,52,1,0
2528,2172,Manoj Khan,36,2,1
2529,2173,Neha Nayak,12,2,0
2530,2174,Imran Mulla,66,3,0
2531,2175,Naveen Kumar,6,1,0
2532,2176,Sunil Mulla,52,1,0
2533,2177,Aishwarya Joshi,18,2,0
2534,2178,Shreya Desai,80,1,0
2535,2179,Pooja Rao,19,3,0
2536,2180,Kiran Mulla,61,3,0
2537,2180,Lakshmi Shetty,28,1,1
2538,2181,Manoj Mulla,14,3,0
2539,2182,Imran Bhat,18,2,1
2540,2183,Pooja Reddy,37,1,0
2541,2184,Aishwarya Shetty,44,2,1
2542,2185,Pooja Bhat,53,3,0
2543,2186,Sneha Pujari,23,3,1
2544,2186,Kavya Jain,14,3,1
2545,2187,Ajay Kulkarni,68,2,0
2546,2189,Anil Sharma,69,1,0
2547,2189,Sneha Kulkarni,33,3,0
2548,2190,Kiran Khan,75,2,0
2549,2191,Priya Shetty,31,2,1
2550,2192,Vijay Joshi,20,1,0
2551,2193,Imran Pujari,33,3,0
2552,2194,Neha Gowda,30,1,0
2553,2196,Neha Gowda,35,1,0
2554,2196,Farhan Sharma,54,3,0
2555,2197,Pooja Mulla,6,3,1
2556,2198,Lakshmi Reddy,70,2,0
2557,2199,Sunil Pujari,41,1,0
2558,2201,Kiran Reddy,8,3,0
2559,2202,Rahul Sharma,27,3,0
2560,2202,Priya Hegde,14,3,0
2561,2203,Rahul Rao,26,3,0
2562,2204,Mahesh Khan,55,3,0
2563,2205,Lakshmi Patil,15,1,1
2564,2205,Aishwarya Kumar,9,1,0
2565,2206,Sunil Nayak,74,3,0
2566,2208,Ajay Pujari,19,3,0
2567,2209,Anil Shetty,76,2,1
2568,2210,Divya Joshi,41,3,1
2569,2211,Neha Reddy,41,2,1
2570,2211,Imran Mulla,32,3,0
2571,2211,Ravi Patil,19,1,0
2572,2213,Neha Naik,39,1,0
2573,2214,Mahesh Sharma,11,3,1
2574,2215,Manoj Desai,75,3,0
2575,2216,Shankar Patil,64,3,0
2576,2217,Shreya Patil,47,1,0
2577,2218,Shreya Rao,62,3,0
2578,2219,Priya Patil,12,2,1
2579,2220,Ananya Bhat,72,3,0
2580,2221,Kiran Pujari,46,2,0
2581,2221,Asha Bhat,73,2,1
2582,2222,Nandini Khan,43,3,0
2583,2223,Manoj Sharma,38,1,0
2584,2223,Rahul Naik,45,3,0
2585,2224,Ananya Pujari,46,1,0
2586,2226,Imran Naik,21,3,0
2587,2226,Shankar Kumar,56,1,0
2588,2227,Shreya Hegde,77,2,0
2589,2227,Ananya Joshi,11,3,1
2590,2228,Sunil Pujari,58,3,0
2591,2229,Ajay Desai,71,1,0
2592,2230,Manoj Hegde,33,1,0
2593,2231,Priya Hegde,20,1,0
2594,2231,Sneha Patil,79,1,0
2595,2233,Manoj Kulkarni,26,2,0
2596,2234,Sunil Jain,29,2,0
2597,2235,Suresh Mulla,57,2,1
2598,2235,Vijay Reddy,54,1,0
2599,2237,Rahul Rao,78,1,0
2600,2238,Ajay Mulla,47,2,1
2601,2238,Vijay Pujari,15,2,0
2602,2239,Imran Desai,40,1,0
2603,2240,Rahul Kumar,7,2,1
2604,2241,Kavya Gowda,42,3,0
2605,2242,Ajay Reddy,35,3,1
2606,2243,Neha Pujari,21,3,0
2607,2243,Vijay Naik,23,1,1
2608,2244,Mahesh Patil,41,1,1
2609,2244,Farhan Pujari,17,2,1
2610,2245,Ravi Shetty,59,3,0
2611,2246,Manoj Gowda,37,3,0
2612,2247,Ajay Reddy,12,2,0
2613,2248,Lakshmi Pujari,41,1,0
2614,2249,Mahesh Kulkarni,67,3,1
2615,2250,Kiran Kulkarni,72,3,0
2616,2251,Priya Khan,67,2,0
2617,2252,Nandini Mulla,59,3,0
2618,2253,Vijay Joshi,70,2,1
2619,2254,Mahesh Kumar,12,3,0
2620,2255,Mahesh Jain,65,2,0
2621,2256,Ajay Naik,19,3,0
2622,2257,Prakash Kumar,28,2,0
2623,2258,Vijay Shetty,75,2,0
2624,2259,Nandini Patil,12,3,0
2625,2260,Meera Rao,68,3,0
2626,2261,Ananya Gowda,21,2,1
2627,2262,Imran Shetty,50,1,0
2628,2263,Naveen Gowda,52,2,0
2629,2264,Sunil Rao,44,2,0
2630,2265,Vijay Gowda,15,2,0
2631,2266,Asha Kulkarni,70,3,0
2632,2267,Anil Hegde,53,3,1
2633,2269,Imran Rao,56,3,0
2634,2270,Nandini Sharma,50,3,0
2635,2271,Lakshmi Jain,6,3,1
2636,2272,Lakshmi Kulkarni,36,2,0
2637,2273,Nandini Hegde,50,3,0
2638,2275,Pooja Joshi,17,1,0
2639,2276,Asha Nayak,11,2,0
2640,2276,Ananya Kulkarni,61,3,1
2641,2277,Ananya Mulla,73,2,1
2642,2278,Vijay Reddy,60,2,0
2643,2279,Imran Kulkarni,50,2,1
2644,2280,Anil Jain,23,2,1
2645,2280,Shreya Khan,80,1,0
2646,2281,Shankar Kulkarni,10,3,1
2647,2282,Lakshmi Pujari,30,3,1
2648,2283,Manoj Kulkarni,49,1,0
2649,2285,Ajay Naik,25,2,0
2650,2286,Kavya Jain,70,1,0
2651,2287,Farhan Kulkarni,78,3,0
2652,2288,Arun Nayak,74,1,1
2653,2289,Nandini Bhat,76,3,0
2654,2290,Suresh Joshi,8,2,0
2655,2291,Ravi Kulkarni,16,1,0
2656,2291,Manoj Hegde,59,2,0
2657,2292,Ananya Naik,37,3,0
2658,2293,Mahesh Nayak,7,2,1
2659,2294,Aishwarya Gowda,24,3,1
2660,2295,Shreya Patil,19,1,0
2661,2296,Sunil Patil,55,3,0
2662,2297,Vijay Shetty,75,3,0
2663,2298,Divya Rao,16,1,1
2664,2298,Sunil Shetty,28,3,0
2665,2299,Naveen Rao,18,3,1
2666,2299,Anil Khan,49,3,0
2667,2301,Anil Joshi,29,1,0
2668,2302,Lakshmi Jain,79,2,0
2669,2303,Imran Hegde,26,2,0
2670,2303,Suresh Kulkarni,73,3,0
2671,2304,Nandini Reddy,75,2,0
2672,2305,Ravi Nayak,8,1,0
2673,2306,Meera Mulla,78,3,0
2674,2306,Rahul Patil,39,1,1
2675,2307,Divya Hegde,55,1,1
2676,2308,Asha Pujari,63,3,0
2677,2309,Meera Gowda,45,2,1
2678,2309,Lakshmi Jain,8,1,1
2679,2310,Rahul Khan,45,3,0
2680,2311,Anil Hegde,21,1,0
2681,2312,Mahesh Kulkarni,22,2,0
2682,2313,Nandini Kumar,21,2,0
2683,2314,Ananya Jain,15,2,1
2684,2315,Kavya Shetty,31,2,0
2685,2315,Nandini Joshi,59,3,0
2686,2316,Mahesh Rao,52,3,0
2687,2316,Sneha Pujari,67,2,1
2688,2318,Naveen Patil,61,2,0
2689,2319,Prakash Sharma,35,2,0
2690,2320,Farhan Pujari,45,1,0
2691,2320,Meera Joshi,76,3,1
2692,2321,Anil Rao,27,3,0
2693,2322,Aishwarya Shetty,63,1,1
2694,2323,Sneha Rao,47,1,0
2695,2324,Asha Shetty,50,3,0
2696,2324,Rahul Mulla,78,2,1
2697,2325,Shreya Mulla,12,1,0
2698,2326,Arun Kumar,77,3,1
2699,2327,Nandini Bhat,52,2,0
2700,2328,Shreya Nayak,44,2,0
2701,2329,Ravi Desai,37,2,0
2702,2329,Shankar Patil,42,1,0
2703,2330,Vijay Bhat,40,3,0
2704,2332,Rahul Rao,9,1,1
2705,2333,Asha Sharma,70,3,0
2706,2333,Meera Desai,40,3,0
2707,2335,Naveen Joshi,37,2,0
2708,2336,Farhan Jain,41,3,0
2709,2337,Neha Reddy,52,3,1
2710,2338,Prakash Shetty,40,3,0
2711,2338,Neha Kumar,31,2,0
2712,2339,Ananya Jain,7,3,1
2713,2340,Ravi Shetty,30,1,0
2714,2341,Sunil Hegde,62,3,0
2715,2342,Ajay Kumar,51,3,0
2716,2343,Shreya Joshi,73,2,1
2717,2344,Deepak Gowda,39,3,0
2718,2345,Arun Naik,39,1,0
2719,2346,Suresh Sharma,38,3,0
2720,2347,Pooja Naik,59,3,1
2721,2348,Priya Bhat,58,2,1
2722,2349,Meera Khan,54,1,0
2723,2350,Shreya Gowda,48,2,0
2724,2350,Vijay Jain,36,3,0
2725,2351,Kavya Rao,46,3,0
2726,2351,Arun Hegde,37,2,1
2727,2352,Priya Reddy,72,1,0
2728,2353,Ananya Patil,25,2,0
2729,2354,Imran Rao,20,3,1
2730,2355,Kavya Sharma,71,1,0
2731,2356,Mahesh Pujari,11,3,1
2732,2357,Mahesh Bhat,49,2,0
2733,2358,Ananya Kumar,7,2,0
2734,2359,Vijay Sharma,56,2,1
2735,2361,Meera Bhat,23,1,1
2736,2362,Ravi Mulla,76,2,0
2737,2363,Suresh Joshi,58,3,0
2738,2364,Mahesh Reddy,17,2,1
2739,2364,Vijay Naik,40,1,0
2740,2364,Deepak Shetty,72,3,0
2741,2365,Imran Kumar,48,1,0
2742,2366,Farhan Naik,25,2,0
2743,2366,Naveen Bhat,21,3,0
2744,2367,Ananya Gowda,80,2,0
2745,2368,Neha Hegde,40,3,0
2746,2369,Kavya Mulla,12,2,1
2747,2370,Suresh Jain,54,3,1
2748,2371,Suresh Sharma,57,1,1
2749,2372,Pooja Gowda,80,1,0
2750,2373,Naveen Desai,27,2,0
2751,2374,Kavya Jain,64,3,0
2752,2375,Arun Kulkarni,45,1,1
2753,2376,Sunil Reddy,73,1,1
2754,2377,Kavya Naik,8,1,1
2755,2378,Deepak Naik,52,3,1
2756,2379,Sunil Shetty,55,3,0
2757,2380,Imran Jain,52,3,1
2758,2382,Ananya Sharma,51,2,0
2759,2382,Kiran Bhat,69,3,0
2760,2383,Nandini Sharma,22,3,0
2761,2384,Arun Reddy,35,1,0
2762,2384,Rahul Desai,54,2,0
2763,2386,Kavya Sharma,19,1,0
2764,2387,Imran Nayak,79,3,0
2765,2388,Farhan Jain,24,3,0
2766,2389,Prakash Bhat,53,3,1
2767,2390,Priya Mulla,69,1,0
2768,2391,Ravi Rao,12,2,0
2769,2391,Meera Khan,26,2,0
2770,2392,Sunil Gowda,19,1,1
2771,2393,Deepak Khan,48,1,0
2772,2393,Shankar Sharma,8,2,0
2773,2393,Meera Mulla,32,3,0
2774,2394,Neha Joshi,47,3,1
2775,2395,Imran Naik,17,1,0
2776,2397,Anil Nayak,35,1,0
2777,2397,Anil Kumar,7,2,0
2778,2398,Prakash Gowda,26,2,0
2779,2399,Manoj Shetty,32,1,0
2780,2399,Deepak Gowda,28,1,0
2781,2400,Manoj Joshi,71,1,0
2782,2401,Deepak Patil,27,2,0
2783,2402,Pooja Shetty,53,1,0
2784,2403,Neha Patil,22,2,1
2785,2404,Nandini Desai,17,3,0
2786,2405,Kavya Desai,25,3,0
2787,2406,Rahul Rao,77,1,0
2788,2406,Prakash Rao,77,3,0
2789,2407,Ananya Jain,74,3,0
2790,2408,Kiran Bhat,50,3,1
2791,2409,Shankar Nayak,55,3,1
2792,2410,Deepak Naik,75,2,0
2793,2411,Sunil Mulla,37,2,0
2794,2411,Priya Pujari,23,2,0
2795,2412,Shreya Joshi,5,2,0
2796,2414,Ajay Kumar,63,1,0
2797,2415,Imran Kulkarni,31,1,0
2798,2416,Imran Hegde,28,3,0
2799,2416,Lakshmi Sharma,73,3,1
2800,2417,Manoj Sharma,68,2,0
2801,2417,Rahul Mulla,8,3,0
2802,2418,Sunil Patil,46,3,0
2803,2419,Shankar Khan,47,2,0
2804,2420,Sunil Kumar,53,1,1
2805,2421,Anil Shetty,51,3,1
2806,2422,Sunil Shetty,52,2,0
2807,2423,Ravi Mulla,7,3,0
2808,2424,Nandini Patil,8,3,0
2809,2425,Priya Joshi,8,2,0
2810,2426,Shreya Naik,32,2,0
2811,2427,Deepak Kumar,54,2,0
2812,2428,Kavya Reddy,55,2,1
2813,2429,Meera Khan,33,2,0
2814,2430,Divya Kulkarni,40,2,1
2815,2430,Shankar Pujari,75,3,1
2816,2431,Asha Naik,36,1,1
2817,2432,Prakash Joshi,20,3,0
2818,2433,Manoj Joshi,13,2,1
2819,2434,Neha Desai,26,2,0
2820,2434,Rahul Gowda,64,1,0
2821,2435,Sunil Patil,16,2,0
2822,2435,Priya Bhat,36,2,1
2823,2436,Sunil Bhat,20,1,0
2824,2437,Naveen Patil,46,2,1
2825,2437,Sneha Sharma,21,1,0
2826,2438,Shreya Bhat,40,3,0
2827,2439,Prakash Jain,55,2,0
2828,2440,Naveen Patil,78,2,1
2829,2441,Asha Reddy,28,3,0
2830,2442,Sneha Kulkarni,36,1,0
2831,2442,Shreya Khan,21,3,0
2832,2443,Sneha Naik,66,3,0
2833,2444,Rahul Patil,65,3,0
2834,2444,Deepak Jain,72,3,1
2835,2445,Vijay Nayak,60,3,1
2836,2447,Deepak Nayak,9,3,0
2837,2449,Anil Reddy,70,2,0
2838,2450,Sneha Sharma,7,2,0
2839,2450,Deepak Reddy,71,2,0
2840,2451,Meera Pujari,69,2,0
2841,2451,Kavya Jain,67,1,0
2842,2452,Manoj Rao,23,1,0
2843,2453,Deepak Rao,6,2,0
2844,2454,Lakshmi Pujari,68,2,0
2845,2455,Ananya Gowda,44,1,0
2846,2456,Prakash Gowda,63,2,0
2847,2457,Rahul Kumar,60,2,1
2848,2458,Mahesh Sharma,28,3,0
2849,2459,Suresh Pujari,64,2,0
2850,2460,Kiran Gowda,27,1,1
2851,2460,Priya Shetty,35,2,0
2852,2461,Vijay Naik,37,3,0
2853,2462,Asha Naik,10,3,0
2854,2463,Shreya Kumar,60,1,1
2855,2463,Suresh Jain,6,3,0
2856,2464,Vijay Desai,61,1,1
2857,2465,Kavya Bhat,46,3,0
2858,2467,Meera Sharma,54,2,1
2859,2468,Prakash Joshi,61,3,0
2860,2469,Priya Kumar,51,1,1
2861,2470,Priya Patil,30,2,0
2862,2471,Suresh Desai,18,3,0
2863,2472,Neha Joshi,33,1,0
2864,2473,Ananya Bhat,74,1,0
2865,2473,Kiran Khan,73,3,0
2866,2474,Shankar Shetty,79,3,0
2867,2475,Sunil Shetty,18,3,0
2868,2476,Neha Reddy,70,2,0
2869,2477,Kiran Mulla,26,1,0
2870,2478,Sneha Kumar,34,2,0
2871,2479,Mahesh Kulkarni,44,1,0
2872,2482,Priya Kulkarni,60,1,0
2873,2483,Imran Mulla,57,1,0
2874,2484,Imran Kumar,47,3,1
2875,2485,Neha Shetty,72,3,0
2876,2486,Anil Nayak,59,3,0
2877,2487,Kiran Desai,70,2,1
2878,2487,Meera Jain,31,1,0
2879,2489,Ravi Nayak,57,3,1
2880,2490,Vijay Jain,79,2,1
2881,2491,Imran Joshi,38,2,0
2882,2492,Imran Nayak,63,1,0
2883,2493,Pooja Kulkarni,44,3,1
2884,2494,Ravi Kulkarni,76,3,0
2885,2495,Naveen Sharma,49,3,0
2886,2496,Meera Kumar,55,3,1
2887,2497,Neha Bhat,20,1,1
2888,2498,Suresh Shetty,10,1,0
2889,2499,Imran Pujari,19,1,0
2890,2499,Shreya Desai,9,1,0
2891,2500,Shankar Nayak,18,2,0
